tx_id,score,amount,time
541,0.8,0.0,406.0
623,0.6,529.0,472.0
4920,0.72,239.93,4462.0
6329,0.77,1.0,7519.0
6338,0.98,1.0,7551.0
6427,0.99,1.0,7610.0
6529,0.99,1.0,7891.0
6719,0.97,1.0,8415.0
6882,0.93,1.1,8808.0
6971,0.82,1809.68,9064.0
6331,0.965,1.0,7526.0
6717,0.975,1.0,8408.0
6734,0.985,1.0,8451.0
6820,1.0,1.0,8614.0
6870,1.0,1.0,8757.0
6899,1.0,1.0,8878.0
6903,1.0,1.0,8886.0
6108,0.905,59.0,6986.0
6334,0.97,1.0,7535.0
6336,0.98,1.0,7543.0
6446,0.98,1.0,7672.0
6472,0.945,1.0,7740.0
6609,0.965,1.0,8090.0
6641,0.945,1.0,8169.0
6774,0.985,1.0,8528.0
8972,0.78,179.66,12393.0
8312,0.95,1.0,11092.0
8615,0.975,1.0,11629.0
8842,0.995,0.0,12093.0
8296,0.925,1.0,11080.0
8335,0.94,1.0,11131.0
8617,0.865,1.0,11635.0
8845,0.985,30.39,12095.0
9035,1.0,1.0,12597.0
9179,0.985,1.0,13126.0
9252,0.955,1.0,13323.0
10497,0.645,3.79,17220.0
10568,0.965,1.0,17520.0
10630,0.99,766.36,17838.0
10690,0.88,1218.89,18088.0
10801,0.985,1.0,18399.0
10891,0.945,188.78,18675.0
10204,0.8,11.39,15817.0
10897,1.0,1.0,18690.0
9487,0.99,1.0,14073.0
9509,0.995,1.0,14152.0
10484,0.605,3.79,17187.0
10498,0.645,3.93,17230.0
11710,1.0,1.0,20011.0
11880,0.995,1.0,20451.0
12070,0.995,1.0,20931.0
11343,0.995,1.0,19762.0
12261,0.99,1.0,21419.0
12369,0.96,1.0,21662.0
11841,0.995,1.0,20332.0
12108,0.995,1.0,21046.0
14170,0.795,99.99,25198.0
14197,0.885,99.99,25231.0
14211,0.93,99.99,25254.0
15451,0.995,99.99,26833.0
15506,1.0,99.99,26899.0
15566,1.0,99.99,26961.0
15751,1.0,99.99,27187.0
14104,0.77,3.12,25095.0
14338,0.665,3.76,25426.0
15204,0.965,99.99,26556.0
15225,0.995,99.99,26585.0
15539,1.0,99.99,26931.0
15736,1.0,99.99,27163.0
15810,0.955,99.99,27252.0
16415,0.975,23.36,27784.0
15166,0.96,99.99,26523.0
15476,1.0,99.99,26863.0
15781,0.99,99.99,27219.0
16110,0.31,1.0,27524.0
541,0.8,0.0,406.0
623,0.6,529.0,472.0
4920,0.72,239.93,4462.0
6108,0.905,59.0,6986.0
6334,0.97,1.0,7535.0
6336,0.98,1.0,7543.0
6446,0.98,1.0,7672.0
6472,0.945,1.0,7740.0
6609,0.965,1.0,8090.0
6641,0.945,1.0,8169.0
6774,0.985,1.0,8528.0
6331,0.965,1.0,7526.0
6717,0.975,1.0,8408.0
6734,0.985,1.0,8451.0
6820,1.0,1.0,8614.0
6870,1.0,1.0,8757.0
6899,1.0,1.0,8878.0
6903,1.0,1.0,8886.0
6329,0.77,1.0,7519.0
6338,0.98,1.0,7551.0
6427,0.99,1.0,7610.0
6529,0.99,1.0,7891.0
6719,0.97,1.0,8415.0
6882,0.93,1.1,8808.0
6971,0.82,1809.68,9064.0
541,0.8,0.0,406.0
623,0.6,529.0,472.0
4920,0.72,239.93,4462.0
6108,0.905,59.0,6986.0
6334,0.97,1.0,7535.0
6336,0.98,1.0,7543.0
6446,0.98,1.0,7672.0
6472,0.945,1.0,7740.0
6609,0.965,1.0,8090.0
6641,0.945,1.0,8169.0
6774,0.985,1.0,8528.0
6331,0.965,1.0,7526.0
6717,0.975,1.0,8408.0
6734,0.985,1.0,8451.0
6820,1.0,1.0,8614.0
6870,1.0,1.0,8757.0
6899,1.0,1.0,8878.0
6903,1.0,1.0,8886.0
6329,0.77,1.0,7519.0
6338,0.98,1.0,7551.0
6427,0.99,1.0,7610.0
6529,0.99,1.0,7891.0
6719,0.97,1.0,8415.0
6882,0.93,1.1,8808.0
6971,0.82,1809.68,9064.0
8296,0.925,1.0,11080.0
8335,0.94,1.0,11131.0
8617,0.865,1.0,11635.0
8845,0.985,30.39,12095.0
9487,0.99,1.0,14073.0
9509,0.995,1.0,14152.0
10484,0.605,3.79,17187.0
10498,0.645,3.93,17230.0
8312,0.95,1.0,11092.0
8615,0.975,1.0,11629.0
8842,0.995,0.0,12093.0
10204,0.8,11.39,15817.0
10897,1.0,1.0,18690.0
8972,0.78,179.66,12393.0
9035,1.0,1.0,12597.0
9179,0.985,1.0,13126.0
9252,0.955,1.0,13323.0
10497,0.645,3.79,17220.0
10568,0.965,1.0,17520.0
10630,0.99,766.36,17838.0
10690,0.88,1218.89,18088.0
10801,0.985,1.0,18399.0
10891,0.945,188.78,18675.0
541,0.8,0.0,406.0
623,0.6,529.0,472.0
4920,0.72,239.93,4462.0
6108,0.905,59.0,6986.0
6334,0.97,1.0,7535.0
6336,0.98,1.0,7543.0
6446,0.98,1.0,7672.0
6472,0.945,1.0,7740.0
6609,0.965,1.0,8090.0
6641,0.945,1.0,8169.0
6774,0.985,1.0,8528.0
6331,0.965,1.0,7526.0
6717,0.975,1.0,8408.0
6734,0.985,1.0,8451.0
6820,1.0,1.0,8614.0
6870,1.0,1.0,8757.0
6899,1.0,1.0,8878.0
6903,1.0,1.0,8886.0
6329,0.77,1.0,7519.0
6338,0.98,1.0,7551.0
6427,0.99,1.0,7610.0
6529,0.99,1.0,7891.0
6719,0.97,1.0,8415.0
6882,0.93,1.1,8808.0
6971,0.82,1809.68,9064.0
8296,0.925,1.0,11080.0
8335,0.94,1.0,11131.0
8617,0.865,1.0,11635.0
8845,0.985,30.39,12095.0
9487,0.99,1.0,14073.0
9509,0.995,1.0,14152.0
10484,0.605,3.79,17187.0
10498,0.645,3.93,17230.0
8312,0.95,1.0,11092.0
8615,0.975,1.0,11629.0
8842,0.995,0.0,12093.0
10204,0.8,11.39,15817.0
10897,1.0,1.0,18690.0
8972,0.78,179.66,12393.0
9035,1.0,1.0,12597.0
9179,0.985,1.0,13126.0
9252,0.955,1.0,13323.0
10497,0.645,3.79,17220.0
10568,0.965,1.0,17520.0
10630,0.99,766.36,17838.0
10690,0.88,1218.89,18088.0
10801,0.985,1.0,18399.0
10891,0.945,188.78,18675.0
11841,0.995,1.0,20332.0
12108,0.995,1.0,21046.0
11343,0.995,1.0,19762.0
12261,0.99,1.0,21419.0
12369,0.96,1.0,21662.0
14104,0.77,3.12,25095.0
14338,0.665,3.76,25426.0
11710,1.0,1.0,20011.0
11880,0.995,1.0,20451.0
12070,0.995,1.0,20931.0
14170,0.795,99.99,25198.0
14197,0.885,99.99,25231.0
14211,0.93,99.99,25254.0
15166,0.96,99.99,26523.0
15476,1.0,99.99,26863.0
15781,0.99,99.99,27219.0
16110,0.31,1.0,27524.0
16780,0.945,99.99,28143.0
16851,0.24,1.0,28233.0
17453,0.945,99.99,28726.0
14920,0.275,1.0,26217.0
15204,0.965,99.99,26556.0
15225,0.995,99.99,26585.0
15539,1.0,99.99,26931.0
15736,1.0,99.99,27163.0
15810,0.955,99.99,27252.0
16415,0.975,23.36,27784.0
16863,0.86,730.86,28242.0
15451,0.995,99.99,26833.0
15506,1.0,99.99,26899.0
15566,1.0,99.99,26961.0
15751,1.0,99.99,27187.0
17317,0.985,99.99,28625.0
17366,0.99,99.99,28658.0
17407,0.97,99.99,28692.0
17480,0.84,99.99,28755.0
18466,0.78,0.68,29526.0
18773,0.97,0.68,29753.0
623,0.6,529.0,472.0
18472,0.825,0.68,29531.0
18809,0.87,30.3,29785.0
541,0.8,0.0,406.0
6334,0.97,1.0,7535.0
6336,0.98,1.0,7543.0
6338,0.98,1.0,7551.0
6609,0.965,1.0,8090.0
6641,0.945,1.0,8169.0
6717,0.975,1.0,8408.0
6734,0.985,1.0,8451.0
6820,1.0,1.0,8614.0
4920,0.72,239.93,4462.0
6329,0.77,1.0,7519.0
6331,0.965,1.0,7526.0
6427,0.99,1.0,7610.0
6446,0.98,1.0,7672.0
6472,0.945,1.0,7740.0
6870,1.0,1.0,8757.0
6899,1.0,1.0,8878.0
6903,1.0,1.0,8886.0
6971,0.82,1809.68,9064.0
541,0.8,0.0,406.0
6108,0.905,59.0,6986.0
6529,0.99,1.0,7891.0
6719,0.97,1.0,8415.0
6774,0.985,1.0,8528.0
6882,0.93,1.1,8808.0
623,0.6,529.0,472.0
6108,0.905,59.0,6986.0
6329,0.77,1.0,7519.0
6338,0.98,1.0,7551.0
6427,0.99,1.0,7610.0
6446,0.98,1.0,7672.0
6472,0.945,1.0,7740.0
6641,0.945,1.0,8169.0
6734,0.985,1.0,8451.0
6870,1.0,1.0,8757.0
6899,1.0,1.0,8878.0
8335,0.94,1.0,11131.0
8617,0.865,1.0,11635.0
8845,0.985,30.39,12095.0
9035,1.0,1.0,12597.0
4920,0.72,239.93,4462.0
10484,0.605,3.79,17187.0
10498,0.645,3.93,17230.0
10568,0.965,1.0,17520.0
12261,0.99,1.0,21419.0
6331,0.965,1.0,7526.0
6717,0.975,1.0,8408.0
6774,0.985,1.0,8528.0
6820,1.0,1.0,8614.0
6882,0.93,1.1,8808.0
8312,0.95,1.0,11092.0
6334,0.97,1.0,7535.0
6336,0.98,1.0,7543.0
6529,0.99,1.0,7891.0
6609,0.965,1.0,8090.0
6719,0.97,1.0,8415.0
6903,1.0,1.0,8886.0
6971,0.82,1809.68,9064.0
8296,0.925,1.0,11080.0
8615,0.975,1.0,11629.0
14170,0.795,99.99,25198.0
14211,0.93,99.99,25254.0
14338,0.665,3.76,25426.0
8842,0.995,0.0,12093.0
9487,0.99,1.0,14073.0
10497,0.645,3.79,17220.0
10801,0.985,1.0,18399.0
10897,1.0,1.0,18690.0
11343,0.995,1.0,19762.0
11710,1.0,1.0,20011.0
12108,0.995,1.0,21046.0
8972,0.78,179.66,12393.0
9179,0.985,1.0,13126.0
9252,0.955,1.0,13323.0
9509,0.995,1.0,14152.0
10204,0.8,11.39,15817.0
10630,0.99,766.36,17838.0
10690,0.88,1218.89,18088.0
10891,0.945,188.78,18675.0
11841,0.995,1.0,20332.0
11880,0.995,1.0,20451.0
12070,0.995,1.0,20931.0
12369,0.96,1.0,21662.0
4920,0.72,239.93,4462.0
541,0.8,0.0,406.0
14104,0.77,3.12,25095.0
14197,0.885,99.99,25231.0
623,0.6,529.0,472.0
6331,0.965,1.0,7526.0
6427,0.99,1.0,7610.0
6609,0.965,1.0,8090.0
6641,0.945,1.0,8169.0
6820,1.0,1.0,8614.0
6882,0.93,1.1,8808.0
6903,1.0,1.0,8886.0
8335,0.94,1.0,11131.0
8842,0.995,0.0,12093.0
8972,0.78,179.66,12393.0
9035,1.0,1.0,12597.0
9179,0.985,1.0,13126.0
9487,0.99,1.0,14073.0
10630,0.99,766.36,17838.0
10801,0.985,1.0,18399.0
10891,0.945,188.78,18675.0
11343,0.995,1.0,19762.0
11841,0.995,1.0,20332.0
11880,0.995,1.0,20451.0
12261,0.99,1.0,21419.0
15451,0.995,99.99,26833.0
15539,1.0,99.99,26931.0
15566,1.0,99.99,26961.0
15736,1.0,99.99,27163.0
15810,0.955,99.99,27252.0
16110,0.31,1.0,27524.0
6329,0.77,1.0,7519.0
6334,0.97,1.0,7535.0
6336,0.98,1.0,7543.0
6108,0.905,59.0,6986.0
6338,0.98,1.0,7551.0
6446,0.98,1.0,7672.0
6472,0.945,1.0,7740.0
6529,0.99,1.0,7891.0
6717,0.975,1.0,8408.0
6719,0.97,1.0,8415.0
6734,0.985,1.0,8451.0
6774,0.985,1.0,8528.0
6870,1.0,1.0,8757.0
6899,1.0,1.0,8878.0
6971,0.82,1809.68,9064.0
8296,0.925,1.0,11080.0
8312,0.95,1.0,11092.0
8615,0.975,1.0,11629.0
8617,0.865,1.0,11635.0
8845,0.985,30.39,12095.0
16780,0.945,99.99,28143.0
16863,0.86,730.86,28242.0
17317,0.985,99.99,28625.0
17366,0.99,99.99,28658.0
18809,0.87,30.3,29785.0
10204,0.8,11.39,15817.0
10897,1.0,1.0,18690.0
9252,0.955,1.0,13323.0
9509,0.995,1.0,14152.0
10484,0.605,3.79,17187.0
10497,0.645,3.79,17220.0
10498,0.645,3.93,17230.0
10568,0.965,1.0,17520.0
10690,0.88,1218.89,18088.0
11710,1.0,1.0,20011.0
12070,0.995,1.0,20931.0
12108,0.995,1.0,21046.0
12369,0.96,1.0,21662.0
23308,0.97,0.0,32686.0
14104,0.77,3.12,25095.0
14197,0.885,99.99,25231.0
14338,0.665,3.76,25426.0
14920,0.275,1.0,26217.0
15204,0.965,99.99,26556.0
15506,1.0,99.99,26899.0
15781,0.99,99.99,27219.0
14170,0.795,99.99,25198.0
14211,0.93,99.99,25254.0
15166,0.96,99.99,26523.0
15225,0.995,99.99,26585.0
15476,1.0,99.99,26863.0
15751,1.0,99.99,27187.0
27362,0.675,1.52,34521.0
16415,0.975,23.36,27784.0
16851,0.24,1.0,28233.0
17453,0.945,99.99,28726.0
17480,0.84,99.99,28755.0
18472,0.825,0.68,29531.0
17407,0.97,99.99,28692.0
18466,0.78,0.68,29526.0
18773,0.97,0.68,29753.0
27738,0.955,125.3,34684.0
27749,0.97,19.02,34687.0
29687,0.645,0.76,35585.0
30384,0.97,1.0,35899.0
30473,0.975,14.46,35942.0
31002,0.99,111.7,36170.0
20198,0.75,104.81,30852.0
33276,0.795,12.31,37167.0
23422,0.865,717.15,32745.0
26802,0.9,19.02,34256.0
41569,0.875,1.0,40742.0
27627,0.985,18.96,34634.0
30100,0.98,60.6,35771.0
30398,0.95,9.13,35906.0
30442,0.995,4.56,35926.0
28976,0.275,2.69,35261.0
30314,0.98,7.61,35866.0
42549,0.98,88.23,41147.0
42635,1.0,11.38,41181.0
42756,0.99,0.0,41233.0
42856,0.965,173.07,41273.0
42936,0.995,59.68,41305.0
42958,0.955,9.99,41313.0
43061,0.975,34.12,41353.0
43681,1.0,53.95,41607.0
30496,0.975,111.7,35953.0
46918,0.98,648.0,42988.0
40085,0.755,1.0,40086.0
41395,0.905,1.0,40662.0
39183,0.675,776.83,39729.0
40525,0.855,1.0,40276.0
41943,0.84,0.76,40892.0
42007,0.985,0.76,40918.0
55401,0.64,1.0,46925.0
56703,0.58,0.76,47545.0
42009,0.99,112.33,40919.0
42473,0.995,3.79,41116.0
42528,0.965,340.11,41138.0
42590,0.945,5.3,41164.0
42609,0.995,83.38,41170.0
42674,0.99,1.52,41194.0
42700,0.99,30.26,41204.0
42741,0.955,459.07,41227.0
43428,0.96,364.19,41505.0
43624,0.85,39.45,41582.0
44091,0.775,99.99,41791.0
44223,0.995,139.9,41851.0
44556,0.975,1.0,41991.0
42696,1.0,88.23,41203.0
42769,1.0,118.3,41237.0
42784,0.99,45.49,41243.0
42887,0.995,37.32,41285.0
42945,1.0,0.76,41308.0
43160,0.995,273.01,41397.0
43204,0.99,106.55,41413.0
43773,0.98,172.32,41646.0
44001,0.915,802.52,41743.0
44270,1.0,1.0,41870.0
45203,0.95,1.0,42247.0
57248,0.595,7.58,47826.0
45732,0.935,1.0,42474.0
46998,0.925,204.27,43028.0
48094,0.785,24.9,43494.0
46909,0.965,1.0,42985.0
47802,0.95,88.0,43369.0
61787,0.925,360.0,49985.0
63421,0.94,99.99,50706.0
50211,0.98,1.0,44393.0
50537,0.585,1.0,44532.0
52521,0.61,105.99,45501.0
64411,0.99,99.99,51135.0
52466,0.965,1.0,45463.0
52584,0.985,1.0,45541.0
53591,0.96,1.0,46057.0
53794,0.99,1.0,46149.0
69498,0.975,8.0,53451.0
69980,0.87,0.0,53658.0
57470,0.98,0.76,47923.0
58422,0.64,208.58,48380.0
58761,0.665,1.0,48533.0
57615,0.965,0.76,47982.0
59539,0.915,19.73,48884.0
74496,1.0,0.83,55614.0
61966,0.265,1.0,50067.0
63634,0.93,99.99,50808.0
76609,1.0,7.52,56650.0
64460,0.975,99.99,51155.0
64329,0.99,99.99,51112.0
79525,0.975,1.0,58060.0
68067,0.585,519.9,52814.0
68633,0.645,1.18,53076.0
70141,0.925,112.45,53727.0
68320,0.635,0.76,52934.0
68522,0.965,0.76,53031.0
70589,0.765,261.87,53937.0
82400,0.86,18.98,59385.0
83297,0.73,319.2,59777.0
72757,0.62,1.79,54846.0
73784,0.955,1.0,55279.0
73857,0.995,0.83,55311.0
74794,0.58,311.91,55760.0
74507,0.995,130.44,55618.0
76555,1.0,153.46,56624.0
77099,0.99,5.0,56887.0
77348,0.98,0.01,57007.0
75511,0.975,170.92,56098.0
76929,0.99,1.0,56806.0
77387,0.98,444.17,57027.0
77682,0.985,1.0,57163.0
91671,0.645,290.18,63578.0
92777,0.97,294.9,64093.0
93424,0.965,1.0,64412.0
79883,0.965,270.0,58222.0
79536,0.815,1.0,58067.0
79835,0.99,1.75,58199.0
79874,0.66,5.09,58217.0
80760,0.975,113.92,58642.0
81186,0.99,45.64,58822.0
93788,0.72,0.0,64585.0
94218,0.885,720.38,64785.0
95534,0.635,31.91,65358.0
95597,0.905,1354.25,65385.0
96341,0.59,98.01,65728.0
96994,0.995,7.53,66037.0
81609,0.95,1389.56,59011.0
83417,0.94,5.91,59840.0
83053,0.995,6.27,59669.0
84543,0.925,454.82,60353.0
86155,0.91,101.5,61108.0
87354,0.635,19.04,61646.0
88258,0.975,6.62,62059.0
88307,0.955,180.0,62080.0
88876,0.935,1.0,62330.0
102443,1.0,1.0,68207.0
105178,0.785,1.0,69394.0
106679,0.955,227.3,70071.0
106998,0.985,3.79,70229.0
88897,0.96,1.1,62341.0
89190,0.915,1402.16,62467.0
108708,0.955,426.4,71033.0
93486,0.745,0.0,64443.0
111690,0.955,238.9,72327.0
114271,0.935,16.48,73408.0
99506,0.955,489.71,67150.0
96789,0.855,101.5,65936.0
117974,0.315,12.01,74895.0
101509,0.68,320.0,67857.0
102441,1.0,1.0,68207.0
102442,1.0,1.0,68207.0
102445,1.0,1.0,68207.0
102446,1.0,1.0,68207.0
100623,0.64,549.06,67571.0
102444,1.0,1.0,68207.0
102782,0.62,19.59,68357.0
107067,0.96,318.11,70270.0
107637,0.915,824.83,70536.0
123141,0.955,254.76,76826.0
123201,0.885,1.0,76845.0
123301,0.725,1.0,76876.0
125342,0.97,106.9,77627.0
108258,0.655,0.76,70828.0
128479,0.81,60.0,78725.0
112840,0.685,45.03,72824.0
118308,0.61,30.14,75033.0
116139,0.93,76.94,74159.0
116404,0.88,311.28,74262.0
140786,0.965,1.0,83934.0
119714,0.59,29.95,75556.0
120505,0.98,99.85,75851.0
120837,0.99,99.9,75978.0
119781,0.91,124.53,75581.0
120085,0.34,109.9,75706.0
141257,0.99,0.0,84204.0
141259,0.985,512.25,84204.0
142557,0.615,354.33,84789.0
143188,0.92,2.0,85181.0
143728,0.97,1.0,85573.0
144108,0.98,310.42,85867.0
122479,0.975,219.8,76575.0
123238,0.87,1.0,76857.0
124115,0.89,1.0,77182.0
124176,0.695,1.0,77202.0
123270,0.825,1.0,76867.0
124036,0.6,129.0,77154.0
124087,0.875,1.0,77171.0
149522,0.93,52.69,91407.0
149577,0.675,1.0,91502.0
149587,0.665,1.0,91524.0
150601,0.85,1.0,93742.0
150647,0.99,8.54,93824.0
150660,0.99,44.9,93853.0
150663,0.995,316.06,93853.0
150665,0.965,209.65,93856.0
150666,0.995,78.0,93860.0
150678,1.0,30.31,93879.0
150692,0.985,37.93,93904.0
150697,0.99,97.0,93920.0
151008,1.0,1.0,94362.0
151009,1.0,1.0,94362.0
151196,0.69,571.48,94952.0
151519,0.995,1.63,95628.0
131272,0.65,0.2,79540.0
151730,0.78,18.96,96135.0
153823,1.0,2.28,100223.0
154587,0.935,0.0,102114.0
154684,0.825,0.01,102572.0
154718,0.995,0.0,102669.0
154960,0.85,2.27,103808.0
135718,0.9,7.57,81372.0
157585,0.66,1.0,110087.0
137705,0.84,1.0,82289.0
141258,0.99,0.0,84204.0
141260,0.985,512.25,84204.0
143333,1.0,0.0,85285.0
143336,0.99,252.92,85285.0
143731,0.99,240.77,85576.0
142405,0.95,12.31,84694.0
143334,1.0,0.0,85285.0
143335,0.99,252.92,85285.0
163149,0.98,17.06,115691.0
163586,0.98,65.0,116067.0
163769,0.295,19.99,116195.0
145800,0.66,451.27,87202.0
147548,0.92,1.18,88672.0
144104,0.99,1.0,85864.0
144754,0.605,323.77,86376.0
146790,0.67,829.41,87883.0
147605,0.69,9.21,88737.0
149145,0.61,6.99,90676.0
149773,0.28,1.0,91898.0
149874,0.935,600.73,92102.0
150644,0.955,75.86,93823.0
150677,1.0,30.31,93879.0
150679,0.96,104.03,93879.0
150680,0.96,104.03,93879.0
150687,1.0,1.0,93897.0
150925,0.98,45.48,94141.0
151006,1.0,1.0,94362.0
149357,0.82,38.76,91075.0
149600,0.845,261.22,91554.0
149869,0.9,18.0,92092.0
150654,0.98,0.01,93834.0
150661,0.99,44.9,93853.0
150662,0.995,316.06,93853.0
150667,0.995,78.0,93860.0
150668,1.0,188.52,93860.0
150669,1.0,188.52,93860.0
150684,0.98,1.0,93888.0
150715,1.0,11.4,93965.0
151007,1.0,1.0,94362.0
151011,1.0,1.0,94364.0
151103,0.61,33.76,94625.0
151462,0.995,1.63,95559.0
152019,0.765,1.0,96717.0
152223,1.0,8.64,97121.0
152295,0.99,9.82,97235.0
154371,0.945,2.28,101313.0
154668,0.975,0.0,102480.0
154719,0.985,0.0,102671.0
151807,0.93,33.59,96291.0
153835,0.965,1.0,100298.0
153885,0.84,0.76,100501.0
154234,0.915,1.0,100924.0
154286,0.615,0.92,101051.0
154454,0.96,147.87,101597.0
154633,0.83,22.04,102318.0
154670,0.95,104.0,102489.0
154676,0.99,2.28,102542.0
154693,0.99,1.0,102619.0
154694,0.98,346.94,102622.0
154697,0.98,7.59,102625.0
154720,0.96,119.74,102676.0
154877,0.265,1.52,103455.0
156990,0.98,186.13,109298.0
157868,0.97,0.76,110547.0
157918,0.59,635.1,110617.0
156988,0.99,0.0,109297.0
157871,0.96,80.22,110552.0
177195,0.95,11.0,123078.0
184379,0.855,25.0,126219.0
167184,0.89,105.89,118532.0
167305,0.865,105.89,118603.0
190041,0.39,0.76,128663.0
191074,0.615,720.8,129095.0
172787,0.99,144.62,121238.0
192382,0.97,2.0,129668.0
192687,0.655,276.17,129808.0
176049,0.66,2125.87,122608.0
197586,0.585,480.72,132086.0
198868,0.775,1.0,132688.0
201098,0.995,0.0,133731.0
178208,0.99,45.51,123525.0
203328,0.85,925.31,134769.0
204079,0.63,108.51,135102.0
204503,0.94,84.28,135314.0
182992,0.605,3.22,125612.0
181966,0.895,40.0,125200.0
183106,0.765,0.0,125658.0
212516,0.95,0.01,138894.0
189701,0.87,93.35,128519.0
189878,0.83,1.0,128595.0
190368,0.955,175.9,128803.0
191267,0.68,7.18,129186.0
191359,0.955,4.87,129222.0
189587,0.99,67.9,128471.0
190263,0.245,0.76,128759.0
214775,0.665,0.69,139816.0
215132,0.96,723.21,139951.0
215953,0.695,0.77,140293.0
191544,0.91,80.9,129308.0
191690,0.98,0.0,129371.0
192529,0.96,1.0,129741.0
192584,0.94,362.55,129764.0
218442,0.97,195.66,141320.0
195383,0.6,723.21,131024.0
222133,0.935,144.8,142840.0
226814,0.99,667.55,144808.0
226877,0.97,0.0,144839.0
199896,0.905,1335.0,133184.0
201601,0.98,130.21,133958.0
229730,0.75,2.22,146026.0
231978,0.595,8.0,146998.0
203700,0.92,0.0,134928.0
203324,0.955,1.0,134766.0
204064,0.945,345.0,135095.0
234574,0.98,0.0,148028.0
234632,0.98,1.59,148053.0
234633,0.98,1.59,148053.0
235634,0.96,0.76,148476.0
208651,0.985,39.45,137211.0
237107,0.98,0.0,149096.0
541,0.8,0.0,406.0
623,0.6,529.0,472.0
4920,0.72,239.93,4462.0
6108,0.905,59.0,6986.0
6334,0.97,1.0,7535.0
6336,0.98,1.0,7543.0
6446,0.98,1.0,7672.0
6472,0.945,1.0,7740.0
6609,0.965,1.0,8090.0
6641,0.945,1.0,8169.0
6774,0.985,1.0,8528.0
541,0.8,0.0,406.0
623,0.6,529.0,472.0
4920,0.72,239.93,4462.0
6108,0.905,59.0,6986.0
6334,0.97,1.0,7535.0
6336,0.98,1.0,7543.0
6446,0.98,1.0,7672.0
6472,0.945,1.0,7740.0
6609,0.965,1.0,8090.0
6641,0.945,1.0,8169.0
6774,0.985,1.0,8528.0
6331,0.965,1.0,7526.0
6717,0.975,1.0,8408.0
6734,0.985,1.0,8451.0
6820,1.0,1.0,8614.0
6870,1.0,1.0,8757.0
6899,1.0,1.0,8878.0
6903,1.0,1.0,8886.0
6329,0.77,1.0,7519.0
6338,0.98,1.0,7551.0
6427,0.99,1.0,7610.0
6529,0.99,1.0,7891.0
6719,0.97,1.0,8415.0
6882,0.93,1.1,8808.0
6971,0.82,1809.68,9064.0
8296,0.925,1.0,11080.0
8335,0.94,1.0,11131.0
8617,0.865,1.0,11635.0
8845,0.985,30.39,12095.0
9487,0.99,1.0,14073.0
9509,0.995,1.0,14152.0
10484,0.605,3.79,17187.0
10498,0.645,3.93,17230.0
8312,0.95,1.0,11092.0
8615,0.975,1.0,11629.0
8842,0.995,0.0,12093.0
10204,0.8,11.39,15817.0
10897,1.0,1.0,18690.0
8972,0.78,179.66,12393.0
9035,1.0,1.0,12597.0
9179,0.985,1.0,13126.0
9252,0.955,1.0,13323.0
10497,0.645,3.79,17220.0
10568,0.965,1.0,17520.0
10630,0.99,766.36,17838.0
10690,0.88,1218.89,18088.0
10801,0.985,1.0,18399.0
10891,0.945,188.78,18675.0
11841,0.995,1.0,20332.0
12108,0.995,1.0,21046.0
541,0.8,0.0,406.0
541,0.8,0.0,406.0
623,0.6,529.0,472.0
4920,0.72,239.93,4462.0
6108,0.905,59.0,6986.0
6334,0.97,1.0,7535.0
6336,0.98,1.0,7543.0
6446,0.98,1.0,7672.0
6472,0.945,1.0,7740.0
6609,0.965,1.0,8090.0
6641,0.945,1.0,8169.0
6774,0.985,1.0,8528.0
6331,0.965,1.0,7526.0
6717,0.975,1.0,8408.0
6734,0.985,1.0,8451.0
6820,1.0,1.0,8614.0
6870,1.0,1.0,8757.0
6899,1.0,1.0,8878.0
6903,1.0,1.0,8886.0
6329,0.77,1.0,7519.0
6338,0.98,1.0,7551.0
6427,0.99,1.0,7610.0
6529,0.99,1.0,7891.0
6719,0.97,1.0,8415.0
6882,0.93,1.1,8808.0
6971,0.82,1809.68,9064.0
8296,0.925,1.0,11080.0
8335,0.94,1.0,11131.0
8617,0.865,1.0,11635.0
8845,0.985,30.39,12095.0
9487,0.99,1.0,14073.0
9509,0.995,1.0,14152.0
10484,0.605,3.79,17187.0
10498,0.645,3.93,17230.0
8312,0.95,1.0,11092.0
8615,0.975,1.0,11629.0
8842,0.995,0.0,12093.0
10204,0.8,11.39,15817.0
10897,1.0,1.0,18690.0
8972,0.78,179.66,12393.0
9035,1.0,1.0,12597.0
9179,0.985,1.0,13126.0
9252,0.955,1.0,13323.0
10497,0.645,3.79,17220.0
10568,0.965,1.0,17520.0
10630,0.99,766.36,17838.0
10690,0.88,1218.89,18088.0
10801,0.985,1.0,18399.0
10891,0.945,188.78,18675.0
11841,0.995,1.0,20332.0
12108,0.995,1.0,21046.0
11343,0.995,1.0,19762.0
12261,0.99,1.0,21419.0
12369,0.96,1.0,21662.0
14104,0.77,3.12,25095.0
14338,0.665,3.76,25426.0
11710,1.0,1.0,20011.0
11880,0.995,1.0,20451.0
12070,0.995,1.0,20931.0
14170,0.795,99.99,25198.0
14197,0.885,99.99,25231.0
14211,0.93,99.99,25254.0
15166,0.96,99.99,26523.0
15476,1.0,99.99,26863.0
15781,0.99,99.99,27219.0
16110,0.31,1.0,27524.0
16780,0.945,99.99,28143.0
16851,0.24,1.0,28233.0
17453,0.945,99.99,28726.0
14920,0.275,1.0,26217.0
15204,0.965,99.99,26556.0
15225,0.995,99.99,26585.0
15539,1.0,99.99,26931.0
15736,1.0,99.99,27163.0
15810,0.955,99.99,27252.0
16415,0.975,23.36,27784.0
16863,0.86,730.86,28242.0
15451,0.995,99.99,26833.0
15506,1.0,99.99,26899.0
15566,1.0,99.99,26961.0
15751,1.0,99.99,27187.0
17317,0.985,99.99,28625.0
17366,0.99,99.99,28658.0
17407,0.97,99.99,28692.0
17480,0.84,99.99,28755.0
18466,0.78,0.68,29526.0
18773,0.97,0.68,29753.0
623,0.6,529.0,472.0
18472,0.825,0.68,29531.0
18809,0.87,30.3,29785.0
541,0.8,0.0,406.0
6334,0.97,1.0,7535.0
6336,0.98,1.0,7543.0
6338,0.98,1.0,7551.0
6609,0.965,1.0,8090.0
6641,0.945,1.0,8169.0
6717,0.975,1.0,8408.0
6734,0.985,1.0,8451.0
6820,1.0,1.0,8614.0
4920,0.72,239.93,4462.0
6329,0.77,1.0,7519.0
6331,0.965,1.0,7526.0
6427,0.99,1.0,7610.0
6446,0.98,1.0,7672.0
6472,0.945,1.0,7740.0
6870,1.0,1.0,8757.0
6899,1.0,1.0,8878.0
6903,1.0,1.0,8886.0
6971,0.82,1809.68,9064.0
541,0.8,0.0,406.0
6108,0.905,59.0,6986.0
6529,0.99,1.0,7891.0
6719,0.97,1.0,8415.0
6774,0.985,1.0,8528.0
6882,0.93,1.1,8808.0
623,0.6,529.0,472.0
6108,0.905,59.0,6986.0
6329,0.77,1.0,7519.0
6338,0.98,1.0,7551.0
6427,0.99,1.0,7610.0
6446,0.98,1.0,7672.0
6472,0.945,1.0,7740.0
6641,0.945,1.0,8169.0
6734,0.985,1.0,8451.0
6870,1.0,1.0,8757.0
6899,1.0,1.0,8878.0
8335,0.94,1.0,11131.0
8617,0.865,1.0,11635.0
8845,0.985,30.39,12095.0
9035,1.0,1.0,12597.0
4920,0.72,239.93,4462.0
10484,0.605,3.79,17187.0
10498,0.645,3.93,17230.0
10568,0.965,1.0,17520.0
12261,0.99,1.0,21419.0
6331,0.965,1.0,7526.0
6717,0.975,1.0,8408.0
6774,0.985,1.0,8528.0
6820,1.0,1.0,8614.0
6882,0.93,1.1,8808.0
8312,0.95,1.0,11092.0
6334,0.97,1.0,7535.0
6336,0.98,1.0,7543.0
6529,0.99,1.0,7891.0
6609,0.965,1.0,8090.0
6719,0.97,1.0,8415.0
6903,1.0,1.0,8886.0
6971,0.82,1809.68,9064.0
541,0.8,0.0,406.0
623,0.6,529.0,472.0
4920,0.72,239.93,4462.0
6108,0.905,59.0,6986.0
6334,0.97,1.0,7535.0
6336,0.98,1.0,7543.0
6446,0.98,1.0,7672.0
6472,0.945,1.0,7740.0
6609,0.965,1.0,8090.0
6641,0.945,1.0,8169.0
6774,0.985,1.0,8528.0
6331,0.965,1.0,7526.0
6717,0.975,1.0,8408.0
6734,0.985,1.0,8451.0
6820,1.0,1.0,8614.0
6870,1.0,1.0,8757.0
6899,1.0,1.0,8878.0
6903,1.0,1.0,8886.0
6329,0.77,1.0,7519.0
6338,0.98,1.0,7551.0
6427,0.99,1.0,7610.0
6529,0.99,1.0,7891.0
6719,0.97,1.0,8415.0
6882,0.93,1.1,8808.0
6971,0.82,1809.68,9064.0
8296,0.925,1.0,11080.0
8335,0.94,1.0,11131.0
8617,0.865,1.0,11635.0
8845,0.985,30.39,12095.0
9487,0.99,1.0,14073.0
9509,0.995,1.0,14152.0
541,0.8,0.0,406.0
623,0.6,529.0,472.0
4920,0.72,239.93,4462.0
6108,0.905,59.0,6986.0
6334,0.97,1.0,7535.0
6336,0.98,1.0,7543.0
6446,0.98,1.0,7672.0
6472,0.945,1.0,7740.0
6609,0.965,1.0,8090.0
6641,0.945,1.0,8169.0
6774,0.985,1.0,8528.0
8296,0.925,1.0,11080.0
8335,0.94,1.0,11131.0
8617,0.865,1.0,11635.0
8845,0.985,30.39,12095.0
9487,0.99,1.0,14073.0
9509,0.995,1.0,14152.0
10484,0.605,3.79,17187.0
10498,0.645,3.93,17230.0
6331,0.965,1.0,7526.0
6717,0.975,1.0,8408.0
6734,0.985,1.0,8451.0
6820,1.0,1.0,8614.0
6870,1.0,1.0,8757.0
6899,1.0,1.0,8878.0
6903,1.0,1.0,8886.0
6329,0.77,1.0,7519.0
6338,0.98,1.0,7551.0
6427,0.99,1.0,7610.0
6529,0.99,1.0,7891.0
6719,0.97,1.0,8415.0
6882,0.93,1.1,8808.0
6971,0.82,1809.68,9064.0
11841,0.995,1.0,20332.0
12108,0.995,1.0,21046.0
8312,0.95,1.0,11092.0
8615,0.975,1.0,11629.0
8842,0.995,0.0,12093.0
10204,0.8,11.39,15817.0
10897,1.0,1.0,18690.0
8972,0.78,179.66,12393.0
9035,1.0,1.0,12597.0
9179,0.985,1.0,13126.0
9252,0.955,1.0,13323.0
10497,0.645,3.79,17220.0
10568,0.965,1.0,17520.0
10630,0.99,766.36,17838.0
10690,0.88,1218.89,18088.0
10801,0.985,1.0,18399.0
10891,0.945,188.78,18675.0
15166,0.96,99.99,26523.0
15476,1.0,99.99,26863.0
15781,0.99,99.99,27219.0
16110,0.31,1.0,27524.0
16780,0.945,99.99,28143.0
16851,0.24,1.0,28233.0
17453,0.945,99.99,28726.0
11343,0.995,1.0,19762.0
12261,0.99,1.0,21419.0
12369,0.96,1.0,21662.0
14104,0.77,3.12,25095.0
14338,0.665,3.76,25426.0
11710,1.0,1.0,20011.0
11880,0.995,1.0,20451.0
12070,0.995,1.0,20931.0
14170,0.795,99.99,25198.0
14197,0.885,99.99,25231.0
14211,0.93,99.99,25254.0
18466,0.78,0.68,29526.0
18773,0.97,0.68,29753.0
14920,0.275,1.0,26217.0
15204,0.965,99.99,26556.0
15225,0.995,99.99,26585.0
15539,1.0,99.99,26931.0
15736,1.0,99.99,27163.0
15810,0.955,99.99,27252.0
16415,0.975,23.36,27784.0
16863,0.86,730.86,28242.0
15451,0.995,99.99,26833.0
15506,1.0,99.99,26899.0
15566,1.0,99.99,26961.0
15751,1.0,99.99,27187.0
17317,0.985,99.99,28625.0
17366,0.99,99.99,28658.0
17407,0.97,99.99,28692.0
17480,0.84,99.99,28755.0
623,0.6,529.0,472.0
18472,0.825,0.68,29531.0
18809,0.87,30.3,29785.0
541,0.8,0.0,406.0
6334,0.97,1.0,7535.0
6336,0.98,1.0,7543.0
6338,0.98,1.0,7551.0
6609,0.965,1.0,8090.0
6641,0.945,1.0,8169.0
6717,0.975,1.0,8408.0
6734,0.985,1.0,8451.0
6820,1.0,1.0,8614.0
4920,0.72,239.93,4462.0
6108,0.905,59.0,6986.0
6329,0.77,1.0,7519.0
6338,0.98,1.0,7551.0
6427,0.99,1.0,7610.0
6446,0.98,1.0,7672.0
6472,0.945,1.0,7740.0
6641,0.945,1.0,8169.0
6734,0.985,1.0,8451.0
6870,1.0,1.0,8757.0
6899,1.0,1.0,8878.0
8335,0.94,1.0,11131.0
8617,0.865,1.0,11635.0
8845,0.985,30.39,12095.0
9035,1.0,1.0,12597.0
6329,0.77,1.0,7519.0
6331,0.965,1.0,7526.0
6427,0.99,1.0,7610.0
6446,0.98,1.0,7672.0
6472,0.945,1.0,7740.0
6870,1.0,1.0,8757.0
6899,1.0,1.0,8878.0
6903,1.0,1.0,8886.0
6971,0.82,1809.68,9064.0
541,0.8,0.0,406.0
6108,0.905,59.0,6986.0
6529,0.99,1.0,7891.0
6719,0.97,1.0,8415.0
6774,0.985,1.0,8528.0
6882,0.93,1.1,8808.0
541,0.8,0.0,406.0,2025-08-10T18:45:32+00:00
623,0.6,529.0,472.0,2025-08-10T18:45:50+00:00
4920,0.72,239.93,4462.0,2025-08-10T18:46:28+00:00
6108,0.905,59.0,6986.0,2025-08-10T18:46:34+00:00
6334,0.97,1.0,7535.0,2025-08-10T18:46:35+00:00
6336,0.98,1.0,7543.0,2025-08-10T18:46:35+00:00
6446,0.98,1.0,7672.0,2025-08-10T18:46:35+00:00
6472,0.945,1.0,7740.0,2025-08-10T18:46:35+00:00
6609,0.965,1.0,8090.0,2025-08-10T18:46:36+00:00
6641,0.945,1.0,8169.0,2025-08-10T18:46:36+00:00
6774,0.985,1.0,8528.0,2025-08-10T18:46:37+00:00
6331,0.965,1.0,7526.0,2025-08-10T18:46:53+00:00
6717,0.975,1.0,8408.0,2025-08-10T18:46:54+00:00
6734,0.985,1.0,8451.0,2025-08-10T18:46:54+00:00
6820,1.0,1.0,8614.0,2025-08-10T18:46:55+00:00
6870,1.0,1.0,8757.0,2025-08-10T18:46:55+00:00
6899,1.0,1.0,8878.0,2025-08-10T18:46:55+00:00
6903,1.0,1.0,8886.0,2025-08-10T18:46:55+00:00
6329,0.77,1.0,7519.0,2025-08-10T18:47:09+00:00
6338,0.98,1.0,7551.0,2025-08-10T18:47:10+00:00
6427,0.99,1.0,7610.0,2025-08-10T18:47:10+00:00
6529,0.99,1.0,7891.0,2025-08-10T18:47:10+00:00
6719,0.97,1.0,8415.0,2025-08-10T18:47:11+00:00
6882,0.93,1.1,8808.0,2025-08-10T18:47:12+00:00
6971,0.82,1809.68,9064.0,2025-08-10T18:47:12+00:00
8296,0.925,1.0,11080.0,2025-08-10T18:47:19+00:00
8335,0.94,1.0,11131.0,2025-08-10T18:47:19+00:00
8617,0.865,1.0,11635.0,2025-08-10T18:47:21+00:00
8845,0.985,30.39,12095.0,2025-08-10T18:47:22+00:00
9487,0.99,1.0,14073.0,2025-08-10T18:47:24+00:00
9509,0.995,1.0,14152.0,2025-08-10T18:47:24+00:00
10484,0.605,3.79,17187.0,2025-08-10T18:47:29+00:00
10498,0.645,3.93,17230.0,2025-08-10T18:47:29+00:00
8312,0.95,1.0,11092.0,2025-08-10T18:47:36+00:00
8615,0.975,1.0,11629.0,2025-08-10T18:47:38+00:00
8842,0.995,0.0,12093.0,2025-08-10T18:47:39+00:00
10204,0.8,11.39,15817.0,2025-08-10T18:47:46+00:00
10897,1.0,1.0,18690.0,2025-08-10T18:47:50+00:00
8972,0.78,179.66,12393.0,2025-08-10T18:47:58+00:00
9035,1.0,1.0,12597.0,2025-08-10T18:47:58+00:00
9179,0.985,1.0,13126.0,2025-08-10T18:47:59+00:00
9252,0.955,1.0,13323.0,2025-08-10T18:47:59+00:00
10497,0.645,3.79,17220.0,2025-08-10T18:48:05+00:00
10568,0.965,1.0,17520.0,2025-08-10T18:48:05+00:00
10630,0.99,766.36,17838.0,2025-08-10T18:48:06+00:00
10690,0.88,1218.89,18088.0,2025-08-10T18:48:06+00:00
10801,0.985,1.0,18399.0,2025-08-10T18:48:06+00:00
10891,0.945,188.78,18675.0,2025-08-10T18:48:07+00:00
11841,0.995,1.0,20332.0,2025-08-10T18:48:11+00:00
12108,0.995,1.0,21046.0,2025-08-10T18:48:13+00:00
11343,0.995,1.0,19762.0,2025-08-10T18:48:28+00:00
12261,0.99,1.0,21419.0,2025-08-10T18:48:33+00:00
12369,0.96,1.0,21662.0,2025-08-10T18:48:34+00:00
14104,0.77,3.12,25095.0,2025-08-10T18:48:42+00:00
14338,0.665,3.76,25426.0,2025-08-10T18:48:44+00:00
11710,1.0,1.0,20011.0,2025-08-10T18:48:48+00:00
11880,0.995,1.0,20451.0,2025-08-10T18:48:49+00:00
12070,0.995,1.0,20931.0,2025-08-10T18:48:49+00:00
14170,0.795,99.99,25198.0,2025-08-10T18:49:02+00:00
14197,0.885,99.99,25231.0,2025-08-10T18:49:02+00:00
14211,0.93,99.99,25254.0,2025-08-10T18:49:02+00:00
15166,0.96,99.99,26523.0,2025-08-10T18:49:07+00:00
15476,1.0,99.99,26863.0,2025-08-10T18:49:08+00:00
15781,0.99,99.99,27219.0,2025-08-10T18:49:10+00:00
16110,0.31,1.0,27524.0,2025-08-10T18:49:11+00:00
16780,0.945,99.99,28143.0,2025-08-10T18:49:15+00:00
16851,0.24,1.0,28233.0,2025-08-10T18:49:15+00:00
17453,0.945,99.99,28726.0,2025-08-10T18:49:18+00:00
14920,0.275,1.0,26217.0,2025-08-10T18:49:24+00:00
15204,0.965,99.99,26556.0,2025-08-10T18:49:25+00:00
15225,0.995,99.99,26585.0,2025-08-10T18:49:25+00:00
15539,1.0,99.99,26931.0,2025-08-10T18:49:27+00:00
15736,1.0,99.99,27163.0,2025-08-10T18:49:27+00:00
15810,0.955,99.99,27252.0,2025-08-10T18:49:28+00:00
16415,0.975,23.36,27784.0,2025-08-10T18:49:31+00:00
16863,0.86,730.86,28242.0,2025-08-10T18:49:33+00:00
15451,0.995,99.99,26833.0,2025-08-10T18:49:43+00:00
15506,1.0,99.99,26899.0,2025-08-10T18:49:43+00:00
15566,1.0,99.99,26961.0,2025-08-10T18:49:43+00:00
15751,1.0,99.99,27187.0,2025-08-10T18:49:44+00:00
17317,0.985,99.99,28625.0,2025-08-10T18:49:52+00:00
17366,0.99,99.99,28658.0,2025-08-10T18:49:52+00:00
17407,0.97,99.99,28692.0,2025-08-10T18:49:52+00:00
17480,0.84,99.99,28755.0,2025-08-10T18:49:53+00:00
18466,0.78,0.68,29526.0,2025-08-10T18:49:58+00:00
18773,0.97,0.68,29753.0,2025-08-10T18:50:00+00:00
541,0.8,0.0,406.0,2025-08-10T18:50:50+00:00
623,0.6,529.0,472.0,2025-08-10T18:51:08+00:00
4920,0.72,239.93,4462.0,2025-08-10T18:51:46+00:00
6108,0.905,59.0,6986.0,2025-08-10T18:51:51+00:00
6334,0.97,1.0,7535.0,2025-08-10T18:51:52+00:00
6336,0.98,1.0,7543.0,2025-08-10T18:51:52+00:00
6446,0.98,1.0,7672.0,2025-08-10T18:51:53+00:00
6472,0.945,1.0,7740.0,2025-08-10T18:51:53+00:00
6609,0.965,1.0,8090.0,2025-08-10T18:51:54+00:00
6641,0.945,1.0,8169.0,2025-08-10T18:51:54+00:00
6774,0.985,1.0,8528.0,2025-08-10T18:51:55+00:00
6331,0.965,1.0,7526.0,2025-08-10T18:52:12+00:00
6717,0.975,1.0,8408.0,2025-08-10T18:52:14+00:00
6734,0.985,1.0,8451.0,2025-08-10T18:52:14+00:00
6820,1.0,1.0,8614.0,2025-08-10T18:52:14+00:00
6870,1.0,1.0,8757.0,2025-08-10T18:52:14+00:00
6899,1.0,1.0,8878.0,2025-08-10T18:52:14+00:00
6903,1.0,1.0,8886.0,2025-08-10T18:52:14+00:00
6329,0.77,1.0,7519.0,2025-08-10T18:52:29+00:00
6338,0.98,1.0,7551.0,2025-08-10T18:52:30+00:00
6427,0.99,1.0,7610.0,2025-08-10T18:52:30+00:00
6529,0.99,1.0,7891.0,2025-08-10T18:52:30+00:00
6719,0.97,1.0,8415.0,2025-08-10T18:52:31+00:00
6882,0.93,1.1,8808.0,2025-08-10T18:52:32+00:00
6971,0.82,1809.68,9064.0,2025-08-10T18:52:32+00:00
8296,0.925,1.0,11080.0,2025-08-10T18:52:41+00:00
8335,0.94,1.0,11131.0,2025-08-10T18:52:41+00:00
8617,0.865,1.0,11635.0,2025-08-10T18:52:43+00:00
8845,0.985,30.39,12095.0,2025-08-10T18:52:44+00:00
9487,0.99,1.0,14073.0,2025-08-10T18:52:47+00:00
9509,0.995,1.0,14152.0,2025-08-10T18:52:47+00:00
10484,0.605,3.79,17187.0,2025-08-10T18:52:52+00:00
10498,0.645,3.93,17230.0,2025-08-10T18:52:52+00:00
8312,0.95,1.0,11092.0,2025-08-10T18:52:59+00:00
8615,0.975,1.0,11629.0,2025-08-10T18:53:01+00:00
8842,0.995,0.0,12093.0,2025-08-10T18:53:02+00:00
10204,0.8,11.39,15817.0,2025-08-10T18:53:08+00:00
10897,1.0,1.0,18690.0,2025-08-10T18:53:12+00:00
8972,0.78,179.66,12393.0,2025-08-10T18:53:20+00:00
9035,1.0,1.0,12597.0,2025-08-10T18:53:20+00:00
9179,0.985,1.0,13126.0,2025-08-10T18:53:21+00:00
9252,0.955,1.0,13323.0,2025-08-10T18:53:21+00:00
10497,0.645,3.79,17220.0,2025-08-10T18:53:28+00:00
10568,0.965,1.0,17520.0,2025-08-10T18:53:28+00:00
10630,0.99,766.36,17838.0,2025-08-10T18:53:28+00:00
10690,0.88,1218.89,18088.0,2025-08-10T18:53:28+00:00
10801,0.985,1.0,18399.0,2025-08-10T18:53:29+00:00
10891,0.945,188.78,18675.0,2025-08-10T18:53:29+00:00
11841,0.995,1.0,20332.0,2025-08-10T18:53:34+00:00
12108,0.995,1.0,21046.0,2025-08-10T18:53:35+00:00
11343,0.995,1.0,19762.0,2025-08-10T18:53:49+00:00
12261,0.99,1.0,21419.0,2025-08-10T18:53:54+00:00
12369,0.96,1.0,21662.0,2025-08-10T18:53:55+00:00
14104,0.77,3.12,25095.0,2025-08-10T18:54:03+00:00
14338,0.665,3.76,25426.0,2025-08-10T18:54:04+00:00
11710,1.0,1.0,20011.0,2025-08-10T18:54:08+00:00
11880,0.995,1.0,20451.0,2025-08-10T18:54:09+00:00
12070,0.995,1.0,20931.0,2025-08-10T18:54:10+00:00
14170,0.795,99.99,25198.0,2025-08-10T18:54:20+00:00
14197,0.885,99.99,25231.0,2025-08-10T18:54:20+00:00
14211,0.93,99.99,25254.0,2025-08-10T18:54:20+00:00
15166,0.96,99.99,26523.0,2025-08-10T18:54:25+00:00
15476,1.0,99.99,26863.0,2025-08-10T18:54:26+00:00
15781,0.99,99.99,27219.0,2025-08-10T18:54:28+00:00
16110,0.31,1.0,27524.0,2025-08-10T18:54:29+00:00
16780,0.945,99.99,28143.0,2025-08-10T18:54:33+00:00
16851,0.24,1.0,28233.0,2025-08-10T18:54:34+00:00
17453,0.945,99.99,28726.0,2025-08-10T18:54:37+00:00
14920,0.275,1.0,26217.0,2025-08-10T18:54:43+00:00
15204,0.965,99.99,26556.0,2025-08-10T18:54:44+00:00
15225,0.995,99.99,26585.0,2025-08-10T18:54:44+00:00
15539,1.0,99.99,26931.0,2025-08-10T18:54:46+00:00
15736,1.0,99.99,27163.0,2025-08-10T18:54:46+00:00
15810,0.955,99.99,27252.0,2025-08-10T18:54:47+00:00
16415,0.975,23.36,27784.0,2025-08-10T18:54:50+00:00
16863,0.86,730.86,28242.0,2025-08-10T18:54:52+00:00
15451,0.995,99.99,26833.0,2025-08-10T18:55:02+00:00
15506,1.0,99.99,26899.0,2025-08-10T18:55:02+00:00
15566,1.0,99.99,26961.0,2025-08-10T18:55:03+00:00
15751,1.0,99.99,27187.0,2025-08-10T18:55:04+00:00
17317,0.985,99.99,28625.0,2025-08-10T18:55:11+00:00
17366,0.99,99.99,28658.0,2025-08-10T18:55:11+00:00
17407,0.97,99.99,28692.0,2025-08-10T18:55:11+00:00
17480,0.84,99.99,28755.0,2025-08-10T18:55:12+00:00
18466,0.78,0.68,29526.0,2025-08-10T18:55:17+00:00
18773,0.97,0.68,29753.0,2025-08-10T18:55:19+00:00
623,0.6,529.0,472.0,2025-08-10T18:55:45+00:00
18472,0.825,0.68,29531.0,2025-08-10T18:55:53+00:00
18809,0.87,30.3,29785.0,2025-08-10T18:55:54+00:00
541,0.8,0.0,406.0,2025-08-10T18:56:03+00:00
541,0.8,0.0,406.0,2025-08-10T18:56:41+00:00
623,0.6,529.0,472.0,2025-08-10T18:57:00+00:00
4920,0.72,239.93,4462.0,2025-08-10T18:57:40+00:00
6108,0.905,59.0,6986.0,2025-08-10T18:57:46+00:00
6334,0.97,1.0,7535.0,2025-08-10T18:57:48+00:00
6336,0.98,1.0,7543.0,2025-08-10T18:57:48+00:00
6446,0.98,1.0,7672.0,2025-08-10T18:57:48+00:00
6472,0.945,1.0,7740.0,2025-08-10T18:57:48+00:00
6609,0.965,1.0,8090.0,2025-08-10T18:57:49+00:00
6641,0.945,1.0,8169.0,2025-08-10T18:57:49+00:00
6774,0.985,1.0,8528.0,2025-08-10T18:57:50+00:00
6331,0.965,1.0,7526.0,2025-08-10T18:58:10+00:00
6717,0.975,1.0,8408.0,2025-08-10T18:58:12+00:00
6734,0.985,1.0,8451.0,2025-08-10T18:58:12+00:00
6820,1.0,1.0,8614.0,2025-08-10T18:58:12+00:00
6870,1.0,1.0,8757.0,2025-08-10T18:58:13+00:00
6899,1.0,1.0,8878.0,2025-08-10T18:58:13+00:00
6903,1.0,1.0,8886.0,2025-08-10T18:58:13+00:00
6329,0.77,1.0,7519.0,2025-08-10T18:58:32+00:00
6338,0.98,1.0,7551.0,2025-08-10T18:58:32+00:00
6427,0.99,1.0,7610.0,2025-08-10T18:58:32+00:00
6529,0.99,1.0,7891.0,2025-08-10T18:58:33+00:00
6719,0.97,1.0,8415.0,2025-08-10T18:58:34+00:00
6882,0.93,1.1,8808.0,2025-08-10T18:58:35+00:00
6971,0.82,1809.68,9064.0,2025-08-10T18:58:36+00:00
8296,0.925,1.0,11080.0,2025-08-10T18:58:45+00:00
8335,0.94,1.0,11131.0,2025-08-10T18:58:45+00:00
8617,0.865,1.0,11635.0,2025-08-10T18:58:46+00:00
8845,0.985,30.39,12095.0,2025-08-10T18:58:48+00:00
9487,0.99,1.0,14073.0,2025-08-10T18:58:52+00:00
9509,0.995,1.0,14152.0,2025-08-10T18:58:53+00:00
10484,0.605,3.79,17187.0,2025-08-10T18:58:58+00:00
10498,0.645,3.93,17230.0,2025-08-10T18:58:59+00:00
8312,0.95,1.0,11092.0,2025-08-10T18:59:08+00:00
8615,0.975,1.0,11629.0,2025-08-10T18:59:10+00:00
8842,0.995,0.0,12093.0,2025-08-10T18:59:11+00:00
10204,0.8,11.39,15817.0,2025-08-10T18:59:21+00:00
10897,1.0,1.0,18690.0,2025-08-10T18:59:26+00:00
8972,0.78,179.66,12393.0,2025-08-10T18:59:36+00:00
9035,1.0,1.0,12597.0,2025-08-10T18:59:36+00:00
9179,0.985,1.0,13126.0,2025-08-10T18:59:37+00:00
9252,0.955,1.0,13323.0,2025-08-10T18:59:37+00:00
10497,0.645,3.79,17220.0,2025-08-10T18:59:45+00:00
10568,0.965,1.0,17520.0,2025-08-10T18:59:45+00:00
10630,0.99,766.36,17838.0,2025-08-10T18:59:46+00:00
10690,0.88,1218.89,18088.0,2025-08-10T18:59:46+00:00
10801,0.985,1.0,18399.0,2025-08-10T18:59:47+00:00
10891,0.945,188.78,18675.0,2025-08-10T18:59:47+00:00
11841,0.995,1.0,20332.0,2025-08-10T18:59:52+00:00
12108,0.995,1.0,21046.0,2025-08-10T18:59:54+00:00
11343,0.995,1.0,19762.0,2025-08-10T19:00:12+00:00
12261,0.99,1.0,21419.0,2025-08-10T19:00:17+00:00
12369,0.96,1.0,21662.0,2025-08-10T19:00:18+00:00
14104,0.77,3.12,25095.0,2025-08-10T19:00:30+00:00
14338,0.665,3.76,25426.0,2025-08-10T19:00:32+00:00
11710,1.0,1.0,20011.0,2025-08-10T19:00:37+00:00
11880,0.995,1.0,20451.0,2025-08-10T19:00:38+00:00
12070,0.995,1.0,20931.0,2025-08-10T19:00:39+00:00
14170,0.795,99.99,25198.0,2025-08-10T19:00:53+00:00
14197,0.885,99.99,25231.0,2025-08-10T19:00:53+00:00
14211,0.93,99.99,25254.0,2025-08-10T19:00:53+00:00
15166,0.96,99.99,26523.0,2025-08-10T19:01:00+00:00
15476,1.0,99.99,26863.0,2025-08-10T19:01:03+00:00
15781,0.99,99.99,27219.0,2025-08-10T19:01:05+00:00
16110,0.31,1.0,27524.0,2025-08-10T19:01:07+00:00
16780,0.945,99.99,28143.0,2025-08-10T19:01:10+00:00
16851,0.24,1.0,28233.0,2025-08-10T19:01:11+00:00
17453,0.945,99.99,28726.0,2025-08-10T19:01:14+00:00
14920,0.275,1.0,26217.0,2025-08-10T19:01:22+00:00
15204,0.965,99.99,26556.0,2025-08-10T19:01:23+00:00
15225,0.995,99.99,26585.0,2025-08-10T19:01:23+00:00
15539,1.0,99.99,26931.0,2025-08-10T19:01:25+00:00
15736,1.0,99.99,27163.0,2025-08-10T19:01:26+00:00
15810,0.955,99.99,27252.0,2025-08-10T19:01:26+00:00
16415,0.975,23.36,27784.0,2025-08-10T19:01:30+00:00
16863,0.86,730.86,28242.0,2025-08-10T19:01:35+00:00
15451,0.995,99.99,26833.0,2025-08-10T19:01:48+00:00
15506,1.0,99.99,26899.0,2025-08-10T19:01:48+00:00
15566,1.0,99.99,26961.0,2025-08-10T19:01:48+00:00
15751,1.0,99.99,27187.0,2025-08-10T19:01:50+00:00
17317,0.985,99.99,28625.0,2025-08-10T19:02:01+00:00
17366,0.99,99.99,28658.0,2025-08-10T19:02:01+00:00
17407,0.97,99.99,28692.0,2025-08-10T19:02:01+00:00
17480,0.84,99.99,28755.0,2025-08-10T19:02:02+00:00
18466,0.78,0.68,29526.0,2025-08-10T19:02:10+00:00
18773,0.97,0.68,29753.0,2025-08-10T19:02:11+00:00
623,0.6,529.0,472.0,2025-08-10T19:02:41+00:00
18472,0.825,0.68,29531.0,2025-08-10T19:02:50+00:00
18809,0.87,30.3,29785.0,2025-08-10T19:02:51+00:00
541,0.8,0.0,406.0,2025-08-10T19:03:00+00:00
4920,0.72,239.93,4462.0,2025-08-10T19:03:46+00:00
6334,0.97,1.0,7535.0,2025-08-10T19:04:10+00:00
6336,0.98,1.0,7543.0,2025-08-10T19:04:10+00:00
6338,0.98,1.0,7551.0,2025-08-10T19:04:10+00:00
6609,0.965,1.0,8090.0,2025-08-10T19:04:11+00:00
6641,0.945,1.0,8169.0,2025-08-10T19:04:11+00:00
6717,0.975,1.0,8408.0,2025-08-10T19:04:12+00:00
6734,0.985,1.0,8451.0,2025-08-10T19:04:12+00:00
6820,1.0,1.0,8614.0,2025-08-10T19:04:12+00:00
6329,0.77,1.0,7519.0,2025-08-10T19:04:28+00:00
6331,0.965,1.0,7526.0,2025-08-10T19:04:28+00:00
6427,0.99,1.0,7610.0,2025-08-10T19:04:29+00:00
6446,0.98,1.0,7672.0,2025-08-10T19:04:29+00:00
6472,0.945,1.0,7740.0,2025-08-10T19:04:29+00:00
6870,1.0,1.0,8757.0,2025-08-10T19:04:31+00:00
6899,1.0,1.0,8878.0,2025-08-10T19:04:31+00:00
6903,1.0,1.0,8886.0,2025-08-10T19:04:31+00:00
6971,0.82,1809.68,9064.0,2025-08-10T19:04:31+00:00
541,0.8,0.0,406.0,2025-08-10T19:04:38+00:00
6108,0.905,59.0,6986.0,2025-08-10T19:04:44+00:00
6529,0.99,1.0,7891.0,2025-08-10T19:04:46+00:00
6719,0.97,1.0,8415.0,2025-08-10T19:04:47+00:00
6774,0.985,1.0,8528.0,2025-08-10T19:04:47+00:00
6882,0.93,1.1,8808.0,2025-08-10T19:04:47+00:00
541,0.8,0.0,406.0,2025-08-10T19:06:23+00:00
623,0.6,529.0,472.0,2025-08-10T19:06:42+00:00
4920,0.72,239.93,4462.0,2025-08-10T19:07:22+00:00
6108,0.905,59.0,6986.0,2025-08-10T19:07:30+00:00
6334,0.97,1.0,7535.0,2025-08-10T19:07:31+00:00
6336,0.98,1.0,7543.0,2025-08-10T19:07:31+00:00
6446,0.98,1.0,7672.0,2025-08-10T19:07:32+00:00
6472,0.945,1.0,7740.0,2025-08-10T19:07:32+00:00
6609,0.965,1.0,8090.0,2025-08-10T19:07:33+00:00
6641,0.945,1.0,8169.0,2025-08-10T19:07:33+00:00
6774,0.985,1.0,8528.0,2025-08-10T19:07:34+00:00
6331,0.965,1.0,7526.0,2025-08-10T19:07:54+00:00
6717,0.975,1.0,8408.0,2025-08-10T19:07:56+00:00
6734,0.985,1.0,8451.0,2025-08-10T19:07:56+00:00
6820,1.0,1.0,8614.0,2025-08-10T19:07:56+00:00
6870,1.0,1.0,8757.0,2025-08-10T19:07:57+00:00
6899,1.0,1.0,8878.0,2025-08-10T19:07:57+00:00
6903,1.0,1.0,8886.0,2025-08-10T19:07:57+00:00
6329,0.77,1.0,7519.0,2025-08-10T19:08:13+00:00
6338,0.98,1.0,7551.0,2025-08-10T19:08:13+00:00
6427,0.99,1.0,7610.0,2025-08-10T19:08:13+00:00
6529,0.99,1.0,7891.0,2025-08-10T19:08:14+00:00
6719,0.97,1.0,8415.0,2025-08-10T19:08:15+00:00
6882,0.93,1.1,8808.0,2025-08-10T19:08:15+00:00
6971,0.82,1809.68,9064.0,2025-08-10T19:08:16+00:00
8296,0.925,1.0,11080.0,2025-08-10T19:08:23+00:00
8335,0.94,1.0,11131.0,2025-08-10T19:08:23+00:00
8617,0.865,1.0,11635.0,2025-08-10T19:08:25+00:00
8845,0.985,30.39,12095.0,2025-08-10T19:08:26+00:00
9487,0.99,1.0,14073.0,2025-08-10T19:08:29+00:00
9509,0.995,1.0,14152.0,2025-08-10T19:08:29+00:00
10484,0.605,3.79,17187.0,2025-08-10T19:08:34+00:00
10498,0.645,3.93,17230.0,2025-08-10T19:08:34+00:00
8312,0.95,1.0,11092.0,2025-08-10T19:08:43+00:00
8615,0.975,1.0,11629.0,2025-08-10T19:08:44+00:00
8842,0.995,0.0,12093.0,2025-08-10T19:08:46+00:00
10204,0.8,11.39,15817.0,2025-08-10T19:08:53+00:00
10897,1.0,1.0,18690.0,2025-08-10T19:08:57+00:00
8972,0.78,179.66,12393.0,2025-08-10T19:09:07+00:00
9035,1.0,1.0,12597.0,2025-08-10T19:09:07+00:00
9179,0.985,1.0,13126.0,2025-08-10T19:09:08+00:00
9252,0.955,1.0,13323.0,2025-08-10T19:09:09+00:00
10497,0.645,3.79,17220.0,2025-08-10T19:09:15+00:00
10568,0.965,1.0,17520.0,2025-08-10T19:09:16+00:00
10630,0.99,766.36,17838.0,2025-08-10T19:09:16+00:00
10690,0.88,1218.89,18088.0,2025-08-10T19:09:16+00:00
10801,0.985,1.0,18399.0,2025-08-10T19:09:17+00:00
10891,0.945,188.78,18675.0,2025-08-10T19:09:17+00:00
11841,0.995,1.0,20332.0,2025-08-10T19:09:22+00:00
12108,0.995,1.0,21046.0,2025-08-10T19:09:23+00:00
11343,0.995,1.0,19762.0,2025-08-10T19:09:39+00:00
12261,0.99,1.0,21419.0,2025-08-10T19:09:45+00:00
12369,0.96,1.0,21662.0,2025-08-10T19:09:45+00:00
14104,0.77,3.12,25095.0,2025-08-10T19:09:54+00:00
14338,0.665,3.76,25426.0,2025-08-10T19:09:57+00:00
11710,1.0,1.0,20011.0,2025-08-10T19:10:02+00:00
11880,0.995,1.0,20451.0,2025-08-10T19:10:03+00:00
12070,0.995,1.0,20931.0,2025-08-10T19:10:04+00:00
14170,0.795,99.99,25198.0,2025-08-10T19:10:15+00:00
14197,0.885,99.99,25231.0,2025-08-10T19:10:16+00:00
14211,0.93,99.99,25254.0,2025-08-10T19:10:16+00:00
15166,0.96,99.99,26523.0,2025-08-10T19:10:22+00:00
15476,1.0,99.99,26863.0,2025-08-10T19:10:24+00:00
15781,0.99,99.99,27219.0,2025-08-10T19:10:27+00:00
16110,0.31,1.0,27524.0,2025-08-10T19:10:29+00:00
541,0.8,0.0,406.0,2025-08-10T19:19:20+00:00
623,0.6,529.0,472.0,2025-08-10T19:19:38+00:00
4920,0.72,239.93,4462.0,2025-08-10T19:20:19+00:00
6108,0.905,59.0,6986.0,2025-08-10T19:20:25+00:00
6334,0.97,1.0,7535.0,2025-08-10T19:20:26+00:00
6336,0.98,1.0,7543.0,2025-08-10T19:20:26+00:00
6446,0.98,1.0,7672.0,2025-08-10T19:20:27+00:00
6472,0.945,1.0,7740.0,2025-08-10T19:20:27+00:00
6609,0.965,1.0,8090.0,2025-08-10T19:20:28+00:00
6641,0.945,1.0,8169.0,2025-08-10T19:20:28+00:00
6774,0.985,1.0,8528.0,2025-08-10T19:20:30+00:00
6331,0.965,1.0,7526.0,2025-08-10T19:20:48+00:00
6717,0.975,1.0,8408.0,2025-08-10T19:20:50+00:00
6734,0.985,1.0,8451.0,2025-08-10T19:20:50+00:00
6820,1.0,1.0,8614.0,2025-08-10T19:20:50+00:00
6870,1.0,1.0,8757.0,2025-08-10T19:20:51+00:00
6899,1.0,1.0,8878.0,2025-08-10T19:20:51+00:00
6903,1.0,1.0,8886.0,2025-08-10T19:20:51+00:00
6329,0.77,1.0,7519.0,2025-08-10T19:21:05+00:00
6338,0.98,1.0,7551.0,2025-08-10T19:21:06+00:00
6427,0.99,1.0,7610.0,2025-08-10T19:21:06+00:00
6529,0.99,1.0,7891.0,2025-08-10T19:21:07+00:00
6719,0.97,1.0,8415.0,2025-08-10T19:21:07+00:00
6882,0.93,1.1,8808.0,2025-08-10T19:21:08+00:00
6971,0.82,1809.68,9064.0,2025-08-10T19:21:09+00:00
8296,0.925,1.0,11080.0,2025-08-10T19:21:16+00:00
8335,0.94,1.0,11131.0,2025-08-10T19:21:16+00:00
8617,0.865,1.0,11635.0,2025-08-10T19:21:17+00:00
8845,0.985,30.39,12095.0,2025-08-10T19:21:19+00:00
9487,0.99,1.0,14073.0,2025-08-10T19:21:21+00:00
9509,0.995,1.0,14152.0,2025-08-10T19:21:21+00:00
10484,0.605,3.79,17187.0,2025-08-10T19:21:26+00:00
10498,0.645,3.93,17230.0,2025-08-10T19:21:26+00:00
8312,0.95,1.0,11092.0,2025-08-10T19:21:35+00:00
8615,0.975,1.0,11629.0,2025-08-10T19:21:37+00:00
8842,0.995,0.0,12093.0,2025-08-10T19:21:38+00:00
10204,0.8,11.39,15817.0,2025-08-10T19:21:46+00:00
10897,1.0,1.0,18690.0,2025-08-10T19:21:50+00:00
8972,0.78,179.66,12393.0,2025-08-10T19:21:59+00:00
9035,1.0,1.0,12597.0,2025-08-10T19:22:00+00:00
9179,0.985,1.0,13126.0,2025-08-10T19:22:00+00:00
9252,0.955,1.0,13323.0,2025-08-10T19:22:01+00:00
10497,0.645,3.79,17220.0,2025-08-10T19:22:09+00:00
10568,0.965,1.0,17520.0,2025-08-10T19:22:09+00:00
10630,0.99,766.36,17838.0,2025-08-10T19:22:10+00:00
10690,0.88,1218.89,18088.0,2025-08-10T19:22:10+00:00
10801,0.985,1.0,18399.0,2025-08-10T19:22:11+00:00
10891,0.945,188.78,18675.0,2025-08-10T19:22:11+00:00
11841,0.995,1.0,20332.0,2025-08-10T19:22:16+00:00
12108,0.995,1.0,21046.0,2025-08-10T19:22:18+00:00
11343,0.995,1.0,19762.0,2025-08-10T19:22:34+00:00
12261,0.99,1.0,21419.0,2025-08-10T19:22:39+00:00
12369,0.96,1.0,21662.0,2025-08-10T19:22:40+00:00
14104,0.77,3.12,25095.0,2025-08-10T19:22:48+00:00
14338,0.665,3.76,25426.0,2025-08-10T19:22:49+00:00
11710,1.0,1.0,20011.0,2025-08-10T19:22:53+00:00
11880,0.995,1.0,20451.0,2025-08-10T19:22:54+00:00
12070,0.995,1.0,20931.0,2025-08-10T19:22:55+00:00
14170,0.795,99.99,25198.0,2025-08-10T19:23:05+00:00
14197,0.885,99.99,25231.0,2025-08-10T19:23:05+00:00
14211,0.93,99.99,25254.0,2025-08-10T19:23:05+00:00
15166,0.96,99.99,26523.0,2025-08-10T19:23:10+00:00
15476,1.0,99.99,26863.0,2025-08-10T19:23:12+00:00
15781,0.99,99.99,27219.0,2025-08-10T19:23:14+00:00
16110,0.31,1.0,27524.0,2025-08-10T19:23:15+00:00
16780,0.945,99.99,28143.0,2025-08-10T19:23:19+00:00
16851,0.24,1.0,28233.0,2025-08-10T19:23:19+00:00
17453,0.945,99.99,28726.0,2025-08-10T19:23:22+00:00
14920,0.275,1.0,26217.0,2025-08-10T19:23:28+00:00
15204,0.965,99.99,26556.0,2025-08-10T19:23:29+00:00
15225,0.995,99.99,26585.0,2025-08-10T19:23:30+00:00
15539,1.0,99.99,26931.0,2025-08-10T19:23:31+00:00
15736,1.0,99.99,27163.0,2025-08-10T19:23:32+00:00
15810,0.955,99.99,27252.0,2025-08-10T19:23:32+00:00
16415,0.975,23.36,27784.0,2025-08-10T19:23:35+00:00
16863,0.86,730.86,28242.0,2025-08-10T19:23:37+00:00
15451,0.995,99.99,26833.0,2025-08-10T19:23:47+00:00
15506,1.0,99.99,26899.0,2025-08-10T19:23:47+00:00
15566,1.0,99.99,26961.0,2025-08-10T19:23:47+00:00
15751,1.0,99.99,27187.0,2025-08-10T19:23:49+00:00
17317,0.985,99.99,28625.0,2025-08-10T19:23:56+00:00
17366,0.99,99.99,28658.0,2025-08-10T19:23:56+00:00
17407,0.97,99.99,28692.0,2025-08-10T19:23:56+00:00
17480,0.84,99.99,28755.0,2025-08-10T19:23:57+00:00
18466,0.78,0.68,29526.0,2025-08-10T19:24:02+00:00
18773,0.97,0.68,29753.0,2025-08-10T19:24:04+00:00
623,0.6,529.0,472.0,2025-08-10T19:24:29+00:00
18472,0.825,0.68,29531.0,2025-08-10T19:24:37+00:00
18809,0.87,30.3,29785.0,2025-08-10T19:24:38+00:00
541,0.8,0.0,406.0,2025-08-10T19:24:46+00:00
4920,0.72,239.93,4462.0,2025-08-10T19:25:25+00:00
6334,0.97,1.0,7535.0,2025-08-10T19:25:49+00:00
6336,0.98,1.0,7543.0,2025-08-10T19:25:49+00:00
6338,0.98,1.0,7551.0,2025-08-10T19:25:49+00:00
6609,0.965,1.0,8090.0,2025-08-10T19:25:50+00:00
6641,0.945,1.0,8169.0,2025-08-10T19:25:50+00:00
6717,0.975,1.0,8408.0,2025-08-10T19:25:50+00:00
6734,0.985,1.0,8451.0,2025-08-10T19:25:51+00:00
6820,1.0,1.0,8614.0,2025-08-10T19:25:51+00:00
6329,0.77,1.0,7519.0,2025-08-10T19:26:07+00:00
6331,0.965,1.0,7526.0,2025-08-10T19:26:07+00:00
6427,0.99,1.0,7610.0,2025-08-10T19:26:08+00:00
6446,0.98,1.0,7672.0,2025-08-10T19:26:08+00:00
6472,0.945,1.0,7740.0,2025-08-10T19:26:08+00:00
6870,1.0,1.0,8757.0,2025-08-10T19:26:10+00:00
6899,1.0,1.0,8878.0,2025-08-10T19:26:10+00:00
6903,1.0,1.0,8886.0,2025-08-10T19:26:10+00:00
6971,0.82,1809.68,9064.0,2025-08-10T19:26:10+00:00
541,0.8,0.0,406.0,2025-08-10T19:26:18+00:00
6108,0.905,59.0,6986.0,2025-08-10T19:26:24+00:00
6529,0.99,1.0,7891.0,2025-08-10T19:26:26+00:00
6719,0.97,1.0,8415.0,2025-08-10T19:26:27+00:00
6774,0.985,1.0,8528.0,2025-08-10T19:26:27+00:00
6882,0.93,1.1,8808.0,2025-08-10T19:26:27+00:00
623,0.6,529.0,472.0,2025-08-10T19:26:35+00:00
4920,0.72,239.93,4462.0,2025-08-10T19:27:31+00:00
6108,0.905,59.0,6986.0,2025-08-10T19:27:36+00:00
6329,0.77,1.0,7519.0,2025-08-10T19:27:37+00:00
6338,0.98,1.0,7551.0,2025-08-10T19:27:37+00:00
6427,0.99,1.0,7610.0,2025-08-10T19:27:38+00:00
6446,0.98,1.0,7672.0,2025-08-10T19:27:38+00:00
6472,0.945,1.0,7740.0,2025-08-10T19:27:38+00:00
6641,0.945,1.0,8169.0,2025-08-10T19:27:39+00:00
6734,0.985,1.0,8451.0,2025-08-10T19:27:39+00:00
6870,1.0,1.0,8757.0,2025-08-10T19:27:40+00:00
6899,1.0,1.0,8878.0,2025-08-10T19:27:40+00:00
8335,0.94,1.0,11131.0,2025-08-10T19:27:47+00:00
8617,0.865,1.0,11635.0,2025-08-10T19:27:48+00:00
8845,0.985,30.39,12095.0,2025-08-10T19:27:49+00:00
9035,1.0,1.0,12597.0,2025-08-10T19:27:50+00:00
6331,0.965,1.0,7526.0,2025-08-10T19:27:56+00:00
6717,0.975,1.0,8408.0,2025-08-10T19:27:59+00:00
6774,0.985,1.0,8528.0,2025-08-10T19:27:59+00:00
6820,1.0,1.0,8614.0,2025-08-10T19:27:59+00:00
6882,0.93,1.1,8808.0,2025-08-10T19:27:59+00:00
8312,0.95,1.0,11092.0,2025-08-10T19:28:07+00:00
6334,0.97,1.0,7535.0,2025-08-10T19:28:14+00:00
6336,0.98,1.0,7543.0,2025-08-10T19:28:14+00:00
6529,0.99,1.0,7891.0,2025-08-10T19:28:15+00:00
6609,0.965,1.0,8090.0,2025-08-10T19:28:16+00:00
6719,0.97,1.0,8415.0,2025-08-10T19:28:16+00:00
6903,1.0,1.0,8886.0,2025-08-10T19:28:17+00:00
6971,0.82,1809.68,9064.0,2025-08-10T19:28:17+00:00
8296,0.925,1.0,11080.0,2025-08-10T19:28:24+00:00
8615,0.975,1.0,11629.0,2025-08-10T19:28:26+00:00
10484,0.605,3.79,17187.0,2025-08-10T19:28:33+00:00
10498,0.645,3.93,17230.0,2025-08-10T19:28:33+00:00
10568,0.965,1.0,17520.0,2025-08-10T19:28:34+00:00
12261,0.99,1.0,21419.0,2025-08-10T19:28:42+00:00
8842,0.995,0.0,12093.0,2025-08-10T19:28:45+00:00
9487,0.99,1.0,14073.0,2025-08-10T19:28:48+00:00
10497,0.645,3.79,17220.0,2025-08-10T19:28:53+00:00
10801,0.985,1.0,18399.0,2025-08-10T19:28:54+00:00
10897,1.0,1.0,18690.0,2025-08-10T19:28:55+00:00
11343,0.995,1.0,19762.0,2025-08-10T19:28:57+00:00
11710,1.0,1.0,20011.0,2025-08-10T19:28:59+00:00
12108,0.995,1.0,21046.0,2025-08-10T19:29:01+00:00
8972,0.78,179.66,12393.0,2025-08-10T19:29:03+00:00
9179,0.985,1.0,13126.0,2025-08-10T19:29:04+00:00
9252,0.955,1.0,13323.0,2025-08-10T19:29:04+00:00
9509,0.995,1.0,14152.0,2025-08-10T19:29:05+00:00
10204,0.8,11.39,15817.0,2025-08-10T19:29:09+00:00
10630,0.99,766.36,17838.0,2025-08-10T19:29:11+00:00
10690,0.88,1218.89,18088.0,2025-08-10T19:29:11+00:00
10891,0.945,188.78,18675.0,2025-08-10T19:29:12+00:00
11841,0.995,1.0,20332.0,2025-08-10T19:29:17+00:00
11880,0.995,1.0,20451.0,2025-08-10T19:29:18+00:00
12070,0.995,1.0,20931.0,2025-08-10T19:29:18+00:00
12369,0.96,1.0,21662.0,2025-08-10T19:29:20+00:00
14170,0.795,99.99,25198.0,2025-08-10T19:29:28+00:00
14211,0.93,99.99,25254.0,2025-08-10T19:29:28+00:00
14338,0.665,3.76,25426.0,2025-08-10T19:29:29+00:00
541,0.8,0.0,406.0,2025-08-10T19:29:53+00:00
14104,0.77,3.12,25095.0,2025-08-10T19:30:08+00:00
14197,0.885,99.99,25231.0,2025-08-10T19:30:08+00:00
623,0.6,529.0,472.0,2025-08-10T19:30:15+00:00
4920,0.72,239.93,4462.0,2025-08-10T19:30:35+00:00
6331,0.965,1.0,7526.0,2025-08-10T19:31:17+00:00
6427,0.99,1.0,7610.0,2025-08-10T19:31:17+00:00
6609,0.965,1.0,8090.0,2025-08-10T19:31:18+00:00
6641,0.945,1.0,8169.0,2025-08-10T19:31:19+00:00
6820,1.0,1.0,8614.0,2025-08-10T19:31:19+00:00
6882,0.93,1.1,8808.0,2025-08-10T19:31:20+00:00
6903,1.0,1.0,8886.0,2025-08-10T19:31:20+00:00
8335,0.94,1.0,11131.0,2025-08-10T19:31:27+00:00
8842,0.995,0.0,12093.0,2025-08-10T19:31:29+00:00
8972,0.78,179.66,12393.0,2025-08-10T19:31:30+00:00
9035,1.0,1.0,12597.0,2025-08-10T19:31:30+00:00
6329,0.77,1.0,7519.0,2025-08-10T19:31:37+00:00
6334,0.97,1.0,7535.0,2025-08-10T19:31:37+00:00
6336,0.98,1.0,7543.0,2025-08-10T19:31:37+00:00
6108,0.905,59.0,6986.0,2025-08-10T19:31:51+00:00
6338,0.98,1.0,7551.0,2025-08-10T19:31:52+00:00
6446,0.98,1.0,7672.0,2025-08-10T19:31:53+00:00
6472,0.945,1.0,7740.0,2025-08-10T19:31:53+00:00
6529,0.99,1.0,7891.0,2025-08-10T19:31:53+00:00
6717,0.975,1.0,8408.0,2025-08-10T19:31:54+00:00
6719,0.97,1.0,8415.0,2025-08-10T19:31:54+00:00
6734,0.985,1.0,8451.0,2025-08-10T19:31:54+00:00
6774,0.985,1.0,8528.0,2025-08-10T19:31:54+00:00
6870,1.0,1.0,8757.0,2025-08-10T19:31:55+00:00
6899,1.0,1.0,8878.0,2025-08-10T19:31:55+00:00
6971,0.82,1809.68,9064.0,2025-08-10T19:31:55+00:00
8296,0.925,1.0,11080.0,2025-08-10T19:32:01+00:00
8312,0.95,1.0,11092.0,2025-08-10T19:32:01+00:00
8615,0.975,1.0,11629.0,2025-08-10T19:32:03+00:00
8617,0.865,1.0,11635.0,2025-08-10T19:32:03+00:00
8845,0.985,30.39,12095.0,2025-08-10T19:32:04+00:00
9179,0.985,1.0,13126.0,2025-08-10T19:32:06+00:00
9487,0.99,1.0,14073.0,2025-08-10T19:32:07+00:00
10630,0.99,766.36,17838.0,2025-08-10T19:32:13+00:00
10801,0.985,1.0,18399.0,2025-08-10T19:32:14+00:00
10891,0.945,188.78,18675.0,2025-08-10T19:32:14+00:00
11343,0.995,1.0,19762.0,2025-08-10T19:32:16+00:00
11841,0.995,1.0,20332.0,2025-08-10T19:32:18+00:00
11880,0.995,1.0,20451.0,2025-08-10T19:32:19+00:00
12261,0.99,1.0,21419.0,2025-08-10T19:32:20+00:00
10204,0.8,11.39,15817.0,2025-08-10T19:32:31+00:00
10897,1.0,1.0,18690.0,2025-08-10T19:32:35+00:00
9252,0.955,1.0,13323.0,2025-08-10T19:32:44+00:00
9509,0.995,1.0,14152.0,2025-08-10T19:32:45+00:00
10484,0.605,3.79,17187.0,2025-08-10T19:32:49+00:00
10497,0.645,3.79,17220.0,2025-08-10T19:32:49+00:00
10498,0.645,3.93,17230.0,2025-08-10T19:32:50+00:00
10568,0.965,1.0,17520.0,2025-08-10T19:32:50+00:00
10690,0.88,1218.89,18088.0,2025-08-10T19:32:50+00:00
541,0.8,0.0,406.0,2025-08-10T19:33:21+00:00
541,0.8,0.0,406.0,2025-08-10T19:33:30+00:00
623,0.6,529.0,472.0,2025-08-10T19:33:40+00:00
623,0.6,529.0,472.0,2025-08-10T19:33:48+00:00
4920,0.72,239.93,4462.0,2025-08-10T19:34:18+00:00
6108,0.905,59.0,6986.0,2025-08-10T19:34:23+00:00
6334,0.97,1.0,7535.0,2025-08-10T19:34:25+00:00
6336,0.98,1.0,7543.0,2025-08-10T19:34:25+00:00
6446,0.98,1.0,7672.0,2025-08-10T19:34:25+00:00
6472,0.945,1.0,7740.0,2025-08-10T19:34:25+00:00
4920,0.72,239.93,4462.0,2025-08-10T19:34:26+00:00
6609,0.965,1.0,8090.0,2025-08-10T19:34:26+00:00
6641,0.945,1.0,8169.0,2025-08-10T19:34:26+00:00
6774,0.985,1.0,8528.0,2025-08-10T19:34:27+00:00
6108,0.905,59.0,6986.0,2025-08-10T19:34:32+00:00
6334,0.97,1.0,7535.0,2025-08-10T19:34:33+00:00
6336,0.98,1.0,7543.0,2025-08-10T19:34:33+00:00
6446,0.98,1.0,7672.0,2025-08-10T19:34:33+00:00
6472,0.945,1.0,7740.0,2025-08-10T19:34:34+00:00
6609,0.965,1.0,8090.0,2025-08-10T19:34:34+00:00
6641,0.945,1.0,8169.0,2025-08-10T19:34:34+00:00
6774,0.985,1.0,8528.0,2025-08-10T19:34:35+00:00
6331,0.965,1.0,7526.0,2025-08-10T19:34:43+00:00
6717,0.975,1.0,8408.0,2025-08-10T19:34:45+00:00
6734,0.985,1.0,8451.0,2025-08-10T19:34:45+00:00
6820,1.0,1.0,8614.0,2025-08-10T19:34:46+00:00
6870,1.0,1.0,8757.0,2025-08-10T19:34:46+00:00
6899,1.0,1.0,8878.0,2025-08-10T19:34:46+00:00
6903,1.0,1.0,8886.0,2025-08-10T19:34:46+00:00
6331,0.965,1.0,7526.0,2025-08-10T19:34:52+00:00
6717,0.975,1.0,8408.0,2025-08-10T19:34:53+00:00
6734,0.985,1.0,8451.0,2025-08-10T19:34:53+00:00
6820,1.0,1.0,8614.0,2025-08-10T19:34:54+00:00
6870,1.0,1.0,8757.0,2025-08-10T19:34:54+00:00
6899,1.0,1.0,8878.0,2025-08-10T19:34:54+00:00
6903,1.0,1.0,8886.0,2025-08-10T19:34:54+00:00
6329,0.77,1.0,7519.0,2025-08-10T19:35:01+00:00
6338,0.98,1.0,7551.0,2025-08-10T19:35:01+00:00
6427,0.99,1.0,7610.0,2025-08-10T19:35:01+00:00
6529,0.99,1.0,7891.0,2025-08-10T19:35:02+00:00
6719,0.97,1.0,8415.0,2025-08-10T19:35:02+00:00
6882,0.93,1.1,8808.0,2025-08-10T19:35:03+00:00
6971,0.82,1809.68,9064.0,2025-08-10T19:35:04+00:00
6329,0.77,1.0,7519.0,2025-08-10T19:35:10+00:00
6338,0.98,1.0,7551.0,2025-08-10T19:35:10+00:00
6427,0.99,1.0,7610.0,2025-08-10T19:35:10+00:00
6529,0.99,1.0,7891.0,2025-08-10T19:35:11+00:00
8296,0.925,1.0,11080.0,2025-08-10T19:35:11+00:00
6719,0.97,1.0,8415.0,2025-08-10T19:35:11+00:00
8335,0.94,1.0,11131.0,2025-08-10T19:35:11+00:00
6882,0.93,1.1,8808.0,2025-08-10T19:35:12+00:00
6971,0.82,1809.68,9064.0,2025-08-10T19:35:13+00:00
8617,0.865,1.0,11635.0,2025-08-10T19:35:13+00:00
8845,0.985,30.39,12095.0,2025-08-10T19:35:14+00:00
9487,0.99,1.0,14073.0,2025-08-10T19:35:17+00:00
9509,0.995,1.0,14152.0,2025-08-10T19:35:17+00:00
8296,0.925,1.0,11080.0,2025-08-10T19:35:19+00:00
8335,0.94,1.0,11131.0,2025-08-10T19:35:20+00:00
8617,0.865,1.0,11635.0,2025-08-10T19:35:21+00:00
10484,0.605,3.79,17187.0,2025-08-10T19:35:22+00:00
10498,0.645,3.93,17230.0,2025-08-10T19:35:22+00:00
8845,0.985,30.39,12095.0,2025-08-10T19:35:22+00:00
9487,0.99,1.0,14073.0,2025-08-10T19:35:25+00:00
9509,0.995,1.0,14152.0,2025-08-10T19:35:25+00:00
8312,0.95,1.0,11092.0,2025-08-10T19:35:29+00:00
10484,0.605,3.79,17187.0,2025-08-10T19:35:30+00:00
10498,0.645,3.93,17230.0,2025-08-10T19:35:30+00:00
8615,0.975,1.0,11629.0,2025-08-10T19:35:31+00:00
8842,0.995,0.0,12093.0,2025-08-10T19:35:32+00:00
8312,0.95,1.0,11092.0,2025-08-10T19:35:37+00:00
10204,0.8,11.39,15817.0,2025-08-10T19:35:38+00:00
8615,0.975,1.0,11629.0,2025-08-10T19:35:39+00:00
8842,0.995,0.0,12093.0,2025-08-10T19:35:40+00:00
10897,1.0,1.0,18690.0,2025-08-10T19:35:42+00:00
10204,0.8,11.39,15817.0,2025-08-10T19:35:48+00:00
8972,0.78,179.66,12393.0,2025-08-10T19:35:51+00:00
9035,1.0,1.0,12597.0,2025-08-10T19:35:52+00:00
10897,1.0,1.0,18690.0,2025-08-10T19:35:52+00:00
9179,0.985,1.0,13126.0,2025-08-10T19:35:52+00:00
9252,0.955,1.0,13323.0,2025-08-10T19:35:53+00:00
10497,0.645,3.79,17220.0,2025-08-10T19:35:59+00:00
10568,0.965,1.0,17520.0,2025-08-10T19:35:59+00:00
10630,0.99,766.36,17838.0,2025-08-10T19:36:00+00:00
8972,0.78,179.66,12393.0,2025-08-10T19:36:00+00:00
10690,0.88,1218.89,18088.0,2025-08-10T19:36:00+00:00
9035,1.0,1.0,12597.0,2025-08-10T19:36:00+00:00
10801,0.985,1.0,18399.0,2025-08-10T19:36:00+00:00
10891,0.945,188.78,18675.0,2025-08-10T19:36:01+00:00
11841,0.995,1.0,20332.0,2025-08-10T19:36:05+00:00
12108,0.995,1.0,21046.0,2025-08-10T19:36:07+00:00
11343,0.995,1.0,19762.0,2025-08-10T19:36:22+00:00
12261,0.99,1.0,21419.0,2025-08-10T19:36:27+00:00
12369,0.96,1.0,21662.0,2025-08-10T19:36:28+00:00
541,0.8,0.0,406.0,2025-08-10T19:36:32+00:00
14104,0.77,3.12,25095.0,2025-08-10T19:36:36+00:00
14338,0.665,3.76,25426.0,2025-08-10T19:36:38+00:00
11710,1.0,1.0,20011.0,2025-08-10T19:36:42+00:00
11880,0.995,1.0,20451.0,2025-08-10T19:36:43+00:00
12070,0.995,1.0,20931.0,2025-08-10T19:36:44+00:00
623,0.6,529.0,472.0,2025-08-10T19:36:51+00:00
14170,0.795,99.99,25198.0,2025-08-10T19:36:54+00:00
14197,0.885,99.99,25231.0,2025-08-10T19:36:54+00:00
14211,0.93,99.99,25254.0,2025-08-10T19:36:54+00:00
15166,0.96,99.99,26523.0,2025-08-10T19:36:59+00:00
15476,1.0,99.99,26863.0,2025-08-10T19:37:01+00:00
15781,0.99,99.99,27219.0,2025-08-10T19:37:02+00:00
16110,0.31,1.0,27524.0,2025-08-10T19:37:04+00:00
16780,0.945,99.99,28143.0,2025-08-10T19:37:07+00:00
16851,0.24,1.0,28233.0,2025-08-10T19:37:08+00:00
17453,0.945,99.99,28726.0,2025-08-10T19:37:11+00:00
14920,0.275,1.0,26217.0,2025-08-10T19:37:18+00:00
15204,0.965,99.99,26556.0,2025-08-10T19:37:19+00:00
15225,0.995,99.99,26585.0,2025-08-10T19:37:19+00:00
15539,1.0,99.99,26931.0,2025-08-10T19:37:20+00:00
15736,1.0,99.99,27163.0,2025-08-10T19:37:21+00:00
15810,0.955,99.99,27252.0,2025-08-10T19:37:22+00:00
16415,0.975,23.36,27784.0,2025-08-10T19:37:25+00:00
16863,0.86,730.86,28242.0,2025-08-10T19:37:27+00:00
4920,0.72,239.93,4462.0,2025-08-10T19:37:30+00:00
6108,0.905,59.0,6986.0,2025-08-10T19:37:36+00:00
15451,0.995,99.99,26833.0,2025-08-10T19:37:37+00:00
15506,1.0,99.99,26899.0,2025-08-10T19:37:37+00:00
6334,0.97,1.0,7535.0,2025-08-10T19:37:37+00:00
6336,0.98,1.0,7543.0,2025-08-10T19:37:37+00:00
15566,1.0,99.99,26961.0,2025-08-10T19:37:37+00:00
6446,0.98,1.0,7672.0,2025-08-10T19:37:38+00:00
6472,0.945,1.0,7740.0,2025-08-10T19:37:38+00:00
15751,1.0,99.99,27187.0,2025-08-10T19:37:39+00:00
6609,0.965,1.0,8090.0,2025-08-10T19:37:39+00:00
6641,0.945,1.0,8169.0,2025-08-10T19:37:39+00:00
6774,0.985,1.0,8528.0,2025-08-10T19:37:40+00:00
17317,0.985,99.99,28625.0,2025-08-10T19:37:46+00:00
17366,0.99,99.99,28658.0,2025-08-10T19:37:46+00:00
17407,0.97,99.99,28692.0,2025-08-10T19:37:47+00:00
17480,0.84,99.99,28755.0,2025-08-10T19:37:47+00:00
18466,0.78,0.68,29526.0,2025-08-10T19:37:52+00:00
18773,0.97,0.68,29753.0,2025-08-10T19:37:54+00:00
6331,0.965,1.0,7526.0,2025-08-10T19:37:56+00:00
6717,0.975,1.0,8408.0,2025-08-10T19:37:58+00:00
6734,0.985,1.0,8451.0,2025-08-10T19:37:58+00:00
6820,1.0,1.0,8614.0,2025-08-10T19:37:59+00:00
6870,1.0,1.0,8757.0,2025-08-10T19:37:59+00:00
6899,1.0,1.0,8878.0,2025-08-10T19:37:59+00:00
6903,1.0,1.0,8886.0,2025-08-10T19:37:59+00:00
6329,0.77,1.0,7519.0,2025-08-10T19:38:15+00:00
6338,0.98,1.0,7551.0,2025-08-10T19:38:15+00:00
6427,0.99,1.0,7610.0,2025-08-10T19:38:15+00:00
6529,0.99,1.0,7891.0,2025-08-10T19:38:15+00:00
6719,0.97,1.0,8415.0,2025-08-10T19:38:16+00:00
6882,0.93,1.1,8808.0,2025-08-10T19:38:17+00:00
6971,0.82,1809.68,9064.0,2025-08-10T19:38:18+00:00
623,0.6,529.0,472.0,2025-08-10T19:38:21+00:00
8296,0.925,1.0,11080.0,2025-08-10T19:38:25+00:00
8335,0.94,1.0,11131.0,2025-08-10T19:38:25+00:00
8617,0.865,1.0,11635.0,2025-08-10T19:38:27+00:00
8845,0.985,30.39,12095.0,2025-08-10T19:38:28+00:00
18472,0.825,0.68,29531.0,2025-08-10T19:38:29+00:00
18809,0.87,30.3,29785.0,2025-08-10T19:38:31+00:00
9487,0.99,1.0,14073.0,2025-08-10T19:38:31+00:00
9509,0.995,1.0,14152.0,2025-08-10T19:38:31+00:00
10484,0.605,3.79,17187.0,2025-08-10T19:38:36+00:00
10498,0.645,3.93,17230.0,2025-08-10T19:38:36+00:00
541,0.8,0.0,406.0,2025-08-10T19:38:39+00:00
8312,0.95,1.0,11092.0,2025-08-10T19:38:44+00:00
8615,0.975,1.0,11629.0,2025-08-10T19:38:46+00:00
8842,0.995,0.0,12093.0,2025-08-10T19:38:47+00:00
10204,0.8,11.39,15817.0,2025-08-10T19:38:54+00:00
10897,1.0,1.0,18690.0,2025-08-10T19:38:58+00:00
8972,0.78,179.66,12393.0,2025-08-10T19:39:06+00:00
9035,1.0,1.0,12597.0,2025-08-10T19:39:06+00:00
9179,0.985,1.0,13126.0,2025-08-10T19:39:07+00:00
9252,0.955,1.0,13323.0,2025-08-10T19:39:08+00:00
10497,0.645,3.79,17220.0,2025-08-10T19:39:14+00:00
10568,0.965,1.0,17520.0,2025-08-10T19:39:15+00:00
10630,0.99,766.36,17838.0,2025-08-10T19:39:15+00:00
10690,0.88,1218.89,18088.0,2025-08-10T19:39:15+00:00
10801,0.985,1.0,18399.0,2025-08-10T19:39:16+00:00
10891,0.945,188.78,18675.0,2025-08-10T19:39:16+00:00
11841,0.995,1.0,20332.0,2025-08-10T19:39:21+00:00
12108,0.995,1.0,21046.0,2025-08-10T19:39:23+00:00
4920,0.72,239.93,4462.0,2025-08-10T19:39:23+00:00
11343,0.995,1.0,19762.0,2025-08-10T19:39:39+00:00
12261,0.99,1.0,21419.0,2025-08-10T19:39:44+00:00
12369,0.96,1.0,21662.0,2025-08-10T19:39:45+00:00
6334,0.97,1.0,7535.0,2025-08-10T19:39:49+00:00
6336,0.98,1.0,7543.0,2025-08-10T19:39:49+00:00
6338,0.98,1.0,7551.0,2025-08-10T19:39:49+00:00
6609,0.965,1.0,8090.0,2025-08-10T19:39:50+00:00
6641,0.945,1.0,8169.0,2025-08-10T19:39:50+00:00
6717,0.975,1.0,8408.0,2025-08-10T19:39:51+00:00
6734,0.985,1.0,8451.0,2025-08-10T19:39:51+00:00
6820,1.0,1.0,8614.0,2025-08-10T19:39:51+00:00
14104,0.77,3.12,25095.0,2025-08-10T19:39:53+00:00
14338,0.665,3.76,25426.0,2025-08-10T19:39:55+00:00
11710,1.0,1.0,20011.0,2025-08-10T19:39:59+00:00
11880,0.995,1.0,20451.0,2025-08-10T19:40:00+00:00
12070,0.995,1.0,20931.0,2025-08-10T19:40:01+00:00
6329,0.77,1.0,7519.0,2025-08-10T19:40:09+00:00
6331,0.965,1.0,7526.0,2025-08-10T19:40:09+00:00
6427,0.99,1.0,7610.0,2025-08-10T19:40:09+00:00
6446,0.98,1.0,7672.0,2025-08-10T19:40:09+00:00
6472,0.945,1.0,7740.0,2025-08-10T19:40:09+00:00
14170,0.795,99.99,25198.0,2025-08-10T19:40:11+00:00
14197,0.885,99.99,25231.0,2025-08-10T19:40:11+00:00
6870,1.0,1.0,8757.0,2025-08-10T19:40:11+00:00
14211,0.93,99.99,25254.0,2025-08-10T19:40:11+00:00
6899,1.0,1.0,8878.0,2025-08-10T19:40:12+00:00
6903,1.0,1.0,8886.0,2025-08-10T19:40:12+00:00
6971,0.82,1809.68,9064.0,2025-08-10T19:40:12+00:00
15166,0.96,99.99,26523.0,2025-08-10T19:40:17+00:00
15476,1.0,99.99,26863.0,2025-08-10T19:40:19+00:00
541,0.8,0.0,406.0,2025-08-10T19:40:19+00:00
15781,0.99,99.99,27219.0,2025-08-10T19:40:21+00:00
16110,0.31,1.0,27524.0,2025-08-10T19:40:22+00:00
16780,0.945,99.99,28143.0,2025-08-10T19:40:26+00:00
6108,0.905,59.0,6986.0,2025-08-10T19:40:27+00:00
16851,0.24,1.0,28233.0,2025-08-10T19:40:27+00:00
6529,0.99,1.0,7891.0,2025-08-10T19:40:29+00:00
6719,0.97,1.0,8415.0,2025-08-10T19:40:30+00:00
6774,0.985,1.0,8528.0,2025-08-10T19:40:30+00:00
17453,0.945,99.99,28726.0,2025-08-10T19:40:30+00:00
6882,0.93,1.1,8808.0,2025-08-10T19:40:31+00:00
14920,0.275,1.0,26217.0,2025-08-10T19:40:38+00:00
15204,0.965,99.99,26556.0,2025-08-10T19:40:40+00:00
15225,0.995,99.99,26585.0,2025-08-10T19:40:40+00:00
623,0.6,529.0,472.0,2025-08-10T19:40:42+00:00
15539,1.0,99.99,26931.0,2025-08-10T19:40:42+00:00
15736,1.0,99.99,27163.0,2025-08-10T19:40:43+00:00
15810,0.955,99.99,27252.0,2025-08-10T19:40:43+00:00
16415,0.975,23.36,27784.0,2025-08-10T19:40:47+00:00
16863,0.86,730.86,28242.0,2025-08-10T19:40:50+00:00
15451,0.995,99.99,26833.0,2025-08-10T19:41:01+00:00
15506,1.0,99.99,26899.0,2025-08-10T19:41:01+00:00
15566,1.0,99.99,26961.0,2025-08-10T19:41:02+00:00
15751,1.0,99.99,27187.0,2025-08-10T19:41:03+00:00
17317,0.985,99.99,28625.0,2025-08-10T19:41:12+00:00
17366,0.99,99.99,28658.0,2025-08-10T19:41:12+00:00
17407,0.97,99.99,28692.0,2025-08-10T19:41:12+00:00
17480,0.84,99.99,28755.0,2025-08-10T19:41:12+00:00
18466,0.78,0.68,29526.0,2025-08-10T19:41:19+00:00
18773,0.97,0.68,29753.0,2025-08-10T19:41:21+00:00
4920,0.72,239.93,4462.0,2025-08-10T19:41:46+00:00
6108,0.905,59.0,6986.0,2025-08-10T19:41:51+00:00
6329,0.77,1.0,7519.0,2025-08-10T19:41:52+00:00
6338,0.98,1.0,7551.0,2025-08-10T19:41:52+00:00
6427,0.99,1.0,7610.0,2025-08-10T19:41:53+00:00
6446,0.98,1.0,7672.0,2025-08-10T19:41:53+00:00
6472,0.945,1.0,7740.0,2025-08-10T19:41:53+00:00
6641,0.945,1.0,8169.0,2025-08-10T19:41:54+00:00
6734,0.985,1.0,8451.0,2025-08-10T19:41:54+00:00
6870,1.0,1.0,8757.0,2025-08-10T19:41:55+00:00
6899,1.0,1.0,8878.0,2025-08-10T19:41:55+00:00
8335,0.94,1.0,11131.0,2025-08-10T19:42:01+00:00
8617,0.865,1.0,11635.0,2025-08-10T19:42:02+00:00
8845,0.985,30.39,12095.0,2025-08-10T19:42:04+00:00
9035,1.0,1.0,12597.0,2025-08-10T19:42:04+00:00
623,0.6,529.0,472.0,2025-08-10T19:42:06+00:00
6331,0.965,1.0,7526.0,2025-08-10T19:42:11+00:00
6717,0.975,1.0,8408.0,2025-08-10T19:42:13+00:00
6774,0.985,1.0,8528.0,2025-08-10T19:42:13+00:00
6820,1.0,1.0,8614.0,2025-08-10T19:42:13+00:00
6882,0.93,1.1,8808.0,2025-08-10T19:42:14+00:00
18472,0.825,0.68,29531.0,2025-08-10T19:42:14+00:00
18809,0.87,30.3,29785.0,2025-08-10T19:42:15+00:00
8312,0.95,1.0,11092.0,2025-08-10T19:42:21+00:00
541,0.8,0.0,406.0,2025-08-10T19:42:23+00:00
6334,0.97,1.0,7535.0,2025-08-10T19:42:28+00:00
6336,0.98,1.0,7543.0,2025-08-10T19:42:28+00:00
6529,0.99,1.0,7891.0,2025-08-10T19:42:29+00:00
6609,0.965,1.0,8090.0,2025-08-10T19:42:29+00:00
6719,0.97,1.0,8415.0,2025-08-10T19:42:30+00:00
6903,1.0,1.0,8886.0,2025-08-10T19:42:31+00:00
6971,0.82,1809.68,9064.0,2025-08-10T19:42:31+00:00
6334,0.97,1.0,7535.0,2025-08-10T19:42:33+00:00
6336,0.98,1.0,7543.0,2025-08-10T19:42:33+00:00
6338,0.98,1.0,7551.0,2025-08-10T19:42:33+00:00
6609,0.965,1.0,8090.0,2025-08-10T19:42:35+00:00
6641,0.945,1.0,8169.0,2025-08-10T19:42:35+00:00
6717,0.975,1.0,8408.0,2025-08-10T19:42:35+00:00
6734,0.985,1.0,8451.0,2025-08-10T19:42:35+00:00
6820,1.0,1.0,8614.0,2025-08-10T19:42:36+00:00
8296,0.925,1.0,11080.0,2025-08-10T19:42:38+00:00
8615,0.975,1.0,11629.0,2025-08-10T19:42:39+00:00
10484,0.605,3.79,17187.0,2025-08-10T19:42:47+00:00
10498,0.645,3.93,17230.0,2025-08-10T19:42:47+00:00
10568,0.965,1.0,17520.0,2025-08-10T19:42:47+00:00
12261,0.99,1.0,21419.0,2025-08-10T19:42:55+00:00
8842,0.995,0.0,12093.0,2025-08-10T19:42:58+00:00
9487,0.99,1.0,14073.0,2025-08-10T19:43:01+00:00
4920,0.72,239.93,4462.0,2025-08-10T19:43:02+00:00
10497,0.645,3.79,17220.0,2025-08-10T19:43:06+00:00
10801,0.985,1.0,18399.0,2025-08-10T19:43:07+00:00
10897,1.0,1.0,18690.0,2025-08-10T19:43:08+00:00
11343,0.995,1.0,19762.0,2025-08-10T19:43:10+00:00
11710,1.0,1.0,20011.0,2025-08-10T19:43:12+00:00
12108,0.995,1.0,21046.0,2025-08-10T19:43:14+00:00
8972,0.78,179.66,12393.0,2025-08-10T19:43:16+00:00
9179,0.985,1.0,13126.0,2025-08-10T19:43:17+00:00
9252,0.955,1.0,13323.0,2025-08-10T19:43:17+00:00
9509,0.995,1.0,14152.0,2025-08-10T19:43:18+00:00
10204,0.8,11.39,15817.0,2025-08-10T19:43:22+00:00
10630,0.99,766.36,17838.0,2025-08-10T19:43:24+00:00
10690,0.88,1218.89,18088.0,2025-08-10T19:43:24+00:00
10891,0.945,188.78,18675.0,2025-08-10T19:43:25+00:00
11841,0.995,1.0,20332.0,2025-08-10T19:43:29+00:00
11880,0.995,1.0,20451.0,2025-08-10T19:43:29+00:00
12070,0.995,1.0,20931.0,2025-08-10T19:43:30+00:00
12369,0.96,1.0,21662.0,2025-08-10T19:43:32+00:00
14170,0.795,99.99,25198.0,2025-08-10T19:43:39+00:00
14211,0.93,99.99,25254.0,2025-08-10T19:43:39+00:00
14338,0.665,3.76,25426.0,2025-08-10T19:43:40+00:00
6329,0.77,1.0,7519.0,2025-08-10T19:43:44+00:00
6331,0.965,1.0,7526.0,2025-08-10T19:43:44+00:00
6427,0.99,1.0,7610.0,2025-08-10T19:43:45+00:00
6446,0.98,1.0,7672.0,2025-08-10T19:43:45+00:00
6472,0.945,1.0,7740.0,2025-08-10T19:43:45+00:00
6870,1.0,1.0,8757.0,2025-08-10T19:43:47+00:00
6899,1.0,1.0,8878.0,2025-08-10T19:43:47+00:00
6903,1.0,1.0,8886.0,2025-08-10T19:43:47+00:00
6971,0.82,1809.68,9064.0,2025-08-10T19:43:47+00:00
541,0.8,0.0,406.0,2025-08-10T19:43:54+00:00
6108,0.905,59.0,6986.0,2025-08-10T19:44:00+00:00
6529,0.99,1.0,7891.0,2025-08-10T19:44:02+00:00
6719,0.97,1.0,8415.0,2025-08-10T19:44:03+00:00
6774,0.985,1.0,8528.0,2025-08-10T19:44:03+00:00
6882,0.93,1.1,8808.0,2025-08-10T19:44:03+00:00
541,0.8,0.0,406.0,2025-08-10T19:44:04+00:00
623,0.6,529.0,472.0,2025-08-10T19:44:11+00:00
14104,0.77,3.12,25095.0,2025-08-10T19:44:15+00:00
14197,0.885,99.99,25231.0,2025-08-10T19:44:15+00:00
6108,0.905,59.0,6986.0,2025-08-10T19:44:19+00:00
6329,0.77,1.0,7519.0,2025-08-10T19:44:20+00:00
6338,0.98,1.0,7551.0,2025-08-10T19:44:20+00:00
623,0.6,529.0,472.0,2025-08-10T19:44:20+00:00
6427,0.99,1.0,7610.0,2025-08-10T19:44:21+00:00
6446,0.98,1.0,7672.0,2025-08-10T19:44:21+00:00
6472,0.945,1.0,7740.0,2025-08-10T19:44:21+00:00
6641,0.945,1.0,8169.0,2025-08-10T19:44:22+00:00
6734,0.985,1.0,8451.0,2025-08-10T19:44:22+00:00
6870,1.0,1.0,8757.0,2025-08-10T19:44:23+00:00
6899,1.0,1.0,8878.0,2025-08-10T19:44:23+00:00
8335,0.94,1.0,11131.0,2025-08-10T19:44:29+00:00
8617,0.865,1.0,11635.0,2025-08-10T19:44:30+00:00
8845,0.985,30.39,12095.0,2025-08-10T19:44:32+00:00
9035,1.0,1.0,12597.0,2025-08-10T19:44:32+00:00
4920,0.72,239.93,4462.0,2025-08-10T19:44:40+00:00
4920,0.72,239.93,4462.0,2025-08-10T19:45:07+00:00
10484,0.605,3.79,17187.0,2025-08-10T19:45:16+00:00
10498,0.645,3.93,17230.0,2025-08-10T19:45:16+00:00
10568,0.965,1.0,17520.0,2025-08-10T19:45:16+00:00
6331,0.965,1.0,7526.0,2025-08-10T19:45:23+00:00
6427,0.99,1.0,7610.0,2025-08-10T19:45:24+00:00
12261,0.99,1.0,21419.0,2025-08-10T19:45:25+00:00
6609,0.965,1.0,8090.0,2025-08-10T19:45:25+00:00
6641,0.945,1.0,8169.0,2025-08-10T19:45:25+00:00
6820,1.0,1.0,8614.0,2025-08-10T19:45:26+00:00
6882,0.93,1.1,8808.0,2025-08-10T19:45:26+00:00
6903,1.0,1.0,8886.0,2025-08-10T19:45:26+00:00
6331,0.965,1.0,7526.0,2025-08-10T19:45:34+00:00
8335,0.94,1.0,11131.0,2025-08-10T19:45:34+00:00
6717,0.975,1.0,8408.0,2025-08-10T19:45:36+00:00
6774,0.985,1.0,8528.0,2025-08-10T19:45:36+00:00
6820,1.0,1.0,8614.0,2025-08-10T19:45:37+00:00
8842,0.995,0.0,12093.0,2025-08-10T19:45:37+00:00
6882,0.93,1.1,8808.0,2025-08-10T19:45:37+00:00
8972,0.78,179.66,12393.0,2025-08-10T19:45:38+00:00
9035,1.0,1.0,12597.0,2025-08-10T19:45:38+00:00
8312,0.95,1.0,11092.0,2025-08-10T19:45:45+00:00
6329,0.77,1.0,7519.0,2025-08-10T19:45:46+00:00
6334,0.97,1.0,7535.0,2025-08-10T19:45:46+00:00
6336,0.98,1.0,7543.0,2025-08-10T19:45:46+00:00
6334,0.97,1.0,7535.0,2025-08-10T19:45:53+00:00
6336,0.98,1.0,7543.0,2025-08-10T19:45:53+00:00
6529,0.99,1.0,7891.0,2025-08-10T19:45:54+00:00
6609,0.965,1.0,8090.0,2025-08-10T19:45:55+00:00
6719,0.97,1.0,8415.0,2025-08-10T19:45:55+00:00
6903,1.0,1.0,8886.0,2025-08-10T19:45:56+00:00
6971,0.82,1809.68,9064.0,2025-08-10T19:45:57+00:00
6108,0.905,59.0,6986.0,2025-08-10T19:46:01+00:00
6338,0.98,1.0,7551.0,2025-08-10T19:46:02+00:00
6446,0.98,1.0,7672.0,2025-08-10T19:46:03+00:00
6472,0.945,1.0,7740.0,2025-08-10T19:46:03+00:00
6529,0.99,1.0,7891.0,2025-08-10T19:46:04+00:00
8296,0.925,1.0,11080.0,2025-08-10T19:46:04+00:00
6717,0.975,1.0,8408.0,2025-08-10T19:46:04+00:00
6719,0.97,1.0,8415.0,2025-08-10T19:46:04+00:00
6734,0.985,1.0,8451.0,2025-08-10T19:46:05+00:00
6774,0.985,1.0,8528.0,2025-08-10T19:46:05+00:00
6870,1.0,1.0,8757.0,2025-08-10T19:46:05+00:00
8615,0.975,1.0,11629.0,2025-08-10T19:46:05+00:00
6899,1.0,1.0,8878.0,2025-08-10T19:46:06+00:00
6971,0.82,1809.68,9064.0,2025-08-10T19:46:06+00:00
8296,0.925,1.0,11080.0,2025-08-10T19:46:13+00:00
8312,0.95,1.0,11092.0,2025-08-10T19:46:14+00:00
14170,0.795,99.99,25198.0,2025-08-10T19:46:15+00:00
14211,0.93,99.99,25254.0,2025-08-10T19:46:15+00:00
8615,0.975,1.0,11629.0,2025-08-10T19:46:15+00:00
8617,0.865,1.0,11635.0,2025-08-10T19:46:15+00:00
14338,0.665,3.76,25426.0,2025-08-10T19:46:16+00:00
8845,0.985,30.39,12095.0,2025-08-10T19:46:16+00:00
9179,0.985,1.0,13126.0,2025-08-10T19:46:18+00:00
9487,0.99,1.0,14073.0,2025-08-10T19:46:20+00:00
10630,0.99,766.36,17838.0,2025-08-10T19:46:26+00:00
10801,0.985,1.0,18399.0,2025-08-10T19:46:27+00:00
8842,0.995,0.0,12093.0,2025-08-10T19:46:27+00:00
10891,0.945,188.78,18675.0,2025-08-10T19:46:27+00:00
11343,0.995,1.0,19762.0,2025-08-10T19:46:30+00:00
9487,0.99,1.0,14073.0,2025-08-10T19:46:31+00:00
11841,0.995,1.0,20332.0,2025-08-10T19:46:32+00:00
11880,0.995,1.0,20451.0,2025-08-10T19:46:33+00:00
12261,0.99,1.0,21419.0,2025-08-10T19:46:35+00:00
10497,0.645,3.79,17220.0,2025-08-10T19:46:36+00:00
10801,0.985,1.0,18399.0,2025-08-10T19:46:37+00:00
10897,1.0,1.0,18690.0,2025-08-10T19:46:38+00:00
11343,0.995,1.0,19762.0,2025-08-10T19:46:40+00:00
11710,1.0,1.0,20011.0,2025-08-10T19:46:42+00:00
12108,0.995,1.0,21046.0,2025-08-10T19:46:44+00:00
10204,0.8,11.39,15817.0,2025-08-10T19:46:45+00:00
8972,0.78,179.66,12393.0,2025-08-10T19:46:47+00:00
9179,0.985,1.0,13126.0,2025-08-10T19:46:48+00:00
9252,0.955,1.0,13323.0,2025-08-10T19:46:48+00:00
10897,1.0,1.0,18690.0,2025-08-10T19:46:49+00:00
9509,0.995,1.0,14152.0,2025-08-10T19:46:49+00:00
10204,0.8,11.39,15817.0,2025-08-10T19:46:53+00:00
10630,0.99,766.36,17838.0,2025-08-10T19:46:55+00:00
10690,0.88,1218.89,18088.0,2025-08-10T19:46:56+00:00
10891,0.945,188.78,18675.0,2025-08-10T19:46:57+00:00
9252,0.955,1.0,13323.0,2025-08-10T19:46:57+00:00
9509,0.995,1.0,14152.0,2025-08-10T19:46:59+00:00
11841,0.995,1.0,20332.0,2025-08-10T19:47:02+00:00
11880,0.995,1.0,20451.0,2025-08-10T19:47:02+00:00
12070,0.995,1.0,20931.0,2025-08-10T19:47:03+00:00
10484,0.605,3.79,17187.0,2025-08-10T19:47:04+00:00
10497,0.645,3.79,17220.0,2025-08-10T19:47:04+00:00
10498,0.645,3.93,17230.0,2025-08-10T19:47:04+00:00
10568,0.965,1.0,17520.0,2025-08-10T19:47:04+00:00
12369,0.96,1.0,21662.0,2025-08-10T19:47:04+00:00
10690,0.88,1218.89,18088.0,2025-08-10T19:47:05+00:00
11710,1.0,1.0,20011.0,2025-08-10T19:47:10+00:00
12070,0.995,1.0,20931.0,2025-08-10T19:47:12+00:00
12108,0.995,1.0,21046.0,2025-08-10T19:47:12+00:00
12369,0.96,1.0,21662.0,2025-08-10T19:47:13+00:00
4920,0.72,239.93,4462.0,2025-08-10T19:47:22+00:00
15451,0.995,99.99,26833.0,2025-08-10T19:47:30+00:00
15539,1.0,99.99,26931.0,2025-08-10T19:47:31+00:00
15566,1.0,99.99,26961.0,2025-08-10T19:47:31+00:00
15736,1.0,99.99,27163.0,2025-08-10T19:47:32+00:00
15810,0.955,99.99,27252.0,2025-08-10T19:47:32+00:00
16110,0.31,1.0,27524.0,2025-08-10T19:47:34+00:00
541,0.8,0.0,406.0,2025-08-10T19:47:40+00:00
14104,0.77,3.12,25095.0,2025-08-10T19:47:44+00:00
14197,0.885,99.99,25231.0,2025-08-10T19:47:45+00:00
14338,0.665,3.76,25426.0,2025-08-10T19:47:45+00:00
14920,0.275,1.0,26217.0,2025-08-10T19:47:48+00:00
15204,0.965,99.99,26556.0,2025-08-10T19:47:50+00:00
15506,1.0,99.99,26899.0,2025-08-10T19:47:52+00:00
14104,0.77,3.12,25095.0,2025-08-10T19:47:52+00:00
14197,0.885,99.99,25231.0,2025-08-10T19:47:53+00:00
15781,0.99,99.99,27219.0,2025-08-10T19:47:53+00:00
623,0.6,529.0,472.0,2025-08-10T19:47:58+00:00
14170,0.795,99.99,25198.0,2025-08-10T19:48:01+00:00
14211,0.93,99.99,25254.0,2025-08-10T19:48:01+00:00
15166,0.96,99.99,26523.0,2025-08-10T19:48:06+00:00
15225,0.995,99.99,26585.0,2025-08-10T19:48:07+00:00
6331,0.965,1.0,7526.0,2025-08-10T19:48:08+00:00
15476,1.0,99.99,26863.0,2025-08-10T19:48:08+00:00
6427,0.99,1.0,7610.0,2025-08-10T19:48:08+00:00
15751,1.0,99.99,27187.0,2025-08-10T19:48:09+00:00
6609,0.965,1.0,8090.0,2025-08-10T19:48:10+00:00
6641,0.945,1.0,8169.0,2025-08-10T19:48:10+00:00
6820,1.0,1.0,8614.0,2025-08-10T19:48:11+00:00
6882,0.93,1.1,8808.0,2025-08-10T19:48:11+00:00
6903,1.0,1.0,8886.0,2025-08-10T19:48:11+00:00
16780,0.945,99.99,28143.0,2025-08-10T19:48:16+00:00
16863,0.86,730.86,28242.0,2025-08-10T19:48:16+00:00
17317,0.985,99.99,28625.0,2025-08-10T19:48:18+00:00
17366,0.99,99.99,28658.0,2025-08-10T19:48:19+00:00
8335,0.94,1.0,11131.0,2025-08-10T19:48:19+00:00
8842,0.995,0.0,12093.0,2025-08-10T19:48:22+00:00
8972,0.78,179.66,12393.0,2025-08-10T19:48:22+00:00
9035,1.0,1.0,12597.0,2025-08-10T19:48:23+00:00
18809,0.87,30.3,29785.0,2025-08-10T19:48:26+00:00
16415,0.975,23.36,27784.0,2025-08-10T19:48:35+00:00
16851,0.24,1.0,28233.0,2025-08-10T19:48:37+00:00
17453,0.945,99.99,28726.0,2025-08-10T19:48:40+00:00
17480,0.84,99.99,28755.0,2025-08-10T19:48:40+00:00
18472,0.825,0.68,29531.0,2025-08-10T19:48:46+00:00
17407,0.97,99.99,28692.0,2025-08-10T19:48:58+00:00
9179,0.985,1.0,13126.0,2025-08-10T19:49:03+00:00
18466,0.78,0.68,29526.0,2025-08-10T19:49:04+00:00
9487,0.99,1.0,14073.0,2025-08-10T19:49:05+00:00
18773,0.97,0.68,29753.0,2025-08-10T19:49:05+00:00
10630,0.99,766.36,17838.0,2025-08-10T19:49:11+00:00
10801,0.985,1.0,18399.0,2025-08-10T19:49:12+00:00
10891,0.945,188.78,18675.0,2025-08-10T19:49:12+00:00
11343,0.995,1.0,19762.0,2025-08-10T19:49:15+00:00
11841,0.995,1.0,20332.0,2025-08-10T19:49:18+00:00
11880,0.995,1.0,20451.0,2025-08-10T19:49:18+00:00
12261,0.99,1.0,21419.0,2025-08-10T19:49:20+00:00
23308,0.97,0.0,32686.0,2025-08-10T19:49:30+00:00
6329,0.77,1.0,7519.0,2025-08-10T19:49:30+00:00
6334,0.97,1.0,7535.0,2025-08-10T19:49:30+00:00
6336,0.98,1.0,7543.0,2025-08-10T19:49:31+00:00
27362,0.675,1.52,34521.0,2025-08-10T19:49:52+00:00
20198,0.75,104.81,30852.0,2025-08-10T19:49:55+00:00
541,0.8,0.0,406.0,2025-08-10T19:50:14+00:00
27738,0.955,125.3,34684.0,2025-08-10T19:50:36+00:00
27749,0.97,19.02,34687.0,2025-08-10T19:50:36+00:00
623,0.6,529.0,472.0,2025-08-10T19:50:39+00:00
29687,0.645,0.76,35585.0,2025-08-10T19:50:50+00:00
30384,0.97,1.0,35899.0,2025-08-10T19:50:56+00:00
30473,0.975,14.46,35942.0,2025-08-10T19:50:57+00:00
31002,0.99,111.7,36170.0,2025-08-10T19:51:00+00:00
23422,0.865,717.15,32745.0,2025-08-10T19:51:00+00:00
4920,0.72,239.93,4462.0,2025-08-10T19:51:30+00:00
6108,0.905,59.0,6986.0,2025-08-10T19:51:38+00:00
6334,0.97,1.0,7535.0,2025-08-10T19:51:39+00:00
6336,0.98,1.0,7543.0,2025-08-10T19:51:39+00:00
6446,0.98,1.0,7672.0,2025-08-10T19:51:40+00:00
6472,0.945,1.0,7740.0,2025-08-10T19:51:40+00:00
6609,0.965,1.0,8090.0,2025-08-10T19:51:41+00:00
6641,0.945,1.0,8169.0,2025-08-10T19:51:41+00:00
6774,0.985,1.0,8528.0,2025-08-10T19:51:42+00:00
26802,0.9,19.02,34256.0,2025-08-10T19:51:42+00:00
33276,0.795,12.31,37167.0,2025-08-10T19:51:58+00:00
6331,0.965,1.0,7526.0,2025-08-10T19:52:01+00:00
6717,0.975,1.0,8408.0,2025-08-10T19:52:03+00:00
6734,0.985,1.0,8451.0,2025-08-10T19:52:03+00:00
6820,1.0,1.0,8614.0,2025-08-10T19:52:04+00:00
6870,1.0,1.0,8757.0,2025-08-10T19:52:04+00:00
6899,1.0,1.0,8878.0,2025-08-10T19:52:04+00:00
6903,1.0,1.0,8886.0,2025-08-10T19:52:04+00:00
27627,0.985,18.96,34634.0,2025-08-10T19:52:11+00:00
6329,0.77,1.0,7519.0,2025-08-10T19:52:23+00:00
6338,0.98,1.0,7551.0,2025-08-10T19:52:23+00:00
6427,0.99,1.0,7610.0,2025-08-10T19:52:24+00:00
6529,0.99,1.0,7891.0,2025-08-10T19:52:24+00:00
6719,0.97,1.0,8415.0,2025-08-10T19:52:25+00:00
6882,0.93,1.1,8808.0,2025-08-10T19:52:26+00:00
6971,0.82,1809.68,9064.0,2025-08-10T19:52:27+00:00
30100,0.98,60.6,35771.0,2025-08-10T19:52:27+00:00
30398,0.95,9.13,35906.0,2025-08-10T19:52:29+00:00
30442,0.995,4.56,35926.0,2025-08-10T19:52:29+00:00
8296,0.925,1.0,11080.0,2025-08-10T19:52:34+00:00
8335,0.94,1.0,11131.0,2025-08-10T19:52:35+00:00
8617,0.865,1.0,11635.0,2025-08-10T19:52:37+00:00
8845,0.985,30.39,12095.0,2025-08-10T19:52:38+00:00
28976,0.275,2.69,35261.0,2025-08-10T19:52:38+00:00
9487,0.99,1.0,14073.0,2025-08-10T19:52:41+00:00
9509,0.995,1.0,14152.0,2025-08-10T19:52:41+00:00
30314,0.98,7.61,35866.0,2025-08-10T19:52:45+00:00
10484,0.605,3.79,17187.0,2025-08-10T19:52:47+00:00
10498,0.645,3.93,17230.0,2025-08-10T19:52:47+00:00
8312,0.95,1.0,11092.0,2025-08-10T19:52:55+00:00
8615,0.975,1.0,11629.0,2025-08-10T19:52:57+00:00
8842,0.995,0.0,12093.0,2025-08-10T19:52:58+00:00
10204,0.8,11.39,15817.0,2025-08-10T19:53:06+00:00
10897,1.0,1.0,18690.0,2025-08-10T19:53:10+00:00
30496,0.975,111.7,35953.0,2025-08-10T19:53:10+00:00
8972,0.78,179.66,12393.0,2025-08-10T19:53:19+00:00
9035,1.0,1.0,12597.0,2025-08-10T19:53:19+00:00
9179,0.985,1.0,13126.0,2025-08-10T19:53:20+00:00
9252,0.955,1.0,13323.0,2025-08-10T19:53:20+00:00
10497,0.645,3.79,17220.0,2025-08-10T19:53:27+00:00
10568,0.965,1.0,17520.0,2025-08-10T19:53:28+00:00
10630,0.99,766.36,17838.0,2025-08-10T19:53:28+00:00
10690,0.88,1218.89,18088.0,2025-08-10T19:53:28+00:00
10801,0.985,1.0,18399.0,2025-08-10T19:53:29+00:00
10891,0.945,188.78,18675.0,2025-08-10T19:53:30+00:00
11841,0.995,1.0,20332.0,2025-08-10T19:53:34+00:00
12108,0.995,1.0,21046.0,2025-08-10T19:53:36+00:00
11343,0.995,1.0,19762.0,2025-08-10T19:53:58+00:00
12261,0.99,1.0,21419.0,2025-08-10T19:54:05+00:00
12369,0.96,1.0,21662.0,2025-08-10T19:54:06+00:00
41569,0.875,1.0,40742.0,2025-08-10T19:54:14+00:00
14104,0.77,3.12,25095.0,2025-08-10T19:54:15+00:00
14338,0.665,3.76,25426.0,2025-08-10T19:54:17+00:00
11710,1.0,1.0,20011.0,2025-08-10T19:54:22+00:00
11880,0.995,1.0,20451.0,2025-08-10T19:54:22+00:00
12070,0.995,1.0,20931.0,2025-08-10T19:54:23+00:00
14170,0.795,99.99,25198.0,2025-08-10T19:54:37+00:00
14197,0.885,99.99,25231.0,2025-08-10T19:54:37+00:00
14211,0.93,99.99,25254.0,2025-08-10T19:54:37+00:00
15166,0.96,99.99,26523.0,2025-08-10T19:54:43+00:00
15476,1.0,99.99,26863.0,2025-08-10T19:54:46+00:00
15781,0.99,99.99,27219.0,2025-08-10T19:54:49+00:00
16110,0.31,1.0,27524.0,2025-08-10T19:54:51+00:00
16780,0.945,99.99,28143.0,2025-08-10T19:54:54+00:00
16851,0.24,1.0,28233.0,2025-08-10T19:54:55+00:00
17453,0.945,99.99,28726.0,2025-08-10T19:54:58+00:00
14920,0.275,1.0,26217.0,2025-08-10T19:55:06+00:00
42549,0.98,88.23,41147.0,2025-08-10T19:55:06+00:00
42635,1.0,11.38,41181.0,2025-08-10T19:55:07+00:00
15204,0.965,99.99,26556.0,2025-08-10T19:55:07+00:00
15225,0.995,99.99,26585.0,2025-08-10T19:55:07+00:00
42756,0.99,0.0,41233.0,2025-08-10T19:55:08+00:00
42856,0.965,173.07,41273.0,2025-08-10T19:55:08+00:00
42936,0.995,59.68,41305.0,2025-08-10T19:55:08+00:00
42958,0.955,9.99,41313.0,2025-08-10T19:55:08+00:00
15539,1.0,99.99,26931.0,2025-08-10T19:55:09+00:00
43061,0.975,34.12,41353.0,2025-08-10T19:55:09+00:00
15736,1.0,99.99,27163.0,2025-08-10T19:55:10+00:00
15810,0.955,99.99,27252.0,2025-08-10T19:55:10+00:00
43681,1.0,53.95,41607.0,2025-08-10T19:55:12+00:00
16415,0.975,23.36,27784.0,2025-08-10T19:55:13+00:00
16863,0.86,730.86,28242.0,2025-08-10T19:55:16+00:00
15451,0.995,99.99,26833.0,2025-08-10T19:55:27+00:00
15506,1.0,99.99,26899.0,2025-08-10T19:55:27+00:00
15566,1.0,99.99,26961.0,2025-08-10T19:55:28+00:00
15751,1.0,99.99,27187.0,2025-08-10T19:55:29+00:00
40085,0.755,1.0,40086.0,2025-08-10T19:55:38+00:00
17317,0.985,99.99,28625.0,2025-08-10T19:55:39+00:00
17366,0.99,99.99,28658.0,2025-08-10T19:55:39+00:00
17407,0.97,99.99,28692.0,2025-08-10T19:55:39+00:00
17480,0.84,99.99,28755.0,2025-08-10T19:55:40+00:00
41395,0.905,1.0,40662.0,2025-08-10T19:55:45+00:00
18466,0.78,0.68,29526.0,2025-08-10T19:55:47+00:00
18773,0.97,0.68,29753.0,2025-08-10T19:55:49+00:00
39183,0.675,776.83,39729.0,2025-08-10T19:55:50+00:00
40525,0.855,1.0,40276.0,2025-08-10T19:55:57+00:00
41943,0.84,0.76,40892.0,2025-08-10T19:56:05+00:00
42007,0.985,0.76,40918.0,2025-08-10T19:56:06+00:00
46918,0.98,648.0,42988.0,2025-08-10T19:56:12+00:00
623,0.6,529.0,472.0,2025-08-10T19:56:18+00:00
18472,0.825,0.68,29531.0,2025-08-10T19:56:27+00:00
18809,0.87,30.3,29785.0,2025-08-10T19:56:29+00:00
42009,0.99,112.33,40919.0,2025-08-10T19:56:29+00:00
42473,0.995,3.79,41116.0,2025-08-10T19:56:32+00:00
42528,0.965,340.11,41138.0,2025-08-10T19:56:32+00:00
42590,0.945,5.3,41164.0,2025-08-10T19:56:32+00:00
42609,0.995,83.38,41170.0,2025-08-10T19:56:33+00:00
42674,0.99,1.52,41194.0,2025-08-10T19:56:33+00:00
42700,0.99,30.26,41204.0,2025-08-10T19:56:33+00:00
42741,0.955,459.07,41227.0,2025-08-10T19:56:33+00:00
43428,0.96,364.19,41505.0,2025-08-10T19:56:37+00:00
541,0.8,0.0,406.0,2025-08-10T19:56:38+00:00
43624,0.85,39.45,41582.0,2025-08-10T19:56:38+00:00
44091,0.775,99.99,41791.0,2025-08-10T19:56:41+00:00
44223,0.995,139.9,41851.0,2025-08-10T19:56:42+00:00
44556,0.975,1.0,41991.0,2025-08-10T19:56:44+00:00
42696,1.0,88.23,41203.0,2025-08-10T19:56:50+00:00
42769,1.0,118.3,41237.0,2025-08-10T19:56:51+00:00
42784,0.99,45.49,41243.0,2025-08-10T19:56:51+00:00
42887,0.995,37.32,41285.0,2025-08-10T19:56:51+00:00
42945,1.0,0.76,41308.0,2025-08-10T19:56:52+00:00
43160,0.995,273.01,41397.0,2025-08-10T19:56:53+00:00
43204,0.99,106.55,41413.0,2025-08-10T19:56:53+00:00
43773,0.98,172.32,41646.0,2025-08-10T19:56:57+00:00
44001,0.915,802.52,41743.0,2025-08-10T19:56:59+00:00
44270,1.0,1.0,41870.0,2025-08-10T19:57:00+00:00
45203,0.95,1.0,42247.0,2025-08-10T19:57:05+00:00
4920,0.72,239.93,4462.0,2025-08-10T19:57:27+00:00
45732,0.935,1.0,42474.0,2025-08-10T19:57:34+00:00
46998,0.925,204.27,43028.0,2025-08-10T19:57:42+00:00
48094,0.785,24.9,43494.0,2025-08-10T19:57:48+00:00
6334,0.97,1.0,7535.0,2025-08-10T19:57:55+00:00
6336,0.98,1.0,7543.0,2025-08-10T19:57:55+00:00
6338,0.98,1.0,7551.0,2025-08-10T19:57:55+00:00
6609,0.965,1.0,8090.0,2025-08-10T19:57:57+00:00
6641,0.945,1.0,8169.0,2025-08-10T19:57:57+00:00
6717,0.975,1.0,8408.0,2025-08-10T19:57:57+00:00
6734,0.985,1.0,8451.0,2025-08-10T19:57:57+00:00
6820,1.0,1.0,8614.0,2025-08-10T19:57:58+00:00
46909,0.965,1.0,42985.0,2025-08-10T19:57:59+00:00
47802,0.95,88.0,43369.0,2025-08-10T19:58:04+00:00
6329,0.77,1.0,7519.0,2025-08-10T19:58:17+00:00
6331,0.965,1.0,7526.0,2025-08-10T19:58:17+00:00
6427,0.99,1.0,7610.0,2025-08-10T19:58:18+00:00
6446,0.98,1.0,7672.0,2025-08-10T19:58:18+00:00
6472,0.945,1.0,7740.0,2025-08-10T19:58:18+00:00
6870,1.0,1.0,8757.0,2025-08-10T19:58:21+00:00
6899,1.0,1.0,8878.0,2025-08-10T19:58:21+00:00
6903,1.0,1.0,8886.0,2025-08-10T19:58:21+00:00
6971,0.82,1809.68,9064.0,2025-08-10T19:58:22+00:00
55401,0.64,1.0,46925.0,2025-08-10T19:58:31+00:00
541,0.8,0.0,406.0,2025-08-10T19:58:35+00:00
56703,0.58,0.76,47545.0,2025-08-10T19:58:39+00:00
6108,0.905,59.0,6986.0,2025-08-10T19:58:44+00:00
6529,0.99,1.0,7891.0,2025-08-10T19:58:49+00:00
6719,0.97,1.0,8415.0,2025-08-10T19:58:50+00:00
6774,0.985,1.0,8528.0,2025-08-10T19:58:50+00:00
6882,0.93,1.1,8808.0,2025-08-10T19:58:51+00:00
50211,0.98,1.0,44393.0,2025-08-10T19:58:53+00:00
50537,0.585,1.0,44532.0,2025-08-10T19:58:55+00:00
623,0.6,529.0,472.0,2025-08-10T19:59:05+00:00
52521,0.61,105.99,45501.0,2025-08-10T19:59:27+00:00
57248,0.595,7.58,47826.0,2025-08-10T19:59:34+00:00
52466,0.965,1.0,45463.0,2025-08-10T19:59:52+00:00
52584,0.985,1.0,45541.0,2025-08-10T19:59:53+00:00
53591,0.96,1.0,46057.0,2025-08-10T20:00:00+00:00
4920,0.72,239.93,4462.0,2025-08-10T20:00:15+00:00
53794,0.99,1.0,46149.0,2025-08-10T20:00:20+00:00
6108,0.905,59.0,6986.0,2025-08-10T20:00:21+00:00
6329,0.77,1.0,7519.0,2025-08-10T20:00:22+00:00
6338,0.98,1.0,7551.0,2025-08-10T20:00:22+00:00
6427,0.99,1.0,7610.0,2025-08-10T20:00:23+00:00
6446,0.98,1.0,7672.0,2025-08-10T20:00:23+00:00
6472,0.945,1.0,7740.0,2025-08-10T20:00:23+00:00
6641,0.945,1.0,8169.0,2025-08-10T20:00:24+00:00
6734,0.985,1.0,8451.0,2025-08-10T20:00:25+00:00
6870,1.0,1.0,8757.0,2025-08-10T20:00:25+00:00
6899,1.0,1.0,8878.0,2025-08-10T20:00:26+00:00
8335,0.94,1.0,11131.0,2025-08-10T20:00:35+00:00
8617,0.865,1.0,11635.0,2025-08-10T20:00:36+00:00
8845,0.985,30.39,12095.0,2025-08-10T20:00:37+00:00
9035,1.0,1.0,12597.0,2025-08-10T20:00:39+00:00
61787,0.925,360.0,49985.0,2025-08-10T20:00:47+00:00
6331,0.965,1.0,7526.0,2025-08-10T20:00:49+00:00
6717,0.975,1.0,8408.0,2025-08-10T20:00:51+00:00
6774,0.985,1.0,8528.0,2025-08-10T20:00:51+00:00
6820,1.0,1.0,8614.0,2025-08-10T20:00:51+00:00
6882,0.93,1.1,8808.0,2025-08-10T20:00:52+00:00
63421,0.94,99.99,50706.0,2025-08-10T20:00:57+00:00
8312,0.95,1.0,11092.0,2025-08-10T20:01:02+00:00
6334,0.97,1.0,7535.0,2025-08-10T20:01:11+00:00
6336,0.98,1.0,7543.0,2025-08-10T20:01:11+00:00
57470,0.98,0.76,47923.0,2025-08-10T20:01:12+00:00
6529,0.99,1.0,7891.0,2025-08-10T20:01:12+00:00
6609,0.965,1.0,8090.0,2025-08-10T20:01:12+00:00
6719,0.97,1.0,8415.0,2025-08-10T20:01:13+00:00
6903,1.0,1.0,8886.0,2025-08-10T20:01:15+00:00
6971,0.82,1809.68,9064.0,2025-08-10T20:01:15+00:00
58422,0.64,208.58,48380.0,2025-08-10T20:01:18+00:00
58761,0.665,1.0,48533.0,2025-08-10T20:01:21+00:00
8296,0.925,1.0,11080.0,2025-08-10T20:01:25+00:00
8615,0.975,1.0,11629.0,2025-08-10T20:01:28+00:00
57615,0.965,0.76,47982.0,2025-08-10T20:01:36+00:00
10484,0.605,3.79,17187.0,2025-08-10T20:01:41+00:00
10498,0.645,3.93,17230.0,2025-08-10T20:01:41+00:00
10568,0.965,1.0,17520.0,2025-08-10T20:01:42+00:00
59539,0.915,19.73,48884.0,2025-08-10T20:01:50+00:00
12261,0.99,1.0,21419.0,2025-08-10T20:01:54+00:00
64411,0.99,99.99,51135.0,2025-08-10T20:01:56+00:00
8842,0.995,0.0,12093.0,2025-08-10T20:01:58+00:00
9487,0.99,1.0,14073.0,2025-08-10T20:02:03+00:00
10497,0.645,3.79,17220.0,2025-08-10T20:02:09+00:00
10801,0.985,1.0,18399.0,2025-08-10T20:02:11+00:00
10897,1.0,1.0,18690.0,2025-08-10T20:02:11+00:00
11343,0.995,1.0,19762.0,2025-08-10T20:02:15+00:00
11710,1.0,1.0,20011.0,2025-08-10T20:02:18+00:00
12108,0.995,1.0,21046.0,2025-08-10T20:02:21+00:00
8972,0.78,179.66,12393.0,2025-08-10T20:02:23+00:00
9179,0.985,1.0,13126.0,2025-08-10T20:02:25+00:00
9252,0.955,1.0,13323.0,2025-08-10T20:02:25+00:00
9509,0.995,1.0,14152.0,2025-08-10T20:02:26+00:00
10204,0.8,11.39,15817.0,2025-08-10T20:02:32+00:00
10630,0.99,766.36,17838.0,2025-08-10T20:02:36+00:00
10690,0.88,1218.89,18088.0,2025-08-10T20:02:36+00:00
10891,0.945,188.78,18675.0,2025-08-10T20:02:38+00:00
61966,0.265,1.0,50067.0,2025-08-10T20:02:38+00:00
11841,0.995,1.0,20332.0,2025-08-10T20:02:44+00:00
11880,0.995,1.0,20451.0,2025-08-10T20:02:45+00:00
12070,0.995,1.0,20931.0,2025-08-10T20:02:46+00:00
12369,0.96,1.0,21662.0,2025-08-10T20:02:49+00:00
14170,0.795,99.99,25198.0,2025-08-10T20:02:59+00:00
14211,0.93,99.99,25254.0,2025-08-10T20:02:59+00:00
14338,0.665,3.76,25426.0,2025-08-10T20:03:00+00:00
63634,0.93,99.99,50808.0,2025-08-10T20:03:11+00:00
69498,0.975,8.0,53451.0,2025-08-10T20:03:23+00:00
69980,0.87,0.0,53658.0,2025-08-10T20:03:26+00:00
541,0.8,0.0,406.0,2025-08-10T20:03:36+00:00
64460,0.975,99.99,51155.0,2025-08-10T20:03:46+00:00
14104,0.77,3.12,25095.0,2025-08-10T20:03:53+00:00
14197,0.885,99.99,25231.0,2025-08-10T20:03:53+00:00
623,0.6,529.0,472.0,2025-08-10T20:04:00+00:00
64329,0.99,99.99,51112.0,2025-08-10T20:04:05+00:00
4920,0.72,239.93,4462.0,2025-08-10T20:04:32+00:00
74496,1.0,0.83,55614.0,2025-08-10T20:04:51+00:00
68067,0.585,519.9,52814.0,2025-08-10T20:05:02+00:00
68633,0.645,1.18,53076.0,2025-08-10T20:05:07+00:00
70141,0.925,112.45,53727.0,2025-08-10T20:05:16+00:00
68320,0.635,0.76,52934.0,2025-08-10T20:05:24+00:00
68522,0.965,0.76,53031.0,2025-08-10T20:05:25+00:00
6331,0.965,1.0,7526.0,2025-08-10T20:05:29+00:00
6427,0.99,1.0,7610.0,2025-08-10T20:05:30+00:00
6609,0.965,1.0,8090.0,2025-08-10T20:05:32+00:00
6641,0.945,1.0,8169.0,2025-08-10T20:05:32+00:00
6820,1.0,1.0,8614.0,2025-08-10T20:05:35+00:00
6882,0.93,1.1,8808.0,2025-08-10T20:05:36+00:00
6903,1.0,1.0,8886.0,2025-08-10T20:05:36+00:00
70589,0.765,261.87,53937.0,2025-08-10T20:05:42+00:00
8335,0.94,1.0,11131.0,2025-08-10T20:05:46+00:00
8842,0.995,0.0,12093.0,2025-08-10T20:05:50+00:00
8972,0.78,179.66,12393.0,2025-08-10T20:05:50+00:00
9035,1.0,1.0,12597.0,2025-08-10T20:05:51+00:00
76609,1.0,7.52,56650.0,2025-08-10T20:05:56+00:00
6329,0.77,1.0,7519.0,2025-08-10T20:06:01+00:00
6334,0.97,1.0,7535.0,2025-08-10T20:06:01+00:00
6336,0.98,1.0,7543.0,2025-08-10T20:06:01+00:00
79525,0.975,1.0,58060.0,2025-08-10T20:06:16+00:00
6108,0.905,59.0,6986.0,2025-08-10T20:06:21+00:00
6338,0.98,1.0,7551.0,2025-08-10T20:06:23+00:00
6446,0.98,1.0,7672.0,2025-08-10T20:06:24+00:00
6472,0.945,1.0,7740.0,2025-08-10T20:06:24+00:00
6529,0.99,1.0,7891.0,2025-08-10T20:06:24+00:00
6717,0.975,1.0,8408.0,2025-08-10T20:06:26+00:00
6719,0.97,1.0,8415.0,2025-08-10T20:06:26+00:00
6734,0.985,1.0,8451.0,2025-08-10T20:06:26+00:00
6774,0.985,1.0,8528.0,2025-08-10T20:06:26+00:00
6870,1.0,1.0,8757.0,2025-08-10T20:06:27+00:00
6899,1.0,1.0,8878.0,2025-08-10T20:06:27+00:00
6971,0.82,1809.68,9064.0,2025-08-10T20:06:28+00:00
8296,0.925,1.0,11080.0,2025-08-10T20:06:35+00:00
8312,0.95,1.0,11092.0,2025-08-10T20:06:35+00:00
8615,0.975,1.0,11629.0,2025-08-10T20:06:37+00:00
8617,0.865,1.0,11635.0,2025-08-10T20:06:37+00:00
8845,0.985,30.39,12095.0,2025-08-10T20:06:39+00:00
9179,0.985,1.0,13126.0,2025-08-10T20:06:42+00:00
9487,0.99,1.0,14073.0,2025-08-10T20:06:44+00:00
72757,0.62,1.79,54846.0,2025-08-10T20:06:47+00:00
10630,0.99,766.36,17838.0,2025-08-10T20:06:50+00:00
10801,0.985,1.0,18399.0,2025-08-10T20:06:51+00:00
10891,0.945,188.78,18675.0,2025-08-10T20:06:52+00:00
73784,0.955,1.0,55279.0,2025-08-10T20:06:53+00:00
73857,0.995,0.83,55311.0,2025-08-10T20:06:54+00:00
11343,0.995,1.0,19762.0,2025-08-10T20:06:55+00:00
11841,0.995,1.0,20332.0,2025-08-10T20:06:58+00:00
11880,0.995,1.0,20451.0,2025-08-10T20:06:58+00:00
12261,0.99,1.0,21419.0,2025-08-10T20:07:00+00:00
74794,0.58,311.91,55760.0,2025-08-10T20:07:17+00:00
82400,0.86,18.98,59385.0,2025-08-10T20:07:18+00:00
15451,0.995,99.99,26833.0,2025-08-10T20:07:19+00:00
15539,1.0,99.99,26931.0,2025-08-10T20:07:20+00:00
15566,1.0,99.99,26961.0,2025-08-10T20:07:20+00:00
15736,1.0,99.99,27163.0,2025-08-10T20:07:21+00:00
15810,0.955,99.99,27252.0,2025-08-10T20:07:22+00:00
83297,0.73,319.2,59777.0,2025-08-10T20:07:24+00:00
16110,0.31,1.0,27524.0,2025-08-10T20:07:24+00:00
10204,0.8,11.39,15817.0,2025-08-10T20:07:34+00:00
10897,1.0,1.0,18690.0,2025-08-10T20:07:38+00:00
74507,0.995,130.44,55618.0,2025-08-10T20:07:41+00:00
9252,0.955,1.0,13323.0,2025-08-10T20:07:47+00:00
9509,0.995,1.0,14152.0,2025-08-10T20:07:49+00:00
76555,1.0,153.46,56624.0,2025-08-10T20:07:54+00:00
10484,0.605,3.79,17187.0,2025-08-10T20:07:55+00:00
10497,0.645,3.79,17220.0,2025-08-10T20:07:55+00:00
10498,0.645,3.93,17230.0,2025-08-10T20:07:55+00:00
10568,0.965,1.0,17520.0,2025-08-10T20:07:56+00:00
10690,0.88,1218.89,18088.0,2025-08-10T20:07:56+00:00
77099,0.99,5.0,56887.0,2025-08-10T20:07:57+00:00
77348,0.98,0.01,57007.0,2025-08-10T20:07:58+00:00
11710,1.0,1.0,20011.0,2025-08-10T20:08:02+00:00
12070,0.995,1.0,20931.0,2025-08-10T20:08:04+00:00
12108,0.995,1.0,21046.0,2025-08-10T20:08:04+00:00
75511,0.975,170.92,56098.0,2025-08-10T20:08:05+00:00
12369,0.96,1.0,21662.0,2025-08-10T20:08:06+00:00
16780,0.945,99.99,28143.0,2025-08-10T20:08:11+00:00
16863,0.86,730.86,28242.0,2025-08-10T20:08:11+00:00
76929,0.99,1.0,56806.0,2025-08-10T20:08:13+00:00
17317,0.985,99.99,28625.0,2025-08-10T20:08:14+00:00
17366,0.99,99.99,28658.0,2025-08-10T20:08:14+00:00
77387,0.98,444.17,57027.0,2025-08-10T20:08:15+00:00
77682,0.985,1.0,57163.0,2025-08-10T20:08:18+00:00
18809,0.87,30.3,29785.0,2025-08-10T20:08:23+00:00
14104,0.77,3.12,25095.0,2025-08-10T20:08:42+00:00
14197,0.885,99.99,25231.0,2025-08-10T20:08:43+00:00
14338,0.665,3.76,25426.0,2025-08-10T20:08:43+00:00
14920,0.275,1.0,26217.0,2025-08-10T20:08:47+00:00
15204,0.965,99.99,26556.0,2025-08-10T20:08:49+00:00
15506,1.0,99.99,26899.0,2025-08-10T20:08:51+00:00
15781,0.99,99.99,27219.0,2025-08-10T20:08:52+00:00
79883,0.965,270.0,58222.0,2025-08-10T20:08:58+00:00
14170,0.795,99.99,25198.0,2025-08-10T20:09:01+00:00
14211,0.93,99.99,25254.0,2025-08-10T20:09:01+00:00
15166,0.96,99.99,26523.0,2025-08-10T20:09:07+00:00
15225,0.995,99.99,26585.0,2025-08-10T20:09:08+00:00
15476,1.0,99.99,26863.0,2025-08-10T20:09:10+00:00
15751,1.0,99.99,27187.0,2025-08-10T20:09:11+00:00
79536,0.815,1.0,58067.0,2025-08-10T20:09:13+00:00
79835,0.99,1.75,58199.0,2025-08-10T20:09:15+00:00
79874,0.66,5.09,58217.0,2025-08-10T20:09:15+00:00
80760,0.975,113.92,58642.0,2025-08-10T20:09:21+00:00
81186,0.99,45.64,58822.0,2025-08-10T20:09:23+00:00
23308,0.97,0.0,32686.0,2025-08-10T20:09:35+00:00
16415,0.975,23.36,27784.0,2025-08-10T20:09:40+00:00
91671,0.645,290.18,63578.0,2025-08-10T20:09:41+00:00
16851,0.24,1.0,28233.0,2025-08-10T20:09:42+00:00
17453,0.945,99.99,28726.0,2025-08-10T20:09:45+00:00
17480,0.84,99.99,28755.0,2025-08-10T20:09:45+00:00
92777,0.97,294.9,64093.0,2025-08-10T20:09:48+00:00
93424,0.965,1.0,64412.0,2025-08-10T20:09:52+00:00
18472,0.825,0.68,29531.0,2025-08-10T20:09:52+00:00
81609,0.95,1389.56,59011.0,2025-08-10T20:09:52+00:00
83417,0.94,5.91,59840.0,2025-08-10T20:10:02+00:00
17407,0.97,99.99,28692.0,2025-08-10T20:10:05+00:00
18466,0.78,0.68,29526.0,2025-08-10T20:10:11+00:00
18773,0.97,0.68,29753.0,2025-08-10T20:10:13+00:00
83053,0.995,6.27,59669.0,2025-08-10T20:10:18+00:00
84543,0.925,454.82,60353.0,2025-08-10T20:10:27+00:00
93788,0.72,0.0,64585.0,2025-08-10T20:10:37+00:00
94218,0.885,720.38,64785.0,2025-08-10T20:10:39+00:00
27362,0.675,1.52,34521.0,2025-08-10T20:10:41+00:00
20198,0.75,104.81,30852.0,2025-08-10T20:10:45+00:00
95534,0.635,31.91,65358.0,2025-08-10T20:10:48+00:00
95597,0.905,1354.25,65385.0,2025-08-10T20:10:48+00:00
96341,0.59,98.01,65728.0,2025-08-10T20:10:53+00:00
96994,0.995,7.53,66037.0,2025-08-10T20:10:56+00:00
86155,0.91,101.5,61108.0,2025-08-10T20:11:19+00:00
87354,0.635,19.04,61646.0,2025-08-10T20:11:26+00:00
27738,0.955,125.3,34684.0,2025-08-10T20:11:27+00:00
27749,0.97,19.02,34687.0,2025-08-10T20:11:27+00:00
88258,0.975,6.62,62059.0,2025-08-10T20:11:32+00:00
88307,0.955,180.0,62080.0,2025-08-10T20:11:32+00:00
88876,0.935,1.0,62330.0,2025-08-10T20:11:37+00:00
29687,0.645,0.76,35585.0,2025-08-10T20:11:40+00:00
30384,0.97,1.0,35899.0,2025-08-10T20:11:46+00:00
30473,0.975,14.46,35942.0,2025-08-10T20:11:47+00:00
31002,0.99,111.7,36170.0,2025-08-10T20:11:52+00:00
23422,0.865,717.15,32745.0,2025-08-10T20:11:53+00:00
88897,0.96,1.1,62341.0,2025-08-10T20:12:10+00:00
89190,0.915,1402.16,62467.0,2025-08-10T20:12:12+00:00
26802,0.9,19.02,34256.0,2025-08-10T20:12:44+00:00
33276,0.795,12.31,37167.0,2025-08-10T20:13:05+00:00
102443,1.0,1.0,68207.0,2025-08-10T20:13:20+00:00
27627,0.985,18.96,34634.0,2025-08-10T20:13:21+00:00
93486,0.745,0.0,64443.0,2025-08-10T20:13:39+00:00
30100,0.98,60.6,35771.0,2025-08-10T20:13:40+00:00
30398,0.95,9.13,35906.0,2025-08-10T20:13:42+00:00
30442,0.995,4.56,35926.0,2025-08-10T20:13:42+00:00
28976,0.275,2.69,35261.0,2025-08-10T20:13:54+00:00
30314,0.98,7.61,35866.0,2025-08-10T20:14:04+00:00
105178,0.785,1.0,69394.0,2025-08-10T20:14:31+00:00
30496,0.975,111.7,35953.0,2025-08-10T20:14:35+00:00
106679,0.955,227.3,70071.0,2025-08-10T20:14:42+00:00
106998,0.985,3.79,70229.0,2025-08-10T20:14:44+00:00
99506,0.955,489.71,67150.0,2025-08-10T20:15:13+00:00
96789,0.855,101.5,65936.0,2025-08-10T20:15:16+00:00
108708,0.955,426.4,71033.0,2025-08-10T20:15:48+00:00
41569,0.875,1.0,40742.0,2025-08-10T20:15:49+00:00
101509,0.68,320.0,67857.0,2025-08-10T20:16:21+00:00
102441,1.0,1.0,68207.0,2025-08-10T20:16:27+00:00
102442,1.0,1.0,68207.0,2025-08-10T20:16:27+00:00
102445,1.0,1.0,68207.0,2025-08-10T20:16:27+00:00
102446,1.0,1.0,68207.0,2025-08-10T20:16:27+00:00
100623,0.64,549.06,67571.0,2025-08-10T20:16:38+00:00
42549,0.98,88.23,41147.0,2025-08-10T20:16:49+00:00
102444,1.0,1.0,68207.0,2025-08-10T20:16:49+00:00
42635,1.0,11.38,41181.0,2025-08-10T20:16:50+00:00
42756,0.99,0.0,41233.0,2025-08-10T20:16:51+00:00
42856,0.965,173.07,41273.0,2025-08-10T20:16:51+00:00
102782,0.62,19.59,68357.0,2025-08-10T20:16:51+00:00
42936,0.995,59.68,41305.0,2025-08-10T20:16:52+00:00
42958,0.955,9.99,41313.0,2025-08-10T20:16:52+00:00
43061,0.975,34.12,41353.0,2025-08-10T20:16:52+00:00
43681,1.0,53.95,41607.0,2025-08-10T20:16:56+00:00
111690,0.955,238.9,72327.0,2025-08-10T20:16:59+00:00
114271,0.935,16.48,73408.0,2025-08-10T20:17:15+00:00
40085,0.755,1.0,40086.0,2025-08-10T20:17:22+00:00
41395,0.905,1.0,40662.0,2025-08-10T20:17:30+00:00
39183,0.675,776.83,39729.0,2025-08-10T20:17:36+00:00
117974,0.315,12.01,74895.0,2025-08-10T20:17:37+00:00
40525,0.855,1.0,40276.0,2025-08-10T20:17:43+00:00
41943,0.84,0.76,40892.0,2025-08-10T20:17:52+00:00
42007,0.985,0.76,40918.0,2025-08-10T20:17:53+00:00
46918,0.98,648.0,42988.0,2025-08-10T20:17:59+00:00
107067,0.96,318.11,70270.0,2025-08-10T20:18:05+00:00
107637,0.915,824.83,70536.0,2025-08-10T20:18:27+00:00
42009,0.99,112.33,40919.0,2025-08-10T20:18:40+00:00
42473,0.995,3.79,41116.0,2025-08-10T20:18:44+00:00
42528,0.965,340.11,41138.0,2025-08-10T20:18:44+00:00
42590,0.945,5.3,41164.0,2025-08-10T20:18:45+00:00
42609,0.995,83.38,41170.0,2025-08-10T20:18:45+00:00
42674,0.99,1.52,41194.0,2025-08-10T20:18:45+00:00
42700,0.99,30.26,41204.0,2025-08-10T20:18:46+00:00
42741,0.955,459.07,41227.0,2025-08-10T20:18:46+00:00
43428,0.96,364.19,41505.0,2025-08-10T20:18:51+00:00
43624,0.85,39.45,41582.0,2025-08-10T20:18:52+00:00
44091,0.775,99.99,41791.0,2025-08-10T20:18:54+00:00
44223,0.995,139.9,41851.0,2025-08-10T20:18:55+00:00
108258,0.655,0.76,70828.0,2025-08-10T20:18:56+00:00
44556,0.975,1.0,41991.0,2025-08-10T20:18:57+00:00
42696,1.0,88.23,41203.0,2025-08-10T20:19:05+00:00
42769,1.0,118.3,41237.0,2025-08-10T20:19:05+00:00
42784,0.99,45.49,41243.0,2025-08-10T20:19:05+00:00
42887,0.995,37.32,41285.0,2025-08-10T20:19:06+00:00
42945,1.0,0.76,41308.0,2025-08-10T20:19:06+00:00
43160,0.995,273.01,41397.0,2025-08-10T20:19:08+00:00
43204,0.99,106.55,41413.0,2025-08-10T20:19:08+00:00
43773,0.98,172.32,41646.0,2025-08-10T20:19:11+00:00
44001,0.915,802.52,41743.0,2025-08-10T20:19:12+00:00
44270,1.0,1.0,41870.0,2025-08-10T20:19:14+00:00
45203,0.95,1.0,42247.0,2025-08-10T20:19:20+00:00
123141,0.955,254.76,76826.0,2025-08-10T20:19:37+00:00
55401,0.64,1.0,46925.0,2025-08-10T20:19:37+00:00
123201,0.885,1.0,76845.0,2025-08-10T20:19:37+00:00
123301,0.725,1.0,76876.0,2025-08-10T20:19:37+00:00
56703,0.58,0.76,47545.0,2025-08-10T20:19:43+00:00
45732,0.935,1.0,42474.0,2025-08-10T20:19:49+00:00
125342,0.97,106.9,77627.0,2025-08-10T20:19:49+00:00
46998,0.925,204.27,43028.0,2025-08-10T20:19:56+00:00
48094,0.785,24.9,43494.0,2025-08-10T20:20:03+00:00
46909,0.965,1.0,42985.0,2025-08-10T20:20:14+00:00
47802,0.95,88.0,43369.0,2025-08-10T20:20:20+00:00
112840,0.685,45.03,72824.0,2025-08-10T20:20:26+00:00
57248,0.595,7.58,47826.0,2025-08-10T20:20:31+00:00
128479,0.81,60.0,78725.0,2025-08-10T20:20:52+00:00
50211,0.98,1.0,44393.0,2025-08-10T20:21:00+00:00
50537,0.585,1.0,44532.0,2025-08-10T20:21:02+00:00
118308,0.61,30.14,75033.0,2025-08-10T20:21:23+00:00
116139,0.93,76.94,74159.0,2025-08-10T20:21:30+00:00
52521,0.61,105.99,45501.0,2025-08-10T20:21:32+00:00
116404,0.88,311.28,74262.0,2025-08-10T20:21:32+00:00
61787,0.925,360.0,49985.0,2025-08-10T20:21:43+00:00
63421,0.94,99.99,50706.0,2025-08-10T20:21:53+00:00
52466,0.965,1.0,45463.0,2025-08-10T20:21:59+00:00
52584,0.985,1.0,45541.0,2025-08-10T20:22:00+00:00
53591,0.96,1.0,46057.0,2025-08-10T20:22:06+00:00
119714,0.59,29.95,75556.0,2025-08-10T20:22:17+00:00
120505,0.98,99.85,75851.0,2025-08-10T20:22:22+00:00
120837,0.99,99.9,75978.0,2025-08-10T20:22:25+00:00
53794,0.99,1.0,46149.0,2025-08-10T20:22:27+00:00
119781,0.91,124.53,75581.0,2025-08-10T20:22:41+00:00
120085,0.34,109.9,75706.0,2025-08-10T20:22:43+00:00
64411,0.99,99.99,51135.0,2025-08-10T20:22:47+00:00
57470,0.98,0.76,47923.0,2025-08-10T20:23:20+00:00
122479,0.975,219.8,76575.0,2025-08-10T20:23:22+00:00
58422,0.64,208.58,48380.0,2025-08-10T20:23:27+00:00
123238,0.87,1.0,76857.0,2025-08-10T20:23:28+00:00
58761,0.665,1.0,48533.0,2025-08-10T20:23:29+00:00
124115,0.89,1.0,77182.0,2025-08-10T20:23:34+00:00
124176,0.695,1.0,77202.0,2025-08-10T20:23:34+00:00
57615,0.965,0.76,47982.0,2025-08-10T20:23:40+00:00
123270,0.825,1.0,76867.0,2025-08-10T20:23:50+00:00
59539,0.915,19.73,48884.0,2025-08-10T20:23:52+00:00
124036,0.6,129.0,77154.0,2025-08-10T20:23:55+00:00
124087,0.875,1.0,77171.0,2025-08-10T20:23:56+00:00
69498,0.975,8.0,53451.0,2025-08-10T20:24:07+00:00
69980,0.87,0.0,53658.0,2025-08-10T20:24:11+00:00
140786,0.965,1.0,83934.0,2025-08-10T20:24:28+00:00
61966,0.265,1.0,50067.0,2025-08-10T20:24:37+00:00
63634,0.93,99.99,50808.0,2025-08-10T20:25:07+00:00
141257,0.99,0.0,84204.0,2025-08-10T20:25:18+00:00
141259,0.985,512.25,84204.0,2025-08-10T20:25:18+00:00
142557,0.615,354.33,84789.0,2025-08-10T20:25:27+00:00
74496,1.0,0.83,55614.0,2025-08-10T20:25:28+00:00
143188,0.92,2.0,85181.0,2025-08-10T20:25:31+00:00
143728,0.97,1.0,85573.0,2025-08-10T20:25:35+00:00
144108,0.98,310.42,85867.0,2025-08-10T20:25:38+00:00
64460,0.975,99.99,51155.0,2025-08-10T20:25:41+00:00
131272,0.65,0.2,79540.0,2025-08-10T20:25:53+00:00
64329,0.99,99.99,51112.0,2025-08-10T20:25:58+00:00
76609,1.0,7.52,56650.0,2025-08-10T20:26:29+00:00
68067,0.585,519.9,52814.0,2025-08-10T20:26:53+00:00
68633,0.645,1.18,53076.0,2025-08-10T20:26:58+00:00
70141,0.925,112.45,53727.0,2025-08-10T20:27:10+00:00
68320,0.635,0.76,52934.0,2025-08-10T20:27:17+00:00
68522,0.965,0.76,53031.0,2025-08-10T20:27:18+00:00
70589,0.765,261.87,53937.0,2025-08-10T20:27:31+00:00
135718,0.9,7.57,81372.0,2025-08-10T20:27:35+00:00
79525,0.975,1.0,58060.0,2025-08-10T20:27:39+00:00
149522,0.93,52.69,91407.0,2025-08-10T20:27:48+00:00
149577,0.675,1.0,91502.0,2025-08-10T20:27:48+00:00
149587,0.665,1.0,91524.0,2025-08-10T20:27:48+00:00
150601,0.85,1.0,93742.0,2025-08-10T20:27:53+00:00
150647,0.99,8.54,93824.0,2025-08-10T20:27:54+00:00
150660,0.99,44.9,93853.0,2025-08-10T20:27:54+00:00
150663,0.995,316.06,93853.0,2025-08-10T20:27:54+00:00
150665,0.965,209.65,93856.0,2025-08-10T20:27:54+00:00
150666,0.995,78.0,93860.0,2025-08-10T20:27:54+00:00
150678,1.0,30.31,93879.0,2025-08-10T20:27:54+00:00
150692,0.985,37.93,93904.0,2025-08-10T20:27:54+00:00
150697,0.99,97.0,93920.0,2025-08-10T20:27:54+00:00
151008,1.0,1.0,94362.0,2025-08-10T20:27:56+00:00
151009,1.0,1.0,94362.0,2025-08-10T20:27:56+00:00
151196,0.69,571.48,94952.0,2025-08-10T20:27:57+00:00
151519,0.995,1.63,95628.0,2025-08-10T20:27:59+00:00
151730,0.78,18.96,96135.0,2025-08-10T20:28:00+00:00
72757,0.62,1.79,54846.0,2025-08-10T20:28:07+00:00
153823,1.0,2.28,100223.0,2025-08-10T20:28:11+00:00
73784,0.955,1.0,55279.0,2025-08-10T20:28:12+00:00
73857,0.995,0.83,55311.0,2025-08-10T20:28:12+00:00
154587,0.935,0.0,102114.0,2025-08-10T20:28:15+00:00
154684,0.825,0.01,102572.0,2025-08-10T20:28:15+00:00
154718,0.995,0.0,102669.0,2025-08-10T20:28:15+00:00
154960,0.85,2.27,103808.0,2025-08-10T20:28:17+00:00
74794,0.58,311.91,55760.0,2025-08-10T20:28:34+00:00
82400,0.86,18.98,59385.0,2025-08-10T20:28:35+00:00
83297,0.73,319.2,59777.0,2025-08-10T20:28:40+00:00
137705,0.84,1.0,82289.0,2025-08-10T20:28:46+00:00
74507,0.995,130.44,55618.0,2025-08-10T20:28:56+00:00
76555,1.0,153.46,56624.0,2025-08-10T20:29:07+00:00
77099,0.99,5.0,56887.0,2025-08-10T20:29:10+00:00
157585,0.66,1.0,110087.0,2025-08-10T20:29:11+00:00
77348,0.98,0.01,57007.0,2025-08-10T20:29:11+00:00
75511,0.975,170.92,56098.0,2025-08-10T20:29:17+00:00
141258,0.99,0.0,84204.0,2025-08-10T20:29:23+00:00
141260,0.985,512.25,84204.0,2025-08-10T20:29:23+00:00
76929,0.99,1.0,56806.0,2025-08-10T20:29:24+00:00
77387,0.98,444.17,57027.0,2025-08-10T20:29:26+00:00
77682,0.985,1.0,57163.0,2025-08-10T20:29:28+00:00
143333,1.0,0.0,85285.0,2025-08-10T20:29:34+00:00
143336,0.99,252.92,85285.0,2025-08-10T20:29:34+00:00
143731,0.99,240.77,85576.0,2025-08-10T20:29:36+00:00
142405,0.95,12.31,84694.0,2025-08-10T20:29:48+00:00
143334,1.0,0.0,85285.0,2025-08-10T20:29:52+00:00
143335,0.99,252.92,85285.0,2025-08-10T20:29:52+00:00
79883,0.965,270.0,58222.0,2025-08-10T20:30:01+00:00
79536,0.815,1.0,58067.0,2025-08-10T20:30:15+00:00
79835,0.99,1.75,58199.0,2025-08-10T20:30:16+00:00
79874,0.66,5.09,58217.0,2025-08-10T20:30:16+00:00
80760,0.975,113.92,58642.0,2025-08-10T20:30:21+00:00
81186,0.99,45.64,58822.0,2025-08-10T20:30:23+00:00
145800,0.66,451.27,87202.0,2025-08-10T20:30:23+00:00
147548,0.92,1.18,88672.0,2025-08-10T20:30:32+00:00
144104,0.99,1.0,85864.0,2025-08-10T20:30:33+00:00
144754,0.605,323.77,86376.0,2025-08-10T20:30:37+00:00
91671,0.645,290.18,63578.0,2025-08-10T20:30:38+00:00
92777,0.97,294.9,64093.0,2025-08-10T20:30:44+00:00
146790,0.67,829.41,87883.0,2025-08-10T20:30:47+00:00
93424,0.965,1.0,64412.0,2025-08-10T20:30:47+00:00
81609,0.95,1389.56,59011.0,2025-08-10T20:30:48+00:00
147605,0.69,9.21,88737.0,2025-08-10T20:30:51+00:00
163149,0.98,17.06,115691.0,2025-08-10T20:30:54+00:00
163586,0.98,65.0,116067.0,2025-08-10T20:30:57+00:00
83417,0.94,5.91,59840.0,2025-08-10T20:30:57+00:00
163769,0.295,19.99,116195.0,2025-08-10T20:30:58+00:00
83053,0.995,6.27,59669.0,2025-08-10T20:31:10+00:00
149145,0.61,6.99,90676.0,2025-08-10T20:31:18+00:00
84543,0.925,454.82,60353.0,2025-08-10T20:31:19+00:00
149773,0.28,1.0,91898.0,2025-08-10T20:31:21+00:00
149874,0.935,600.73,92102.0,2025-08-10T20:31:22+00:00
150644,0.955,75.86,93823.0,2025-08-10T20:31:35+00:00
150677,1.0,30.31,93879.0,2025-08-10T20:31:36+00:00
150679,0.96,104.03,93879.0,2025-08-10T20:31:36+00:00
150680,0.96,104.03,93879.0,2025-08-10T20:31:36+00:00
150687,1.0,1.0,93897.0,2025-08-10T20:31:36+00:00
150925,0.98,45.48,94141.0,2025-08-10T20:31:42+00:00
93788,0.72,0.0,64585.0,2025-08-10T20:31:43+00:00
151006,1.0,1.0,94362.0,2025-08-10T20:31:43+00:00
94218,0.885,720.38,64785.0,2025-08-10T20:31:48+00:00
95534,0.635,31.91,65358.0,2025-08-10T20:32:02+00:00
95597,0.905,1354.25,65385.0,2025-08-10T20:32:02+00:00
149357,0.82,38.76,91075.0,2025-08-10T20:32:03+00:00
149600,0.845,261.22,91554.0,2025-08-10T20:32:05+00:00
149869,0.9,18.0,92092.0,2025-08-10T20:32:07+00:00
96341,0.59,98.01,65728.0,2025-08-10T20:32:09+00:00
96994,0.995,7.53,66037.0,2025-08-10T20:32:15+00:00
150654,0.98,0.01,93834.0,2025-08-10T20:32:16+00:00
150661,0.99,44.9,93853.0,2025-08-10T20:32:16+00:00
150662,0.995,316.06,93853.0,2025-08-10T20:32:16+00:00
150667,0.995,78.0,93860.0,2025-08-10T20:32:16+00:00
150668,1.0,188.52,93860.0,2025-08-10T20:32:16+00:00
150669,1.0,188.52,93860.0,2025-08-10T20:32:16+00:00
150684,0.98,1.0,93888.0,2025-08-10T20:32:16+00:00
150715,1.0,11.4,93965.0,2025-08-10T20:32:16+00:00
151007,1.0,1.0,94362.0,2025-08-10T20:32:19+00:00
151011,1.0,1.0,94364.0,2025-08-10T20:32:19+00:00
151103,0.61,33.76,94625.0,2025-08-10T20:32:20+00:00
86155,0.91,101.5,61108.0,2025-08-10T20:32:49+00:00
151462,0.995,1.63,95559.0,2025-08-10T20:32:54+00:00
152019,0.765,1.0,96717.0,2025-08-10T20:33:00+00:00
87354,0.635,19.04,61646.0,2025-08-10T20:33:01+00:00
152223,1.0,8.64,97121.0,2025-08-10T20:33:02+00:00
152295,0.99,9.82,97235.0,2025-08-10T20:33:03+00:00
88258,0.975,6.62,62059.0,2025-08-10T20:33:09+00:00
88307,0.955,180.0,62080.0,2025-08-10T20:33:10+00:00
88876,0.935,1.0,62330.0,2025-08-10T20:33:15+00:00
154371,0.945,2.28,101313.0,2025-08-10T20:33:21+00:00
154668,0.975,0.0,102480.0,2025-08-10T20:33:24+00:00
154719,0.985,0.0,102671.0,2025-08-10T20:33:24+00:00
151807,0.93,33.59,96291.0,2025-08-10T20:33:29+00:00
153835,0.965,1.0,100298.0,2025-08-10T20:33:44+00:00
153885,0.84,0.76,100501.0,2025-08-10T20:33:45+00:00
154234,0.915,1.0,100924.0,2025-08-10T20:33:48+00:00
154286,0.615,0.92,101051.0,2025-08-10T20:33:49+00:00
88897,0.96,1.1,62341.0,2025-08-10T20:33:49+00:00
154454,0.96,147.87,101597.0,2025-08-10T20:33:50+00:00
154633,0.83,22.04,102318.0,2025-08-10T20:33:51+00:00
89190,0.915,1402.16,62467.0,2025-08-10T20:33:52+00:00
154670,0.95,104.0,102489.0,2025-08-10T20:33:52+00:00
154676,0.99,2.28,102542.0,2025-08-10T20:33:52+00:00
154693,0.99,1.0,102619.0,2025-08-10T20:33:52+00:00
154694,0.98,346.94,102622.0,2025-08-10T20:33:52+00:00
154697,0.98,7.59,102625.0,2025-08-10T20:33:52+00:00
154720,0.96,119.74,102676.0,2025-08-10T20:33:52+00:00
154877,0.265,1.52,103455.0,2025-08-10T20:33:53+00:00
156990,0.98,186.13,109298.0,2025-08-10T20:34:41+00:00
157868,0.97,0.76,110547.0,2025-08-10T20:34:49+00:00
157918,0.59,635.1,110617.0,2025-08-10T20:34:50+00:00
102443,1.0,1.0,68207.0,2025-08-10T20:35:03+00:00
156988,0.99,0.0,109297.0,2025-08-10T20:35:11+00:00
157871,0.96,80.22,110552.0,2025-08-10T20:35:18+00:00
105178,0.785,1.0,69394.0,2025-08-10T20:35:25+00:00
106679,0.955,227.3,70071.0,2025-08-10T20:35:36+00:00
106998,0.985,3.79,70229.0,2025-08-10T20:35:39+00:00
93486,0.745,0.0,64443.0,2025-08-10T20:35:50+00:00
108708,0.955,426.4,71033.0,2025-08-10T20:36:35+00:00
177195,0.95,11.0,123078.0,2025-08-10T20:36:35+00:00
99506,0.955,489.71,67150.0,2025-08-10T20:37:08+00:00
96789,0.855,101.5,65936.0,2025-08-10T20:37:12+00:00
111690,0.955,238.9,72327.0,2025-08-10T20:37:33+00:00
114271,0.935,16.48,73408.0,2025-08-10T20:37:49+00:00
184379,0.855,25.0,126219.0,2025-08-10T20:37:57+00:00
101509,0.68,320.0,67857.0,2025-08-10T20:38:02+00:00
167184,0.89,105.89,118532.0,2025-08-10T20:38:04+00:00
102441,1.0,1.0,68207.0,2025-08-10T20:38:07+00:00
102442,1.0,1.0,68207.0,2025-08-10T20:38:07+00:00
102445,1.0,1.0,68207.0,2025-08-10T20:38:07+00:00
102446,1.0,1.0,68207.0,2025-08-10T20:38:07+00:00
100623,0.64,549.06,67571.0,2025-08-10T20:38:15+00:00
167305,0.865,105.89,118603.0,2025-08-10T20:38:23+00:00
102444,1.0,1.0,68207.0,2025-08-10T20:38:24+00:00
102782,0.62,19.59,68357.0,2025-08-10T20:38:26+00:00
117974,0.315,12.01,74895.0,2025-08-10T20:38:47+00:00
107067,0.96,318.11,70270.0,2025-08-10T20:39:12+00:00
172787,0.99,144.62,121238.0,2025-08-10T20:39:14+00:00
107637,0.915,824.83,70536.0,2025-08-10T20:39:33+00:00
190041,0.39,0.76,128663.0,2025-08-10T20:39:47+00:00
191074,0.615,720.8,129095.0,2025-08-10T20:39:53+00:00
108258,0.655,0.76,70828.0,2025-08-10T20:39:58+00:00
176049,0.66,2125.87,122608.0,2025-08-10T20:40:41+00:00
123141,0.955,254.76,76826.0,2025-08-10T20:40:49+00:00
123201,0.885,1.0,76845.0,2025-08-10T20:40:50+00:00
123301,0.725,1.0,76876.0,2025-08-10T20:40:50+00:00
192382,0.97,2.0,129668.0,2025-08-10T20:40:56+00:00
192687,0.655,276.17,129808.0,2025-08-10T20:40:58+00:00
125342,0.97,106.9,77627.0,2025-08-10T20:41:04+00:00
128479,0.81,60.0,78725.0,2025-08-10T20:41:23+00:00
178208,0.99,45.51,123525.0,2025-08-10T20:41:45+00:00
112840,0.685,45.03,72824.0,2025-08-10T20:42:14+00:00
197586,0.585,480.72,132086.0,2025-08-10T20:42:28+00:00
198868,0.775,1.0,132688.0,2025-08-10T20:42:41+00:00
182992,0.605,3.22,125612.0,2025-08-10T20:42:57+00:00
181966,0.895,40.0,125200.0,2025-08-10T20:43:14+00:00
183106,0.765,0.0,125658.0,2025-08-10T20:43:21+00:00
118308,0.61,30.14,75033.0,2025-08-10T20:43:24+00:00
116139,0.93,76.94,74159.0,2025-08-10T20:43:32+00:00
116404,0.88,311.28,74262.0,2025-08-10T20:43:33+00:00
201098,0.995,0.0,133731.0,2025-08-10T20:43:39+00:00
119714,0.59,29.95,75556.0,2025-08-10T20:44:23+00:00
120505,0.98,99.85,75851.0,2025-08-10T20:44:28+00:00
120837,0.99,99.9,75978.0,2025-08-10T20:44:30+00:00
203328,0.85,925.31,134769.0,2025-08-10T20:44:46+00:00
119781,0.91,124.53,75581.0,2025-08-10T20:44:48+00:00
120085,0.34,109.9,75706.0,2025-08-10T20:44:49+00:00
204079,0.63,108.51,135102.0,2025-08-10T20:44:50+00:00
204503,0.94,84.28,135314.0,2025-08-10T20:44:53+00:00
140786,0.965,1.0,83934.0,2025-08-10T20:45:27+00:00
122479,0.975,219.8,76575.0,2025-08-10T20:45:33+00:00
123238,0.87,1.0,76857.0,2025-08-10T20:45:39+00:00
189701,0.87,93.35,128519.0,2025-08-10T20:45:42+00:00
189878,0.83,1.0,128595.0,2025-08-10T20:45:43+00:00
124115,0.89,1.0,77182.0,2025-08-10T20:45:44+00:00
124176,0.695,1.0,77202.0,2025-08-10T20:45:44+00:00
190368,0.955,175.9,128803.0,2025-08-10T20:45:47+00:00
191267,0.68,7.18,129186.0,2025-08-10T20:45:54+00:00
191359,0.955,4.87,129222.0,2025-08-10T20:45:54+00:00
123270,0.825,1.0,76867.0,2025-08-10T20:46:01+00:00
124036,0.6,129.0,77154.0,2025-08-10T20:46:05+00:00
124087,0.875,1.0,77171.0,2025-08-10T20:46:05+00:00
189587,0.99,67.9,128471.0,2025-08-10T20:46:06+00:00
190263,0.245,0.76,128759.0,2025-08-10T20:46:13+00:00
141257,0.99,0.0,84204.0,2025-08-10T20:46:26+00:00
141259,0.985,512.25,84204.0,2025-08-10T20:46:26+00:00
142557,0.615,354.33,84789.0,2025-08-10T20:46:44+00:00
143188,0.92,2.0,85181.0,2025-08-10T20:46:50+00:00
212516,0.95,0.01,138894.0,2025-08-10T20:46:53+00:00
143728,0.97,1.0,85573.0,2025-08-10T20:46:53+00:00
144108,0.98,310.42,85867.0,2025-08-10T20:46:57+00:00
191544,0.91,80.9,129308.0,2025-08-10T20:47:34+00:00
191690,0.98,0.0,129371.0,2025-08-10T20:47:35+00:00
192529,0.96,1.0,129741.0,2025-08-10T20:47:39+00:00
192584,0.94,362.55,129764.0,2025-08-10T20:47:40+00:00
214775,0.665,0.69,139816.0,2025-08-10T20:48:02+00:00
215132,0.96,723.21,139951.0,2025-08-10T20:48:04+00:00
215953,0.695,0.77,140293.0,2025-08-10T20:48:09+00:00
195383,0.6,723.21,131024.0,2025-08-10T20:48:17+00:00
149522,0.93,52.69,91407.0,2025-08-10T20:48:25+00:00
149577,0.675,1.0,91502.0,2025-08-10T20:48:26+00:00
149587,0.665,1.0,91524.0,2025-08-10T20:48:26+00:00
150601,0.85,1.0,93742.0,2025-08-10T20:48:33+00:00
150647,0.99,8.54,93824.0,2025-08-10T20:48:33+00:00
150660,0.99,44.9,93853.0,2025-08-10T20:48:33+00:00
150663,0.995,316.06,93853.0,2025-08-10T20:48:33+00:00
150665,0.965,209.65,93856.0,2025-08-10T20:48:33+00:00
150666,0.995,78.0,93860.0,2025-08-10T20:48:33+00:00
150678,1.0,30.31,93879.0,2025-08-10T20:48:33+00:00
150692,0.985,37.93,93904.0,2025-08-10T20:48:33+00:00
150697,0.99,97.0,93920.0,2025-08-10T20:48:34+00:00
151008,1.0,1.0,94362.0,2025-08-10T20:48:35+00:00
151009,1.0,1.0,94362.0,2025-08-10T20:48:35+00:00
151196,0.69,571.48,94952.0,2025-08-10T20:48:36+00:00
151519,0.995,1.63,95628.0,2025-08-10T20:48:38+00:00
131272,0.65,0.2,79540.0,2025-08-10T20:48:51+00:00
218442,0.97,195.66,141320.0,2025-08-10T20:49:07+00:00
151730,0.78,18.96,96135.0,2025-08-10T20:49:21+00:00
199896,0.905,1335.0,133184.0,2025-08-10T20:49:27+00:00
153823,1.0,2.28,100223.0,2025-08-10T20:49:35+00:00
154587,0.935,0.0,102114.0,2025-08-10T20:49:40+00:00
154684,0.825,0.01,102572.0,2025-08-10T20:49:41+00:00
154718,0.995,0.0,102669.0,2025-08-10T20:49:41+00:00
154960,0.85,2.27,103808.0,2025-08-10T20:49:43+00:00
201601,0.98,130.21,133958.0,2025-08-10T20:50:08+00:00
222133,0.935,144.8,142840.0,2025-08-10T20:50:19+00:00
135718,0.9,7.57,81372.0,2025-08-10T20:50:27+00:00
157585,0.66,1.0,110087.0,2025-08-10T20:50:43+00:00
226814,0.99,667.55,144808.0,2025-08-10T20:50:44+00:00
226877,0.97,0.0,144839.0,2025-08-10T20:50:45+00:00
203700,0.92,0.0,134928.0,2025-08-10T20:50:59+00:00
203324,0.955,1.0,134766.0,2025-08-10T20:51:18+00:00
137705,0.84,1.0,82289.0,2025-08-10T20:51:19+00:00
204064,0.945,345.0,135095.0,2025-08-10T20:51:22+00:00
229730,0.75,2.22,146026.0,2025-08-10T20:51:42+00:00
231978,0.595,8.0,146998.0,2025-08-10T20:51:54+00:00
141258,0.99,0.0,84204.0,2025-08-10T20:51:59+00:00
141260,0.985,512.25,84204.0,2025-08-10T20:51:59+00:00
143333,1.0,0.0,85285.0,2025-08-10T20:52:10+00:00
143336,0.99,252.92,85285.0,2025-08-10T20:52:10+00:00
143731,0.99,240.77,85576.0,2025-08-10T20:52:12+00:00
142405,0.95,12.31,84694.0,2025-08-10T20:52:25+00:00
208651,0.985,39.45,137211.0,2025-08-10T20:52:27+00:00
143334,1.0,0.0,85285.0,2025-08-10T20:52:30+00:00
143335,0.99,252.92,85285.0,2025-08-10T20:52:30+00:00
163149,0.98,17.06,115691.0,2025-08-10T20:52:37+00:00
163586,0.98,65.0,116067.0,2025-08-10T20:52:40+00:00
163769,0.295,19.99,116195.0,2025-08-10T20:52:41+00:00
234574,0.98,0.0,148028.0,2025-08-10T20:52:48+00:00
234632,0.98,1.59,148053.0,2025-08-10T20:52:49+00:00
234633,0.98,1.59,148053.0,2025-08-10T20:52:49+00:00
235634,0.96,0.76,148476.0,2025-08-10T20:52:55+00:00
145800,0.66,451.27,87202.0,2025-08-10T20:53:05+00:00
212644,0.965,727.91,138942.0,2025-08-10T20:53:13+00:00
213092,0.605,22.47,139107.0,2025-08-10T20:53:15+00:00
213116,0.9,8.3,139117.0,2025-08-10T20:53:15+00:00
147548,0.92,1.18,88672.0,2025-08-10T20:53:16+00:00
144104,0.99,1.0,85864.0,2025-08-10T20:53:17+00:00
144754,0.605,323.77,86376.0,2025-08-10T20:53:21+00:00
146790,0.67,829.41,87883.0,2025-08-10T20:53:32+00:00
147605,0.69,9.21,88737.0,2025-08-10T20:53:36+00:00
237107,0.98,0.0,149096.0,2025-08-10T20:53:43+00:00
238222,0.92,1.1,149582.0,2025-08-10T20:53:49+00:00
238466,0.585,17.39,149676.0,2025-08-10T20:53:50+00:00
214662,0.96,120.54,139767.0,2025-08-10T20:54:03+00:00
149145,0.61,6.99,90676.0,2025-08-10T20:54:04+00:00
149773,0.28,1.0,91898.0,2025-08-10T20:54:07+00:00
149874,0.935,600.73,92102.0,2025-08-10T20:54:07+00:00
215984,0.97,592.9,140308.0,2025-08-10T20:54:11+00:00
150644,0.955,75.86,93823.0,2025-08-10T20:54:14+00:00
150677,1.0,30.31,93879.0,2025-08-10T20:54:15+00:00
150679,0.96,104.03,93879.0,2025-08-10T20:54:15+00:00
150680,0.96,104.03,93879.0,2025-08-10T20:54:15+00:00
150687,1.0,1.0,93897.0,2025-08-10T20:54:15+00:00
150925,0.98,45.48,94141.0,2025-08-10T20:54:18+00:00
151006,1.0,1.0,94362.0,2025-08-10T20:54:19+00:00
149357,0.82,38.76,91075.0,2025-08-10T20:54:32+00:00
149600,0.845,261.22,91554.0,2025-08-10T20:54:33+00:00
149869,0.9,18.0,92092.0,2025-08-10T20:54:35+00:00
150654,0.98,0.01,93834.0,2025-08-10T20:54:41+00:00
150661,0.99,44.9,93853.0,2025-08-10T20:54:41+00:00
150662,0.995,316.06,93853.0,2025-08-10T20:54:41+00:00
150667,0.995,78.0,93860.0,2025-08-10T20:54:41+00:00
150668,1.0,188.52,93860.0,2025-08-10T20:54:41+00:00
150669,1.0,188.52,93860.0,2025-08-10T20:54:41+00:00
150684,0.98,1.0,93888.0,2025-08-10T20:54:41+00:00
150715,1.0,11.4,93965.0,2025-08-10T20:54:41+00:00
151007,1.0,1.0,94362.0,2025-08-10T20:54:43+00:00
151011,1.0,1.0,94364.0,2025-08-10T20:54:43+00:00
151103,0.61,33.76,94625.0,2025-08-10T20:54:43+00:00
151462,0.995,1.63,95559.0,2025-08-10T20:55:05+00:00
152019,0.765,1.0,96717.0,2025-08-10T20:55:08+00:00
152223,1.0,8.64,97121.0,2025-08-10T20:55:10+00:00
152295,0.99,9.82,97235.0,2025-08-10T20:55:10+00:00
219025,0.615,4.49,141565.0,2025-08-10T20:55:16+00:00
154371,0.945,2.28,101313.0,2025-08-10T20:55:22+00:00
154668,0.975,0.0,102480.0,2025-08-10T20:55:23+00:00
154719,0.985,0.0,102671.0,2025-08-10T20:55:24+00:00
151807,0.93,33.59,96291.0,2025-08-10T20:55:27+00:00
153835,0.965,1.0,100298.0,2025-08-10T20:55:38+00:00
153885,0.84,0.76,100501.0,2025-08-10T20:55:38+00:00
219892,0.675,0.76,141925.0,2025-08-10T20:55:38+00:00
154234,0.915,1.0,100924.0,2025-08-10T20:55:40+00:00
154286,0.615,0.92,101051.0,2025-08-10T20:55:40+00:00
154454,0.96,147.87,101597.0,2025-08-10T20:55:41+00:00
154633,0.83,22.04,102318.0,2025-08-10T20:55:42+00:00
154670,0.95,104.0,102489.0,2025-08-10T20:55:42+00:00
154676,0.99,2.28,102542.0,2025-08-10T20:55:42+00:00
154693,0.99,1.0,102619.0,2025-08-10T20:55:42+00:00
154694,0.98,346.94,102622.0,2025-08-10T20:55:42+00:00
154697,0.98,7.59,102625.0,2025-08-10T20:55:42+00:00
154720,0.96,119.74,102676.0,2025-08-10T20:55:43+00:00
220725,0.755,324.59,142280.0,2025-08-10T20:55:43+00:00
154877,0.265,1.52,103455.0,2025-08-10T20:55:43+00:00
243393,0.925,0.01,151916.0,2025-08-10T20:55:46+00:00
244004,0.995,1.0,152165.0,2025-08-10T20:55:50+00:00
244333,0.995,1.0,152307.0,2025-08-10T20:55:52+00:00
245347,0.66,2.47,152710.0,2025-08-10T20:55:56+00:00
248296,0.99,0.0,153875.0,2025-08-10T20:56:12+00:00
156990,0.98,186.13,109298.0,2025-08-10T20:56:13+00:00
249239,0.645,1096.99,154309.0,2025-08-10T20:56:17+00:00
157868,0.97,0.76,110547.0,2025-08-10T20:56:17+00:00
157918,0.59,635.1,110617.0,2025-08-10T20:56:18+00:00
249607,0.86,35.0,154493.0,2025-08-10T20:56:19+00:00
249963,0.975,0.77,154657.0,2025-08-10T20:56:21+00:00
156988,0.99,0.0,109297.0,2025-08-10T20:56:32+00:00
157871,0.96,80.22,110552.0,2025-08-10T20:56:37+00:00
221018,0.965,320.01,142394.0,2025-08-10T20:56:41+00:00
221041,0.875,2.0,142409.0,2025-08-10T20:56:41+00:00
177195,0.95,11.0,123078.0,2025-08-10T20:56:42+00:00
222419,0.635,0.0,142961.0,2025-08-10T20:56:49+00:00
223366,0.99,1.0,143354.0,2025-08-10T20:57:01+00:00
223572,0.99,1.0,143434.0,2025-08-10T20:57:02+00:00
223578,0.91,8.9,143438.0,2025-08-10T20:57:02+00:00
223618,0.995,1.0,143456.0,2025-08-10T20:57:03+00:00
184379,0.855,25.0,126219.0,2025-08-10T20:58:06+00:00
254344,0.65,187.11,156685.0,2025-08-10T20:58:09+00:00
255403,0.945,4.97,157207.0,2025-08-10T20:58:15+00:00
230076,0.945,0.77,146179.0,2025-08-10T20:58:38+00:00
230476,0.97,94.82,146344.0,2025-08-10T20:58:40+00:00
229712,0.995,1.18,146022.0,2025-08-10T20:58:55+00:00
190041,0.39,0.76,128663.0,2025-08-10T20:59:17+00:00
191074,0.615,720.8,129095.0,2025-08-10T20:59:23+00:00
167184,0.89,105.89,118532.0,2025-08-10T20:59:33+00:00
233258,0.745,996.27,147501.0,2025-08-10T20:59:34+00:00
167305,0.865,105.89,118603.0,2025-08-10T20:59:51+00:00
234705,0.815,0.0,148074.0,2025-08-10T21:00:00+00:00
192382,0.97,2.0,129668.0,2025-08-10T21:00:08+00:00
192687,0.655,276.17,129808.0,2025-08-10T21:00:09+00:00
235644,0.955,122.68,148479.0,2025-08-10T21:00:25+00:00
237426,0.745,1.0,149236.0,2025-08-10T21:00:34+00:00
238366,0.965,2.0,149640.0,2025-08-10T21:00:39+00:00
172787,0.99,144.62,121238.0,2025-08-10T21:00:39+00:00
235616,0.91,0.76,148468.0,2025-08-10T21:00:42+00:00
197586,0.585,480.72,132086.0,2025-08-10T21:01:13+00:00
198868,0.775,1.0,132688.0,2025-08-10T21:01:23+00:00
240222,0.675,1.0,150494.0,2025-08-10T21:01:58+00:00
241254,0.825,9.29,150949.0,2025-08-10T21:02:05+00:00
241445,0.985,10.7,151029.0,2025-08-10T21:02:07+00:00
176049,0.66,2125.87,122608.0,2025-08-10T21:02:08+00:00
239499,0.95,50.0,150138.0,2025-08-10T21:02:16+00:00
239501,0.735,237.26,150139.0,2025-08-10T21:02:17+00:00
201098,0.995,0.0,133731.0,2025-08-10T21:02:25+00:00
243699,0.985,1.0,152036.0,2025-08-10T21:03:07+00:00
243749,0.99,1.0,152058.0,2025-08-10T21:03:07+00:00
243848,1.0,1.0,152098.0,2025-08-10T21:03:08+00:00
178208,0.99,45.51,123525.0,2025-08-10T21:03:08+00:00
245556,0.65,357.95,152802.0,2025-08-10T21:03:19+00:00
243547,0.975,57.73,151972.0,2025-08-10T21:03:30+00:00
203328,0.85,925.31,134769.0,2025-08-10T21:03:30+00:00
204079,0.63,108.51,135102.0,2025-08-10T21:03:37+00:00
204503,0.94,84.28,135314.0,2025-08-10T21:03:40+00:00
275992,0.615,634.3,166831.0,2025-08-10T21:03:53+00:00
276071,0.645,19.95,166883.0,2025-08-10T21:03:53+00:00
247995,0.975,51.37,153761.0,2025-08-10T21:04:23+00:00
182992,0.605,3.22,125612.0,2025-08-10T21:04:28+00:00
248971,0.8,0.76,154181.0,2025-08-10T21:04:29+00:00
249167,0.865,1504.93,154278.0,2025-08-10T21:04:30+00:00
247673,0.825,247.86,153653.0,2025-08-10T21:04:41+00:00
181966,0.895,40.0,125200.0,2025-08-10T21:04:43+00:00
183106,0.765,0.0,125658.0,2025-08-10T21:04:49+00:00
279863,0.955,390.0,169142.0,2025-08-10T21:04:57+00:00
280143,0.84,0.76,169347.0,2025-08-10T21:04:59+00:00
280149,0.855,77.89,169351.0,2025-08-10T21:04:59+00:00
281144,0.95,245.0,169966.0,2025-08-10T21:05:04+00:00
281674,0.645,42.53,170348.0,2025-08-10T21:05:07+00:00
212516,0.95,0.01,138894.0,2025-08-10T21:05:08+00:00
249828,0.995,6.74,154599.0,2025-08-10T21:05:14+00:00
251477,0.98,0.77,155359.0,2025-08-10T21:05:22+00:00
251881,0.685,3.14,155542.0,2025-08-10T21:05:25+00:00
251904,0.975,94.82,155554.0,2025-08-10T21:05:25+00:00
252124,0.99,0.77,155662.0,2025-08-10T21:05:26+00:00
250761,0.995,0.77,155054.0,2025-08-10T21:05:36+00:00
251866,1.0,3.9,155535.0,2025-08-10T21:05:43+00:00
251891,0.695,7.06,155548.0,2025-08-10T21:05:43+00:00
252774,0.975,0.77,155965.0,2025-08-10T21:05:48+00:00
214775,0.665,0.69,139816.0,2025-08-10T21:06:00+00:00
215132,0.96,723.21,139951.0,2025-08-10T21:06:03+00:00
623,0.6,529.0,472.0,2025-08-10T21:06:06+00:00
215953,0.695,0.77,140293.0,2025-08-10T21:06:07+00:00
189701,0.87,93.35,128519.0,2025-08-10T21:06:23+00:00
189878,0.83,1.0,128595.0,2025-08-10T21:06:24+00:00
190368,0.955,175.9,128803.0,2025-08-10T21:06:26+00:00
191267,0.68,7.18,129186.0,2025-08-10T21:06:32+00:00
191359,0.955,4.87,129222.0,2025-08-10T21:06:32+00:00
254395,0.69,7.59,156710.0,2025-08-10T21:06:36+00:00
255556,0.9,0.77,157284.0,2025-08-10T21:06:42+00:00
189587,0.99,67.9,128471.0,2025-08-10T21:06:44+00:00
190263,0.245,0.76,128759.0,2025-08-10T21:06:48+00:00
218442,0.97,195.66,141320.0,2025-08-10T21:06:59+00:00
191544,0.91,80.9,129308.0,2025-08-10T21:07:33+00:00
191690,0.98,0.0,129371.0,2025-08-10T21:07:33+00:00
258403,0.8,296.0,158638.0,2025-08-10T21:07:35+00:00
192529,0.96,1.0,129741.0,2025-08-10T21:07:37+00:00
192584,0.94,362.55,129764.0,2025-08-10T21:07:38+00:00
6108,0.905,59.0,6986.0,2025-08-10T21:07:52+00:00
6427,0.99,1.0,7610.0,2025-08-10T21:07:54+00:00
6641,0.945,1.0,8169.0,2025-08-10T21:07:55+00:00
6882,0.93,1.1,8808.0,2025-08-10T21:07:56+00:00
6899,1.0,1.0,8878.0,2025-08-10T21:07:56+00:00
6903,1.0,1.0,8886.0,2025-08-10T21:07:56+00:00
222133,0.935,144.8,142840.0,2025-08-10T21:07:57+00:00
261056,0.865,45.51,159844.0,2025-08-10T21:08:10+00:00
195383,0.6,723.21,131024.0,2025-08-10T21:08:10+00:00
261925,0.965,156.0,160243.0,2025-08-10T21:08:14+00:00
262560,0.995,4.69,160537.0,2025-08-10T21:08:18+00:00
263080,0.665,1.0,160791.0,2025-08-10T21:08:21+00:00
261473,0.82,4.9,160034.0,2025-08-10T21:08:30+00:00
262826,0.99,0.77,160665.0,2025-08-10T21:08:37+00:00
263274,0.99,0.77,160870.0,2025-08-10T21:08:39+00:00
263324,0.975,127.14,160895.0,2025-08-10T21:08:40+00:00
263877,0.96,0.38,161154.0,2025-08-10T21:08:42+00:00
226814,0.99,667.55,144808.0,2025-08-10T21:09:02+00:00
226877,0.97,0.0,144839.0,2025-08-10T21:09:02+00:00
229730,0.75,2.22,146026.0,2025-08-10T21:09:16+00:00
231978,0.595,8.0,146998.0,2025-08-10T21:09:28+00:00
199896,0.905,1335.0,133184.0,2025-08-10T21:09:34+00:00
6336,0.98,1.0,7543.0,2025-08-10T21:09:48+00:00
6529,0.99,1.0,7891.0,2025-08-10T21:09:49+00:00
6717,0.975,1.0,8408.0,2025-08-10T21:09:50+00:00
6734,0.985,1.0,8451.0,2025-08-10T21:09:50+00:00
6774,0.985,1.0,8528.0,2025-08-10T21:09:50+00:00
6820,1.0,1.0,8614.0,2025-08-10T21:09:51+00:00
8296,0.925,1.0,11080.0,2025-08-10T21:09:58+00:00
8842,0.995,0.0,12093.0,2025-08-10T21:10:01+00:00
201601,0.98,130.21,133958.0,2025-08-10T21:10:02+00:00
9035,1.0,1.0,12597.0,2025-08-10T21:10:02+00:00
9487,0.99,1.0,14073.0,2025-08-10T21:10:04+00:00
268375,0.865,39.98,163181.0,2025-08-10T21:10:08+00:00
234574,0.98,0.0,148028.0,2025-08-10T21:10:20+00:00
234632,0.98,1.59,148053.0,2025-08-10T21:10:20+00:00
234633,0.98,1.59,148053.0,2025-08-10T21:10:20+00:00
235634,0.96,0.76,148476.0,2025-08-10T21:10:25+00:00
203700,0.92,0.0,134928.0,2025-08-10T21:10:31+00:00
10484,0.605,3.79,17187.0,2025-08-10T21:10:47+00:00
10690,0.88,1218.89,18088.0,2025-08-10T21:10:48+00:00
203324,0.955,1.0,134766.0,2025-08-10T21:10:49+00:00
10891,0.945,188.78,18675.0,2025-08-10T21:10:49+00:00
204064,0.945,345.0,135095.0,2025-08-10T21:10:52+00:00
11841,0.995,1.0,20332.0,2025-08-10T21:10:54+00:00
12070,0.995,1.0,20931.0,2025-08-10T21:10:55+00:00
12108,0.995,1.0,21046.0,2025-08-10T21:10:56+00:00
237107,0.98,0.0,149096.0,2025-08-10T21:11:11+00:00
238222,0.92,1.1,149582.0,2025-08-10T21:11:17+00:00
238466,0.585,17.39,149676.0,2025-08-10T21:11:18+00:00
274468,0.36,2.0,166023.0,2025-08-10T21:11:18+00:00
274475,0.8,39.9,166028.0,2025-08-10T21:11:18+00:00
272521,0.56,12.31,165132.0,2025-08-10T21:11:22+00:00
274382,0.67,0.0,165981.0,2025-08-10T21:11:33+00:00
14104,0.77,3.12,25095.0,2025-08-10T21:11:46+00:00
14211,0.93,99.99,25254.0,2025-08-10T21:11:46+00:00
541,0.8,0.0,406.0,2025-08-10T21:11:51+00:00
623,0.6,529.0,472.0,2025-08-10T21:11:51+00:00
208651,0.985,39.45,137211.0,2025-08-10T21:11:56+00:00
212644,0.965,727.91,138942.0,2025-08-10T21:12:36+00:00
213092,0.605,22.47,139107.0,2025-08-10T21:12:39+00:00
213116,0.9,8.3,139117.0,2025-08-10T21:12:39+00:00
276864,0.965,349.08,167338.0,2025-08-10T21:12:43+00:00
243393,0.925,0.01,151916.0,2025-08-10T21:13:04+00:00
244004,0.995,1.0,152165.0,2025-08-10T21:13:07+00:00
4920,0.72,239.93,4462.0,2025-08-10T21:13:07+00:00
244333,0.995,1.0,152307.0,2025-08-10T21:13:09+00:00
245347,0.66,2.47,152710.0,2025-08-10T21:13:15+00:00
6331,0.965,1.0,7526.0,2025-08-10T21:13:15+00:00
6446,0.98,1.0,7672.0,2025-08-10T21:13:16+00:00
6734,0.985,1.0,8451.0,2025-08-10T21:13:18+00:00
6774,0.985,1.0,8528.0,2025-08-10T21:13:18+00:00
6820,1.0,1.0,8614.0,2025-08-10T21:13:18+00:00
6870,1.0,1.0,8757.0,2025-08-10T21:13:18+00:00
6903,1.0,1.0,8886.0,2025-08-10T21:13:19+00:00
214662,0.96,120.54,139767.0,2025-08-10T21:13:29+00:00
215984,0.97,592.9,140308.0,2025-08-10T21:13:37+00:00
6971,0.82,1809.68,9064.0,2025-08-10T21:14:00+00:00
8312,0.95,1.0,11092.0,2025-08-10T21:14:09+00:00
8335,0.94,1.0,11131.0,2025-08-10T21:14:09+00:00
8615,0.975,1.0,11629.0,2025-08-10T21:14:10+00:00
8842,0.995,0.0,12093.0,2025-08-10T21:14:12+00:00
248296,0.99,0.0,153875.0,2025-08-10T21:14:13+00:00
9487,0.99,1.0,14073.0,2025-08-10T21:14:15+00:00
9509,0.995,1.0,14152.0,2025-08-10T21:14:16+00:00
249239,0.645,1096.99,154309.0,2025-08-10T21:14:19+00:00
249607,0.86,35.0,154493.0,2025-08-10T21:14:21+00:00
249963,0.975,0.77,154657.0,2025-08-10T21:14:24+00:00
541,0.8,0.0,406.0,2025-08-10T21:14:40+00:00
219025,0.615,4.49,141565.0,2025-08-10T21:14:59+00:00
10568,0.965,1.0,17520.0,2025-08-10T21:15:04+00:00
10630,0.99,766.36,17838.0,2025-08-10T21:15:04+00:00
10690,0.88,1218.89,18088.0,2025-08-10T21:15:05+00:00
10891,0.945,188.78,18675.0,2025-08-10T21:15:06+00:00
11841,0.995,1.0,20332.0,2025-08-10T21:15:10+00:00
12261,0.99,1.0,21419.0,2025-08-10T21:15:12+00:00
219892,0.675,0.76,141925.0,2025-08-10T21:15:19+00:00
14170,0.795,99.99,25198.0,2025-08-10T21:15:22+00:00
220725,0.755,324.59,142280.0,2025-08-10T21:15:23+00:00
254344,0.65,187.11,156685.0,2025-08-10T21:15:26+00:00
255403,0.945,4.97,157207.0,2025-08-10T21:15:31+00:00
4920,0.72,239.93,4462.0,2025-08-10T21:15:54+00:00
14211,0.93,99.99,25254.0,2025-08-10T21:15:58+00:00
221018,0.965,320.01,142394.0,2025-08-10T21:16:00+00:00
221041,0.875,2.0,142409.0,2025-08-10T21:16:00+00:00
15451,0.995,99.99,26833.0,2025-08-10T21:16:04+00:00
15476,1.0,99.99,26863.0,2025-08-10T21:16:04+00:00
15736,1.0,99.99,27163.0,2025-08-10T21:16:05+00:00
15751,1.0,99.99,27187.0,2025-08-10T21:16:05+00:00
15781,0.99,99.99,27219.0,2025-08-10T21:16:05+00:00
15810,0.955,99.99,27252.0,2025-08-10T21:16:06+00:00
16110,0.31,1.0,27524.0,2025-08-10T21:16:07+00:00
222419,0.635,0.0,142961.0,2025-08-10T21:16:07+00:00
16851,0.24,1.0,28233.0,2025-08-10T21:16:11+00:00
223366,0.99,1.0,143354.0,2025-08-10T21:16:12+00:00
223572,0.99,1.0,143434.0,2025-08-10T21:16:13+00:00
223578,0.91,8.9,143438.0,2025-08-10T21:16:13+00:00
223618,0.995,1.0,143456.0,2025-08-10T21:16:13+00:00
17407,0.97,99.99,28692.0,2025-08-10T21:16:14+00:00
17480,0.84,99.99,28755.0,2025-08-10T21:16:14+00:00
6329,0.77,1.0,7519.0,2025-08-10T21:16:24+00:00
6331,0.965,1.0,7526.0,2025-08-10T21:16:24+00:00
6338,0.98,1.0,7551.0,2025-08-10T21:16:24+00:00
6446,0.98,1.0,7672.0,2025-08-10T21:16:25+00:00
6529,0.99,1.0,7891.0,2025-08-10T21:16:25+00:00
6609,0.965,1.0,8090.0,2025-08-10T21:16:26+00:00
6719,0.97,1.0,8415.0,2025-08-10T21:16:26+00:00
6870,1.0,1.0,8757.0,2025-08-10T21:16:27+00:00
623,0.6,529.0,472.0,2025-08-10T21:16:31+00:00
6334,0.97,1.0,7535.0,2025-08-10T21:16:39+00:00
6336,0.98,1.0,7543.0,2025-08-10T21:16:39+00:00
6472,0.945,1.0,7740.0,2025-08-10T21:16:39+00:00
6717,0.975,1.0,8408.0,2025-08-10T21:16:41+00:00
6734,0.985,1.0,8451.0,2025-08-10T21:16:41+00:00
6774,0.985,1.0,8528.0,2025-08-10T21:16:41+00:00
6820,1.0,1.0,8614.0,2025-08-10T21:16:41+00:00
6971,0.82,1809.68,9064.0,2025-08-10T21:16:42+00:00
541,0.8,0.0,406.0,2025-08-10T21:16:46+00:00
18472,0.825,0.68,29531.0,2025-08-10T21:16:56+00:00
18773,0.97,0.68,29753.0,2025-08-10T21:16:58+00:00
18809,0.87,30.3,29785.0,2025-08-10T21:16:58+00:00
230076,0.945,0.77,146179.0,2025-08-10T21:17:41+00:00
230476,0.97,94.82,146344.0,2025-08-10T21:17:43+00:00
229712,0.995,1.18,146022.0,2025-08-10T21:17:57+00:00
4920,0.72,239.93,4462.0,2025-08-10T21:18:02+00:00
27738,0.955,125.3,34684.0,2025-08-10T21:18:17+00:00
27749,0.97,19.02,34687.0,2025-08-10T21:18:17+00:00
6108,0.905,59.0,6986.0,2025-08-10T21:18:28+00:00
6329,0.77,1.0,7519.0,2025-08-10T21:18:29+00:00
6472,0.945,1.0,7740.0,2025-08-10T21:18:30+00:00
6719,0.97,1.0,8415.0,2025-08-10T21:18:31+00:00
6870,1.0,1.0,8757.0,2025-08-10T21:18:32+00:00
6882,0.93,1.1,8808.0,2025-08-10T21:18:32+00:00
233258,0.745,996.27,147501.0,2025-08-10T21:18:32+00:00
6971,0.82,1809.68,9064.0,2025-08-10T21:18:32+00:00
8335,0.94,1.0,11131.0,2025-08-10T21:18:39+00:00
6331,0.965,1.0,7526.0,2025-08-10T21:18:44+00:00
6334,0.97,1.0,7535.0,2025-08-10T21:18:44+00:00
6338,0.98,1.0,7551.0,2025-08-10T21:18:44+00:00
6427,0.99,1.0,7610.0,2025-08-10T21:18:44+00:00
6446,0.98,1.0,7672.0,2025-08-10T21:18:45+00:00
6609,0.965,1.0,8090.0,2025-08-10T21:18:45+00:00
6641,0.945,1.0,8169.0,2025-08-10T21:18:45+00:00
6899,1.0,1.0,8878.0,2025-08-10T21:18:47+00:00
6903,1.0,1.0,8886.0,2025-08-10T21:18:47+00:00
8312,0.95,1.0,11092.0,2025-08-10T21:18:54+00:00
234705,0.815,0.0,148074.0,2025-08-10T21:18:56+00:00
8845,0.985,30.39,12095.0,2025-08-10T21:18:56+00:00
8972,0.78,179.66,12393.0,2025-08-10T21:18:57+00:00
9179,0.985,1.0,13126.0,2025-08-10T21:18:58+00:00
30100,0.98,60.6,35771.0,2025-08-10T21:19:04+00:00
30398,0.95,9.13,35906.0,2025-08-10T21:19:05+00:00
30442,0.995,4.56,35926.0,2025-08-10T21:19:05+00:00
8615,0.975,1.0,11629.0,2025-08-10T21:19:16+00:00
8617,0.865,1.0,11635.0,2025-08-10T21:19:16+00:00
9252,0.955,1.0,13323.0,2025-08-10T21:19:19+00:00
235644,0.955,122.68,148479.0,2025-08-10T21:19:20+00:00
10204,0.8,11.39,15817.0,2025-08-10T21:19:24+00:00
10497,0.645,3.79,17220.0,2025-08-10T21:19:25+00:00
10498,0.645,3.93,17230.0,2025-08-10T21:19:25+00:00
10630,0.99,766.36,17838.0,2025-08-10T21:19:26+00:00
10801,0.985,1.0,18399.0,2025-08-10T21:19:27+00:00
237426,0.745,1.0,149236.0,2025-08-10T21:19:28+00:00
11710,1.0,1.0,20011.0,2025-08-10T21:19:31+00:00
11880,0.995,1.0,20451.0,2025-08-10T21:19:32+00:00
238366,0.965,2.0,149640.0,2025-08-10T21:19:33+00:00
9509,0.995,1.0,14152.0,2025-08-10T21:19:35+00:00
235616,0.91,0.76,148468.0,2025-08-10T21:19:36+00:00
10568,0.965,1.0,17520.0,2025-08-10T21:19:40+00:00
10897,1.0,1.0,18690.0,2025-08-10T21:19:41+00:00
11343,0.995,1.0,19762.0,2025-08-10T21:19:43+00:00
12261,0.99,1.0,21419.0,2025-08-10T21:19:48+00:00
12369,0.96,1.0,21662.0,2025-08-10T21:20:10+00:00
240222,0.675,1.0,150494.0,2025-08-10T21:20:17+00:00
14170,0.795,99.99,25198.0,2025-08-10T21:20:18+00:00
14197,0.885,99.99,25231.0,2025-08-10T21:20:19+00:00
14338,0.665,3.76,25426.0,2025-08-10T21:20:19+00:00
241254,0.825,9.29,150949.0,2025-08-10T21:20:21+00:00
241445,0.985,10.7,151029.0,2025-08-10T21:20:22+00:00
239499,0.95,50.0,150138.0,2025-08-10T21:20:30+00:00
239501,0.735,237.26,150139.0,2025-08-10T21:20:30+00:00
275992,0.615,634.3,166831.0,2025-08-10T21:20:47+00:00
276071,0.645,19.95,166883.0,2025-08-10T21:20:47+00:00
243699,0.985,1.0,152036.0,2025-08-10T21:21:08+00:00
243749,0.99,1.0,152058.0,2025-08-10T21:21:08+00:00
243848,1.0,1.0,152098.0,2025-08-10T21:21:09+00:00
623,0.6,529.0,472.0,2025-08-10T21:21:14+00:00
245556,0.65,357.95,152802.0,2025-08-10T21:21:17+00:00
243547,0.975,57.73,151972.0,2025-08-10T21:21:24+00:00
541,0.8,0.0,406.0,2025-08-10T21:21:25+00:00
40085,0.755,1.0,40086.0,2025-08-10T21:21:39+00:00
279863,0.955,390.0,169142.0,2025-08-10T21:21:42+00:00
280143,0.84,0.76,169347.0,2025-08-10T21:21:43+00:00
280149,0.855,77.89,169351.0,2025-08-10T21:21:43+00:00
41569,0.875,1.0,40742.0,2025-08-10T21:21:46+00:00
281144,0.95,245.0,169966.0,2025-08-10T21:21:48+00:00
42007,0.985,0.76,40918.0,2025-08-10T21:21:49+00:00
42009,0.99,112.33,40919.0,2025-08-10T21:21:49+00:00
281674,0.645,42.53,170348.0,2025-08-10T21:21:51+00:00
42528,0.965,340.11,41138.0,2025-08-10T21:21:51+00:00
42700,0.99,30.26,41204.0,2025-08-10T21:21:52+00:00
42756,0.99,0.0,41233.0,2025-08-10T21:21:52+00:00
42936,0.995,59.68,41305.0,2025-08-10T21:21:53+00:00
43160,0.995,273.01,41397.0,2025-08-10T21:21:54+00:00
247995,0.975,51.37,153761.0,2025-08-10T21:22:06+00:00
248971,0.8,0.76,154181.0,2025-08-10T21:22:10+00:00
249167,0.865,1504.93,154278.0,2025-08-10T21:22:11+00:00
247673,0.825,247.86,153653.0,2025-08-10T21:22:20+00:00
6336,0.98,1.0,7543.0,2025-08-10T21:22:29+00:00
6427,0.99,1.0,7610.0,2025-08-10T21:22:29+00:00
6472,0.945,1.0,7740.0,2025-08-10T21:22:30+00:00
6641,0.945,1.0,8169.0,2025-08-10T21:22:30+00:00
6719,0.97,1.0,8415.0,2025-08-10T21:22:31+00:00
6882,0.93,1.1,8808.0,2025-08-10T21:22:32+00:00
43624,0.85,39.45,41582.0,2025-08-10T21:22:32+00:00
44001,0.915,802.52,41743.0,2025-08-10T21:22:33+00:00
623,0.6,529.0,472.0,2025-08-10T21:22:37+00:00
623,0.6,529.0,472.0,2025-08-10T21:22:44+00:00
249828,0.995,6.74,154599.0,2025-08-10T21:22:50+00:00
251477,0.98,0.77,155359.0,2025-08-10T21:22:58+00:00
251881,0.685,3.14,155542.0,2025-08-10T21:23:00+00:00
251904,0.975,94.82,155554.0,2025-08-10T21:23:00+00:00
252124,0.99,0.77,155662.0,2025-08-10T21:23:01+00:00
6108,0.905,59.0,6986.0,2025-08-10T21:23:04+00:00
6331,0.965,1.0,7526.0,2025-08-10T21:23:05+00:00
6336,0.98,1.0,7543.0,2025-08-10T21:23:05+00:00
6529,0.99,1.0,7891.0,2025-08-10T21:23:05+00:00
6609,0.965,1.0,8090.0,2025-08-10T21:23:06+00:00
6882,0.93,1.1,8808.0,2025-08-10T21:23:07+00:00
6899,1.0,1.0,8878.0,2025-08-10T21:23:07+00:00
6903,1.0,1.0,8886.0,2025-08-10T21:23:07+00:00
250761,0.995,0.77,155054.0,2025-08-10T21:23:10+00:00
6108,0.905,59.0,6986.0,2025-08-10T21:23:11+00:00
6329,0.77,1.0,7519.0,2025-08-10T21:23:12+00:00
6334,0.97,1.0,7535.0,2025-08-10T21:23:12+00:00
6338,0.98,1.0,7551.0,2025-08-10T21:23:12+00:00
6529,0.99,1.0,7891.0,2025-08-10T21:23:13+00:00
6609,0.965,1.0,8090.0,2025-08-10T21:23:13+00:00
6717,0.975,1.0,8408.0,2025-08-10T21:23:14+00:00
6899,1.0,1.0,8878.0,2025-08-10T21:23:15+00:00
251866,1.0,3.9,155535.0,2025-08-10T21:23:16+00:00
251891,0.695,7.06,155548.0,2025-08-10T21:23:16+00:00
252774,0.975,0.77,155965.0,2025-08-10T21:23:20+00:00
8296,0.925,1.0,11080.0,2025-08-10T21:23:21+00:00
8617,0.865,1.0,11635.0,2025-08-10T21:23:23+00:00
8972,0.78,179.66,12393.0,2025-08-10T21:23:24+00:00
9035,1.0,1.0,12597.0,2025-08-10T21:23:25+00:00
8845,0.985,30.39,12095.0,2025-08-10T21:23:34+00:00
9179,0.985,1.0,13126.0,2025-08-10T21:23:35+00:00
10204,0.8,11.39,15817.0,2025-08-10T21:23:40+00:00
10498,0.645,3.93,17230.0,2025-08-10T21:23:42+00:00
6971,0.82,1809.68,9064.0,2025-08-10T21:23:43+00:00
8296,0.925,1.0,11080.0,2025-08-10T21:23:49+00:00
8617,0.865,1.0,11635.0,2025-08-10T21:23:50+00:00
8845,0.985,30.39,12095.0,2025-08-10T21:23:51+00:00
8972,0.78,179.66,12393.0,2025-08-10T21:23:52+00:00
9252,0.955,1.0,13323.0,2025-08-10T21:23:53+00:00
9509,0.995,1.0,14152.0,2025-08-10T21:23:54+00:00
10498,0.645,3.93,17230.0,2025-08-10T21:23:59+00:00
9252,0.955,1.0,13323.0,2025-08-10T21:24:01+00:00
254395,0.69,7.59,156710.0,2025-08-10T21:24:03+00:00
10484,0.605,3.79,17187.0,2025-08-10T21:24:07+00:00
10497,0.645,3.79,17220.0,2025-08-10T21:24:07+00:00
255556,0.9,0.77,157284.0,2025-08-10T21:24:08+00:00
11710,1.0,1.0,20011.0,2025-08-10T21:24:13+00:00
10801,0.985,1.0,18399.0,2025-08-10T21:24:18+00:00
10897,1.0,1.0,18690.0,2025-08-10T21:24:19+00:00
6108,0.905,59.0,6986.0,2025-08-10T21:24:20+00:00
11343,0.995,1.0,19762.0,2025-08-10T21:24:21+00:00
6427,0.99,1.0,7610.0,2025-08-10T21:24:21+00:00
6641,0.945,1.0,8169.0,2025-08-10T21:24:22+00:00
11880,0.995,1.0,20451.0,2025-08-10T21:24:23+00:00
6882,0.93,1.1,8808.0,2025-08-10T21:24:23+00:00
6899,1.0,1.0,8878.0,2025-08-10T21:24:24+00:00
6903,1.0,1.0,8886.0,2025-08-10T21:24:24+00:00
12070,0.995,1.0,20931.0,2025-08-10T21:24:24+00:00
12108,0.995,1.0,21046.0,2025-08-10T21:24:25+00:00
12369,0.96,1.0,21662.0,2025-08-10T21:24:26+00:00
14104,0.77,3.12,25095.0,2025-08-10T21:24:34+00:00
541,0.8,0.0,406.0,2025-08-10T21:24:38+00:00
258403,0.8,296.0,158638.0,2025-08-10T21:24:58+00:00
14197,0.885,99.99,25231.0,2025-08-10T21:25:01+00:00
14338,0.665,3.76,25426.0,2025-08-10T21:25:02+00:00
15166,0.96,99.99,26523.0,2025-08-10T21:25:05+00:00
14920,0.275,1.0,26217.0,2025-08-10T21:25:14+00:00
15204,0.965,99.99,26556.0,2025-08-10T21:25:15+00:00
15225,0.995,99.99,26585.0,2025-08-10T21:25:15+00:00
15506,1.0,99.99,26899.0,2025-08-10T21:25:17+00:00
15539,1.0,99.99,26931.0,2025-08-10T21:25:17+00:00
15566,1.0,99.99,26961.0,2025-08-10T21:25:17+00:00
16863,0.86,730.86,28242.0,2025-08-10T21:25:23+00:00
17366,0.99,99.99,28658.0,2025-08-10T21:25:25+00:00
6336,0.98,1.0,7543.0,2025-08-10T21:25:30+00:00
6529,0.99,1.0,7891.0,2025-08-10T21:25:31+00:00
6717,0.975,1.0,8408.0,2025-08-10T21:25:32+00:00
6734,0.985,1.0,8451.0,2025-08-10T21:25:32+00:00
6774,0.985,1.0,8528.0,2025-08-10T21:25:32+00:00
6820,1.0,1.0,8614.0,2025-08-10T21:25:33+00:00
8296,0.925,1.0,11080.0,2025-08-10T21:25:39+00:00
6331,0.965,1.0,7526.0,2025-08-10T21:25:42+00:00
8842,0.995,0.0,12093.0,2025-08-10T21:25:42+00:00
6529,0.99,1.0,7891.0,2025-08-10T21:25:42+00:00
9035,1.0,1.0,12597.0,2025-08-10T21:25:43+00:00
6609,0.965,1.0,8090.0,2025-08-10T21:25:43+00:00
6719,0.97,1.0,8415.0,2025-08-10T21:25:44+00:00
6734,0.985,1.0,8451.0,2025-08-10T21:25:44+00:00
6882,0.93,1.1,8808.0,2025-08-10T21:25:44+00:00
6899,1.0,1.0,8878.0,2025-08-10T21:25:44+00:00
9487,0.99,1.0,14073.0,2025-08-10T21:25:45+00:00
16415,0.975,23.36,27784.0,2025-08-10T21:25:46+00:00
261056,0.865,45.51,159844.0,2025-08-10T21:25:47+00:00
16780,0.945,99.99,28143.0,2025-08-10T21:25:48+00:00
17317,0.985,99.99,28625.0,2025-08-10T21:25:51+00:00
261925,0.965,156.0,160243.0,2025-08-10T21:25:51+00:00
17453,0.945,99.99,28726.0,2025-08-10T21:25:51+00:00
262560,0.995,4.69,160537.0,2025-08-10T21:25:54+00:00
263080,0.665,1.0,160791.0,2025-08-10T21:25:57+00:00
18466,0.78,0.68,29526.0,2025-08-10T21:26:05+00:00
261473,0.82,4.9,160034.0,2025-08-10T21:26:05+00:00
262826,0.99,0.77,160665.0,2025-08-10T21:26:11+00:00
263274,0.99,0.77,160870.0,2025-08-10T21:26:13+00:00
263324,0.975,127.14,160895.0,2025-08-10T21:26:14+00:00
263877,0.96,0.38,161154.0,2025-08-10T21:26:16+00:00
10484,0.605,3.79,17187.0,2025-08-10T21:26:24+00:00
10690,0.88,1218.89,18088.0,2025-08-10T21:26:25+00:00
8296,0.925,1.0,11080.0,2025-08-10T21:26:26+00:00
10891,0.945,188.78,18675.0,2025-08-10T21:26:26+00:00
8842,0.995,0.0,12093.0,2025-08-10T21:26:29+00:00
9035,1.0,1.0,12597.0,2025-08-10T21:26:30+00:00
11841,0.995,1.0,20332.0,2025-08-10T21:26:31+00:00
12070,0.995,1.0,20931.0,2025-08-10T21:26:32+00:00
12108,0.995,1.0,21046.0,2025-08-10T21:26:32+00:00
10484,0.605,3.79,17187.0,2025-08-10T21:26:37+00:00
10498,0.645,3.93,17230.0,2025-08-10T21:26:37+00:00
20198,0.75,104.81,30852.0,2025-08-10T21:26:39+00:00
23308,0.97,0.0,32686.0,2025-08-10T21:26:54+00:00
23422,0.865,717.15,32745.0,2025-08-10T21:26:54+00:00
11343,0.995,1.0,19762.0,2025-08-10T21:27:16+00:00
14104,0.77,3.12,25095.0,2025-08-10T21:27:17+00:00
11710,1.0,1.0,20011.0,2025-08-10T21:27:17+00:00
14211,0.93,99.99,25254.0,2025-08-10T21:27:17+00:00
11841,0.995,1.0,20332.0,2025-08-10T21:27:18+00:00
12108,0.995,1.0,21046.0,2025-08-10T21:27:19+00:00
12369,0.96,1.0,21662.0,2025-08-10T21:27:20+00:00
541,0.8,0.0,406.0,2025-08-10T21:27:21+00:00
623,0.6,529.0,472.0,2025-08-10T21:27:22+00:00
268375,0.865,39.98,163181.0,2025-08-10T21:27:32+00:00
26802,0.9,19.02,34256.0,2025-08-10T21:27:45+00:00
27362,0.675,1.52,34521.0,2025-08-10T21:27:58+00:00
27627,0.985,18.96,34634.0,2025-08-10T21:27:59+00:00
14920,0.275,1.0,26217.0,2025-08-10T21:28:07+00:00
15204,0.965,99.99,26556.0,2025-08-10T21:28:08+00:00
15476,1.0,99.99,26863.0,2025-08-10T21:28:10+00:00
15506,1.0,99.99,26899.0,2025-08-10T21:28:10+00:00
15566,1.0,99.99,26961.0,2025-08-10T21:28:10+00:00
15781,0.99,99.99,27219.0,2025-08-10T21:28:11+00:00
15810,0.955,99.99,27252.0,2025-08-10T21:28:11+00:00
17480,0.84,99.99,28755.0,2025-08-10T21:28:19+00:00
18472,0.825,0.68,29531.0,2025-08-10T21:28:23+00:00
18773,0.97,0.68,29753.0,2025-08-10T21:28:25+00:00
20198,0.75,104.81,30852.0,2025-08-10T21:28:32+00:00
274468,0.36,2.0,166023.0,2025-08-10T21:28:36+00:00
274475,0.8,39.9,166028.0,2025-08-10T21:28:36+00:00
272521,0.56,12.31,165132.0,2025-08-10T21:28:41+00:00
28976,0.275,2.69,35261.0,2025-08-10T21:28:47+00:00
274382,0.67,0.0,165981.0,2025-08-10T21:28:50+00:00
29687,0.645,0.76,35585.0,2025-08-10T21:28:51+00:00
4920,0.72,239.93,4462.0,2025-08-10T21:29:05+00:00
30314,0.98,7.61,35866.0,2025-08-10T21:29:05+00:00
30384,0.97,1.0,35899.0,2025-08-10T21:29:06+00:00
30473,0.975,14.46,35942.0,2025-08-10T21:29:06+00:00
30496,0.975,111.7,35953.0,2025-08-10T21:29:07+00:00
31002,0.99,111.7,36170.0,2025-08-10T21:29:09+00:00
6331,0.965,1.0,7526.0,2025-08-10T21:29:12+00:00
6446,0.98,1.0,7672.0,2025-08-10T21:29:12+00:00
6734,0.985,1.0,8451.0,2025-08-10T21:29:14+00:00
6774,0.985,1.0,8528.0,2025-08-10T21:29:14+00:00
6820,1.0,1.0,8614.0,2025-08-10T21:29:14+00:00
6870,1.0,1.0,8757.0,2025-08-10T21:29:14+00:00
6903,1.0,1.0,8886.0,2025-08-10T21:29:14+00:00
276864,0.965,349.08,167338.0,2025-08-10T21:29:37+00:00
33276,0.795,12.31,37167.0,2025-08-10T21:29:43+00:00
6971,0.82,1809.68,9064.0,2025-08-10T21:29:49+00:00
8312,0.95,1.0,11092.0,2025-08-10T21:29:56+00:00
8335,0.94,1.0,11131.0,2025-08-10T21:29:57+00:00
8615,0.975,1.0,11629.0,2025-08-10T21:29:58+00:00
8842,0.995,0.0,12093.0,2025-08-10T21:30:00+00:00
9487,0.99,1.0,14073.0,2025-08-10T21:30:03+00:00
9509,0.995,1.0,14152.0,2025-08-10T21:30:03+00:00
26802,0.9,19.02,34256.0,2025-08-10T21:30:16+00:00
27362,0.675,1.52,34521.0,2025-08-10T21:30:18+00:00
27627,0.985,18.96,34634.0,2025-08-10T21:30:19+00:00
27738,0.955,125.3,34684.0,2025-08-10T21:30:20+00:00
27749,0.97,19.02,34687.0,2025-08-10T21:30:20+00:00
28976,0.275,2.69,35261.0,2025-08-10T21:30:26+00:00
10568,0.965,1.0,17520.0,2025-08-10T21:30:44+00:00
10630,0.99,766.36,17838.0,2025-08-10T21:30:44+00:00
10690,0.88,1218.89,18088.0,2025-08-10T21:30:44+00:00
10891,0.945,188.78,18675.0,2025-08-10T21:30:46+00:00
11841,0.995,1.0,20332.0,2025-08-10T21:30:50+00:00
12261,0.99,1.0,21419.0,2025-08-10T21:30:52+00:00
14170,0.795,99.99,25198.0,2025-08-10T21:31:01+00:00
14211,0.93,99.99,25254.0,2025-08-10T21:31:01+00:00
15451,0.995,99.99,26833.0,2025-08-10T21:31:07+00:00
15476,1.0,99.99,26863.0,2025-08-10T21:31:07+00:00
30496,0.975,111.7,35953.0,2025-08-10T21:31:09+00:00
15736,1.0,99.99,27163.0,2025-08-10T21:31:09+00:00
15751,1.0,99.99,27187.0,2025-08-10T21:31:09+00:00
15781,0.99,99.99,27219.0,2025-08-10T21:31:09+00:00
15810,0.955,99.99,27252.0,2025-08-10T21:31:09+00:00
16110,0.31,1.0,27524.0,2025-08-10T21:31:11+00:00
16851,0.24,1.0,28233.0,2025-08-10T21:31:14+00:00
17407,0.97,99.99,28692.0,2025-08-10T21:31:17+00:00
17480,0.84,99.99,28755.0,2025-08-10T21:31:17+00:00
39183,0.675,776.83,39729.0,2025-08-10T21:31:23+00:00
40525,0.855,1.0,40276.0,2025-08-10T21:31:31+00:00
541,0.8,0.0,406.0,2025-08-10T21:31:35+00:00
41395,0.905,1.0,40662.0,2025-08-10T21:31:47+00:00
41943,0.84,0.76,40892.0,2025-08-10T21:31:50+00:00
42549,0.98,88.23,41147.0,2025-08-10T21:31:52+00:00
42635,1.0,11.38,41181.0,2025-08-10T21:31:53+00:00
42696,1.0,88.23,41203.0,2025-08-10T21:31:53+00:00
42741,0.955,459.07,41227.0,2025-08-10T21:31:53+00:00
42769,1.0,118.3,41237.0,2025-08-10T21:31:53+00:00
42784,0.99,45.49,41243.0,2025-08-10T21:31:53+00:00
42856,0.965,173.07,41273.0,2025-08-10T21:31:54+00:00
42887,0.995,37.32,41285.0,2025-08-10T21:31:54+00:00
42958,0.955,9.99,41313.0,2025-08-10T21:31:54+00:00
43061,0.975,34.12,41353.0,2025-08-10T21:31:55+00:00
43204,0.99,106.55,41413.0,2025-08-10T21:31:56+00:00
18472,0.825,0.68,29531.0,2025-08-10T21:31:58+00:00
18773,0.97,0.68,29753.0,2025-08-10T21:32:00+00:00
18809,0.87,30.3,29785.0,2025-08-10T21:32:00+00:00
42473,0.995,3.79,41116.0,2025-08-10T21:32:16+00:00
42590,0.945,5.3,41164.0,2025-08-10T21:32:16+00:00
42609,0.995,83.38,41170.0,2025-08-10T21:32:16+00:00
42674,0.99,1.52,41194.0,2025-08-10T21:32:17+00:00
42945,1.0,0.76,41308.0,2025-08-10T21:32:18+00:00
43773,0.98,172.32,41646.0,2025-08-10T21:32:22+00:00
44091,0.775,99.99,41791.0,2025-08-10T21:32:24+00:00
43428,0.96,364.19,41505.0,2025-08-10T21:32:32+00:00
43681,1.0,53.95,41607.0,2025-08-10T21:32:33+00:00
541,0.8,0.0,406.0,2025-08-10T21:32:38+00:00
4920,0.72,239.93,4462.0,2025-08-10T21:32:45+00:00
6329,0.77,1.0,7519.0,2025-08-10T21:33:13+00:00
6331,0.965,1.0,7526.0,2025-08-10T21:33:14+00:00
6338,0.98,1.0,7551.0,2025-08-10T21:33:14+00:00
6446,0.98,1.0,7672.0,2025-08-10T21:33:14+00:00
6529,0.99,1.0,7891.0,2025-08-10T21:33:14+00:00
6609,0.965,1.0,8090.0,2025-08-10T21:33:15+00:00
6719,0.97,1.0,8415.0,2025-08-10T21:33:15+00:00
6870,1.0,1.0,8757.0,2025-08-10T21:33:16+00:00
623,0.6,529.0,472.0,2025-08-10T21:33:20+00:00
4920,0.72,239.93,4462.0,2025-08-10T21:33:23+00:00
6334,0.97,1.0,7535.0,2025-08-10T21:33:27+00:00
6336,0.98,1.0,7543.0,2025-08-10T21:33:27+00:00
6472,0.945,1.0,7740.0,2025-08-10T21:33:28+00:00
6717,0.975,1.0,8408.0,2025-08-10T21:33:29+00:00
6734,0.985,1.0,8451.0,2025-08-10T21:33:30+00:00
6774,0.985,1.0,8528.0,2025-08-10T21:33:30+00:00
6820,1.0,1.0,8614.0,2025-08-10T21:33:30+00:00
6971,0.82,1809.68,9064.0,2025-08-10T21:33:31+00:00
541,0.8,0.0,406.0,2025-08-10T21:33:34+00:00
40085,0.755,1.0,40086.0,2025-08-10T21:33:43+00:00
41569,0.875,1.0,40742.0,2025-08-10T21:33:50+00:00
27738,0.955,125.3,34684.0,2025-08-10T21:33:54+00:00
27749,0.97,19.02,34687.0,2025-08-10T21:33:54+00:00
4920,0.72,239.93,4462.0,2025-08-10T21:34:17+00:00
6329,0.77,1.0,7519.0,2025-08-10T21:34:23+00:00
6334,0.97,1.0,7535.0,2025-08-10T21:34:23+00:00
6338,0.98,1.0,7551.0,2025-08-10T21:34:23+00:00
6427,0.99,1.0,7610.0,2025-08-10T21:34:23+00:00
6446,0.98,1.0,7672.0,2025-08-10T21:34:24+00:00
6870,1.0,1.0,8757.0,2025-08-10T21:34:26+00:00
4920,0.72,239.93,4462.0,2025-08-10T21:34:32+00:00
8335,0.94,1.0,11131.0,2025-08-10T21:34:33+00:00
8842,0.995,0.0,12093.0,2025-08-10T21:34:35+00:00
6472,0.945,1.0,7740.0,2025-08-10T21:34:35+00:00
6641,0.945,1.0,8169.0,2025-08-10T21:34:36+00:00
6717,0.975,1.0,8408.0,2025-08-10T21:34:37+00:00
6719,0.97,1.0,8415.0,2025-08-10T21:34:37+00:00
6734,0.985,1.0,8451.0,2025-08-10T21:34:37+00:00
6774,0.985,1.0,8528.0,2025-08-10T21:34:37+00:00
6820,1.0,1.0,8614.0,2025-08-10T21:34:37+00:00
30100,0.98,60.6,35771.0,2025-08-10T21:34:41+00:00
30398,0.95,9.13,35906.0,2025-08-10T21:34:42+00:00
30442,0.995,4.56,35926.0,2025-08-10T21:34:42+00:00
8312,0.95,1.0,11092.0,2025-08-10T21:34:45+00:00
8615,0.975,1.0,11629.0,2025-08-10T21:34:47+00:00
9179,0.985,1.0,13126.0,2025-08-10T21:34:49+00:00
9487,0.99,1.0,14073.0,2025-08-10T21:34:51+00:00
6108,0.905,59.0,6986.0,2025-08-10T21:34:58+00:00
6108,0.905,59.0,6986.0,2025-08-10T21:34:58+00:00
6336,0.98,1.0,7543.0,2025-08-10T21:35:00+00:00
6329,0.77,1.0,7519.0,2025-08-10T21:35:00+00:00
6472,0.945,1.0,7740.0,2025-08-10T21:35:00+00:00
6734,0.985,1.0,8451.0,2025-08-10T21:35:02+00:00
6719,0.97,1.0,8415.0,2025-08-10T21:35:02+00:00
6774,0.985,1.0,8528.0,2025-08-10T21:35:02+00:00
6820,1.0,1.0,8614.0,2025-08-10T21:35:02+00:00
6870,1.0,1.0,8757.0,2025-08-10T21:35:02+00:00
6882,0.93,1.1,8808.0,2025-08-10T21:35:02+00:00
6870,1.0,1.0,8757.0,2025-08-10T21:35:02+00:00
6882,0.93,1.1,8808.0,2025-08-10T21:35:02+00:00
6899,1.0,1.0,8878.0,2025-08-10T21:35:02+00:00
6971,0.82,1809.68,9064.0,2025-08-10T21:35:03+00:00
8335,0.94,1.0,11131.0,2025-08-10T21:35:09+00:00
8312,0.95,1.0,11092.0,2025-08-10T21:35:10+00:00
9035,1.0,1.0,12597.0,2025-08-10T21:35:11+00:00
6331,0.965,1.0,7526.0,2025-08-10T21:35:14+00:00
6334,0.97,1.0,7535.0,2025-08-10T21:35:14+00:00
6338,0.98,1.0,7551.0,2025-08-10T21:35:14+00:00
6427,0.99,1.0,7610.0,2025-08-10T21:35:15+00:00
6446,0.98,1.0,7672.0,2025-08-10T21:35:15+00:00
6609,0.965,1.0,8090.0,2025-08-10T21:35:15+00:00
6641,0.945,1.0,8169.0,2025-08-10T21:35:16+00:00
6899,1.0,1.0,8878.0,2025-08-10T21:35:17+00:00
6903,1.0,1.0,8886.0,2025-08-10T21:35:17+00:00
10497,0.645,3.79,17220.0,2025-08-10T21:35:18+00:00
10568,0.965,1.0,17520.0,2025-08-10T21:35:18+00:00
8312,0.95,1.0,11092.0,2025-08-10T21:35:24+00:00
8845,0.985,30.39,12095.0,2025-08-10T21:35:26+00:00
8972,0.78,179.66,12393.0,2025-08-10T21:35:27+00:00
9179,0.985,1.0,13126.0,2025-08-10T21:35:28+00:00
10204,0.8,11.39,15817.0,2025-08-10T21:35:29+00:00
10484,0.605,3.79,17187.0,2025-08-10T21:35:30+00:00
623,0.6,529.0,472.0,2025-08-10T21:35:34+00:00
8615,0.975,1.0,11629.0,2025-08-10T21:35:46+00:00
8617,0.865,1.0,11635.0,2025-08-10T21:35:46+00:00
8617,0.865,1.0,11635.0,2025-08-10T21:35:47+00:00
9035,1.0,1.0,12597.0,2025-08-10T21:35:49+00:00
9252,0.955,1.0,13323.0,2025-08-10T21:35:49+00:00
10204,0.8,11.39,15817.0,2025-08-10T21:35:54+00:00
10497,0.645,3.79,17220.0,2025-08-10T21:35:56+00:00
10498,0.645,3.93,17230.0,2025-08-10T21:35:56+00:00
10484,0.605,3.79,17187.0,2025-08-10T21:35:56+00:00
10630,0.99,766.36,17838.0,2025-08-10T21:35:56+00:00
10801,0.985,1.0,18399.0,2025-08-10T21:35:57+00:00
10801,0.985,1.0,18399.0,2025-08-10T21:35:57+00:00
10891,0.945,188.78,18675.0,2025-08-10T21:35:58+00:00
11710,1.0,1.0,20011.0,2025-08-10T21:36:01+00:00
11880,0.995,1.0,20451.0,2025-08-10T21:36:02+00:00
12070,0.995,1.0,20931.0,2025-08-10T21:36:03+00:00
9509,0.995,1.0,14152.0,2025-08-10T21:36:05+00:00
10568,0.965,1.0,17520.0,2025-08-10T21:36:10+00:00
10897,1.0,1.0,18690.0,2025-08-10T21:36:11+00:00
11343,0.995,1.0,19762.0,2025-08-10T21:36:14+00:00
12261,0.99,1.0,21419.0,2025-08-10T21:36:18+00:00
4920,0.72,239.93,4462.0,2025-08-10T21:36:31+00:00
6108,0.905,59.0,6986.0,2025-08-10T21:36:36+00:00
6329,0.77,1.0,7519.0,2025-08-10T21:36:37+00:00
6334,0.97,1.0,7535.0,2025-08-10T21:36:37+00:00
6336,0.98,1.0,7543.0,2025-08-10T21:36:37+00:00
6427,0.99,1.0,7610.0,2025-08-10T21:36:38+00:00
6472,0.945,1.0,7740.0,2025-08-10T21:36:38+00:00
6717,0.975,1.0,8408.0,2025-08-10T21:36:39+00:00
6774,0.985,1.0,8528.0,2025-08-10T21:36:39+00:00
12261,0.99,1.0,21419.0,2025-08-10T21:36:41+00:00
40085,0.755,1.0,40086.0,2025-08-10T21:36:41+00:00
41569,0.875,1.0,40742.0,2025-08-10T21:36:48+00:00
14170,0.795,99.99,25198.0,2025-08-10T21:36:50+00:00
14338,0.665,3.76,25426.0,2025-08-10T21:36:50+00:00
42007,0.985,0.76,40918.0,2025-08-10T21:36:51+00:00
42009,0.99,112.33,40919.0,2025-08-10T21:36:51+00:00
42528,0.965,340.11,41138.0,2025-08-10T21:36:53+00:00
14920,0.275,1.0,26217.0,2025-08-10T21:36:53+00:00
42700,0.99,30.26,41204.0,2025-08-10T21:36:54+00:00
42756,0.99,0.0,41233.0,2025-08-10T21:36:54+00:00
15166,0.96,99.99,26523.0,2025-08-10T21:36:54+00:00
42936,0.995,59.68,41305.0,2025-08-10T21:36:55+00:00
43160,0.995,273.01,41397.0,2025-08-10T21:36:56+00:00
15451,0.995,99.99,26833.0,2025-08-10T21:36:56+00:00
15476,1.0,99.99,26863.0,2025-08-10T21:36:56+00:00
15539,1.0,99.99,26931.0,2025-08-10T21:36:57+00:00
12369,0.96,1.0,21662.0,2025-08-10T21:36:59+00:00
6338,0.98,1.0,7551.0,2025-08-10T21:36:59+00:00
6446,0.98,1.0,7672.0,2025-08-10T21:37:00+00:00
6641,0.945,1.0,8169.0,2025-08-10T21:37:01+00:00
6820,1.0,1.0,8614.0,2025-08-10T21:37:02+00:00
6870,1.0,1.0,8757.0,2025-08-10T21:37:02+00:00
6903,1.0,1.0,8886.0,2025-08-10T21:37:02+00:00
6971,0.82,1809.68,9064.0,2025-08-10T21:37:03+00:00
14170,0.795,99.99,25198.0,2025-08-10T21:37:07+00:00
14197,0.885,99.99,25231.0,2025-08-10T21:37:08+00:00
14338,0.665,3.76,25426.0,2025-08-10T21:37:08+00:00
8312,0.95,1.0,11092.0,2025-08-10T21:37:09+00:00
8615,0.975,1.0,11629.0,2025-08-10T21:37:10+00:00
8972,0.78,179.66,12393.0,2025-08-10T21:37:12+00:00
9179,0.985,1.0,13126.0,2025-08-10T21:37:13+00:00
8335,0.94,1.0,11131.0,2025-08-10T21:37:21+00:00
8617,0.865,1.0,11635.0,2025-08-10T21:37:23+00:00
8845,0.985,30.39,12095.0,2025-08-10T21:37:24+00:00
9252,0.955,1.0,13323.0,2025-08-10T21:37:26+00:00
9487,0.99,1.0,14073.0,2025-08-10T21:37:27+00:00
10568,0.965,1.0,17520.0,2025-08-10T21:37:32+00:00
15751,1.0,99.99,27187.0,2025-08-10T21:37:33+00:00
43624,0.85,39.45,41582.0,2025-08-10T21:37:34+00:00
16110,0.31,1.0,27524.0,2025-08-10T21:37:34+00:00
44001,0.915,802.52,41743.0,2025-08-10T21:37:35+00:00
16415,0.975,23.36,27784.0,2025-08-10T21:37:36+00:00
623,0.6,529.0,472.0,2025-08-10T21:37:39+00:00
18466,0.78,0.68,29526.0,2025-08-10T21:37:46+00:00
18472,0.825,0.68,29531.0,2025-08-10T21:37:46+00:00
18773,0.97,0.68,29753.0,2025-08-10T21:37:48+00:00
9509,0.995,1.0,14152.0,2025-08-10T21:37:50+00:00
10204,0.8,11.39,15817.0,2025-08-10T21:37:53+00:00
10497,0.645,3.79,17220.0,2025-08-10T21:37:54+00:00
10630,0.99,766.36,17838.0,2025-08-10T21:37:55+00:00
11880,0.995,1.0,20451.0,2025-08-10T21:38:01+00:00
623,0.6,529.0,472.0,2025-08-10T21:38:03+00:00
10690,0.88,1218.89,18088.0,2025-08-10T21:38:07+00:00
10801,0.985,1.0,18399.0,2025-08-10T21:38:08+00:00
10891,0.945,188.78,18675.0,2025-08-10T21:38:08+00:00
10897,1.0,1.0,18690.0,2025-08-10T21:38:08+00:00
12070,0.995,1.0,20931.0,2025-08-10T21:38:14+00:00
541,0.8,0.0,406.0,2025-08-10T21:38:14+00:00
12261,0.99,1.0,21419.0,2025-08-10T21:38:15+00:00
14197,0.885,99.99,25231.0,2025-08-10T21:38:24+00:00
6108,0.905,59.0,6986.0,2025-08-10T21:38:41+00:00
6331,0.965,1.0,7526.0,2025-08-10T21:38:42+00:00
6336,0.98,1.0,7543.0,2025-08-10T21:38:42+00:00
6529,0.99,1.0,7891.0,2025-08-10T21:38:42+00:00
6609,0.965,1.0,8090.0,2025-08-10T21:38:43+00:00
6882,0.93,1.1,8808.0,2025-08-10T21:38:44+00:00
6899,1.0,1.0,8878.0,2025-08-10T21:38:44+00:00
6903,1.0,1.0,8886.0,2025-08-10T21:38:44+00:00
14104,0.77,3.12,25095.0,2025-08-10T21:38:47+00:00
14170,0.795,99.99,25198.0,2025-08-10T21:38:47+00:00
14211,0.93,99.99,25254.0,2025-08-10T21:38:47+00:00
15166,0.96,99.99,26523.0,2025-08-10T21:38:52+00:00
15539,1.0,99.99,26931.0,2025-08-10T21:38:53+00:00
15751,1.0,99.99,27187.0,2025-08-10T21:38:54+00:00
14338,0.665,3.76,25426.0,2025-08-10T21:38:59+00:00
15225,0.995,99.99,26585.0,2025-08-10T21:39:04+00:00
15451,0.995,99.99,26833.0,2025-08-10T21:39:05+00:00
15736,1.0,99.99,27163.0,2025-08-10T21:39:06+00:00
16110,0.31,1.0,27524.0,2025-08-10T21:39:08+00:00
16415,0.975,23.36,27784.0,2025-08-10T21:39:09+00:00
16780,0.945,99.99,28143.0,2025-08-10T21:39:11+00:00
16851,0.24,1.0,28233.0,2025-08-10T21:39:12+00:00
16863,0.86,730.86,28242.0,2025-08-10T21:39:12+00:00
17366,0.99,99.99,28658.0,2025-08-10T21:39:14+00:00
17407,0.97,99.99,28692.0,2025-08-10T21:39:14+00:00
6336,0.98,1.0,7543.0,2025-08-10T21:39:17+00:00
6427,0.99,1.0,7610.0,2025-08-10T21:39:17+00:00
6472,0.945,1.0,7740.0,2025-08-10T21:39:18+00:00
6641,0.945,1.0,8169.0,2025-08-10T21:39:18+00:00
6719,0.97,1.0,8415.0,2025-08-10T21:39:19+00:00
6882,0.93,1.1,8808.0,2025-08-10T21:39:19+00:00
6971,0.82,1809.68,9064.0,2025-08-10T21:39:20+00:00
8296,0.925,1.0,11080.0,2025-08-10T21:39:26+00:00
8617,0.865,1.0,11635.0,2025-08-10T21:39:27+00:00
8845,0.985,30.39,12095.0,2025-08-10T21:39:29+00:00
8972,0.78,179.66,12393.0,2025-08-10T21:39:29+00:00
9252,0.955,1.0,13323.0,2025-08-10T21:39:30+00:00
9509,0.995,1.0,14152.0,2025-08-10T21:39:32+00:00
26802,0.9,19.02,34256.0,2025-08-10T21:39:36+00:00
10498,0.645,3.93,17230.0,2025-08-10T21:39:37+00:00
6108,0.905,59.0,6986.0,2025-08-10T21:39:41+00:00
6329,0.77,1.0,7519.0,2025-08-10T21:39:42+00:00
6334,0.97,1.0,7535.0,2025-08-10T21:39:42+00:00
6338,0.98,1.0,7551.0,2025-08-10T21:39:42+00:00
6529,0.99,1.0,7891.0,2025-08-10T21:39:43+00:00
6609,0.965,1.0,8090.0,2025-08-10T21:39:43+00:00
6717,0.975,1.0,8408.0,2025-08-10T21:39:44+00:00
6899,1.0,1.0,8878.0,2025-08-10T21:39:45+00:00
29687,0.645,0.76,35585.0,2025-08-10T21:39:50+00:00
8296,0.925,1.0,11080.0,2025-08-10T21:39:51+00:00
8617,0.865,1.0,11635.0,2025-08-10T21:39:53+00:00
17317,0.985,99.99,28625.0,2025-08-10T21:39:53+00:00
17453,0.945,99.99,28726.0,2025-08-10T21:39:54+00:00
8972,0.78,179.66,12393.0,2025-08-10T21:39:54+00:00
9035,1.0,1.0,12597.0,2025-08-10T21:39:55+00:00
18466,0.78,0.68,29526.0,2025-08-10T21:39:59+00:00
8845,0.985,30.39,12095.0,2025-08-10T21:40:04+00:00
9179,0.985,1.0,13126.0,2025-08-10T21:40:06+00:00
10204,0.8,11.39,15817.0,2025-08-10T21:40:10+00:00
10498,0.645,3.93,17230.0,2025-08-10T21:40:12+00:00
18809,0.87,30.3,29785.0,2025-08-10T21:40:13+00:00
541,0.8,0.0,406.0,2025-08-10T21:40:15+00:00
30100,0.98,60.6,35771.0,2025-08-10T21:40:27+00:00
30384,0.97,1.0,35899.0,2025-08-10T21:40:29+00:00
30398,0.95,9.13,35906.0,2025-08-10T21:40:29+00:00
30473,0.975,14.46,35942.0,2025-08-10T21:40:29+00:00
30496,0.975,111.7,35953.0,2025-08-10T21:40:29+00:00
9252,0.955,1.0,13323.0,2025-08-10T21:40:31+00:00
31002,0.99,111.7,36170.0,2025-08-10T21:40:32+00:00
10484,0.605,3.79,17187.0,2025-08-10T21:40:37+00:00
10497,0.645,3.79,17220.0,2025-08-10T21:40:37+00:00
11710,1.0,1.0,20011.0,2025-08-10T21:40:43+00:00
10801,0.985,1.0,18399.0,2025-08-10T21:40:48+00:00
10897,1.0,1.0,18690.0,2025-08-10T21:40:49+00:00
11343,0.995,1.0,19762.0,2025-08-10T21:40:51+00:00
11880,0.995,1.0,20451.0,2025-08-10T21:40:53+00:00
12070,0.995,1.0,20931.0,2025-08-10T21:40:54+00:00
12108,0.995,1.0,21046.0,2025-08-10T21:40:54+00:00
12369,0.96,1.0,21662.0,2025-08-10T21:40:56+00:00
23308,0.97,0.0,32686.0,2025-08-10T21:40:56+00:00
23422,0.865,717.15,32745.0,2025-08-10T21:40:56+00:00
14104,0.77,3.12,25095.0,2025-08-10T21:41:04+00:00
33276,0.795,12.31,37167.0,2025-08-10T21:41:18+00:00
6331,0.965,1.0,7526.0,2025-08-10T21:41:18+00:00
6529,0.99,1.0,7891.0,2025-08-10T21:41:19+00:00
6609,0.965,1.0,8090.0,2025-08-10T21:41:20+00:00
6719,0.97,1.0,8415.0,2025-08-10T21:41:20+00:00
6734,0.985,1.0,8451.0,2025-08-10T21:41:20+00:00
6882,0.93,1.1,8808.0,2025-08-10T21:41:21+00:00
6899,1.0,1.0,8878.0,2025-08-10T21:41:21+00:00
14197,0.885,99.99,25231.0,2025-08-10T21:41:31+00:00
14338,0.665,3.76,25426.0,2025-08-10T21:41:32+00:00
15166,0.96,99.99,26523.0,2025-08-10T21:41:35+00:00
14920,0.275,1.0,26217.0,2025-08-10T21:41:44+00:00
15204,0.965,99.99,26556.0,2025-08-10T21:41:45+00:00
15225,0.995,99.99,26585.0,2025-08-10T21:41:45+00:00
15506,1.0,99.99,26899.0,2025-08-10T21:41:47+00:00
15539,1.0,99.99,26931.0,2025-08-10T21:41:47+00:00
15566,1.0,99.99,26961.0,2025-08-10T21:41:47+00:00
16863,0.86,730.86,28242.0,2025-08-10T21:41:53+00:00
17366,0.99,99.99,28658.0,2025-08-10T21:41:55+00:00
8296,0.925,1.0,11080.0,2025-08-10T21:42:03+00:00
8842,0.995,0.0,12093.0,2025-08-10T21:42:06+00:00
9035,1.0,1.0,12597.0,2025-08-10T21:42:07+00:00
10484,0.605,3.79,17187.0,2025-08-10T21:42:14+00:00
10498,0.645,3.93,17230.0,2025-08-10T21:42:14+00:00
11343,0.995,1.0,19762.0,2025-08-10T21:42:19+00:00
11710,1.0,1.0,20011.0,2025-08-10T21:42:20+00:00
11841,0.995,1.0,20332.0,2025-08-10T21:42:21+00:00
12108,0.995,1.0,21046.0,2025-08-10T21:42:22+00:00
12369,0.96,1.0,21662.0,2025-08-10T21:42:23+00:00
16415,0.975,23.36,27784.0,2025-08-10T21:42:34+00:00
16780,0.945,99.99,28143.0,2025-08-10T21:42:35+00:00
29687,0.645,0.76,35585.0,2025-08-10T21:42:35+00:00
17317,0.985,99.99,28625.0,2025-08-10T21:42:38+00:00
17453,0.945,99.99,28726.0,2025-08-10T21:42:39+00:00
30384,0.97,1.0,35899.0,2025-08-10T21:42:39+00:00
30442,0.995,4.56,35926.0,2025-08-10T21:42:39+00:00
30473,0.975,14.46,35942.0,2025-08-10T21:42:40+00:00
30100,0.98,60.6,35771.0,2025-08-10T21:42:50+00:00
30314,0.98,7.61,35866.0,2025-08-10T21:42:51+00:00
30398,0.95,9.13,35906.0,2025-08-10T21:42:51+00:00
18466,0.78,0.68,29526.0,2025-08-10T21:42:53+00:00
31002,0.99,111.7,36170.0,2025-08-10T21:42:54+00:00
14920,0.275,1.0,26217.0,2025-08-10T21:43:10+00:00
15204,0.965,99.99,26556.0,2025-08-10T21:43:11+00:00
15476,1.0,99.99,26863.0,2025-08-10T21:43:13+00:00
15506,1.0,99.99,26899.0,2025-08-10T21:43:13+00:00
15566,1.0,99.99,26961.0,2025-08-10T21:43:13+00:00
15781,0.99,99.99,27219.0,2025-08-10T21:43:14+00:00
15810,0.955,99.99,27252.0,2025-08-10T21:43:14+00:00
17480,0.84,99.99,28755.0,2025-08-10T21:43:22+00:00
20198,0.75,104.81,30852.0,2025-08-10T21:43:26+00:00
33276,0.795,12.31,37167.0,2025-08-10T21:43:38+00:00
23308,0.97,0.0,32686.0,2025-08-10T21:43:41+00:00
23422,0.865,717.15,32745.0,2025-08-10T21:43:41+00:00
6870,1.0,1.0,8757.0,2025-08-10T21:43:56+00:00
6899,1.0,1.0,8878.0,2025-08-10T21:43:56+00:00
6903,1.0,1.0,8886.0,2025-08-10T21:43:56+00:00
6971,0.82,1809.68,9064.0,2025-08-10T21:43:56+00:00
18472,0.825,0.68,29531.0,2025-08-10T21:44:01+00:00
8312,0.95,1.0,11092.0,2025-08-10T21:44:02+00:00
18773,0.97,0.68,29753.0,2025-08-10T21:44:02+00:00
8615,0.975,1.0,11629.0,2025-08-10T21:44:04+00:00
8845,0.985,30.39,12095.0,2025-08-10T21:44:05+00:00
9035,1.0,1.0,12597.0,2025-08-10T21:44:06+00:00
9252,0.955,1.0,13323.0,2025-08-10T21:44:07+00:00
9487,0.99,1.0,14073.0,2025-08-10T21:44:08+00:00
9509,0.995,1.0,14152.0,2025-08-10T21:44:08+00:00
20198,0.75,104.81,30852.0,2025-08-10T21:44:09+00:00
26802,0.9,19.02,34256.0,2025-08-10T21:44:32+00:00
39183,0.675,776.83,39729.0,2025-08-10T21:44:41+00:00
27362,0.675,1.52,34521.0,2025-08-10T21:44:45+00:00
27627,0.985,18.96,34634.0,2025-08-10T21:44:47+00:00
10484,0.605,3.79,17187.0,2025-08-10T21:44:48+00:00
10630,0.99,766.36,17838.0,2025-08-10T21:44:48+00:00
10891,0.945,188.78,18675.0,2025-08-10T21:44:49+00:00
11841,0.995,1.0,20332.0,2025-08-10T21:44:54+00:00
11880,0.995,1.0,20451.0,2025-08-10T21:44:54+00:00
12070,0.995,1.0,20931.0,2025-08-10T21:44:55+00:00
12369,0.96,1.0,21662.0,2025-08-10T21:44:57+00:00
14338,0.665,3.76,25426.0,2025-08-10T21:45:06+00:00
14920,0.275,1.0,26217.0,2025-08-10T21:45:09+00:00
15476,1.0,99.99,26863.0,2025-08-10T21:45:11+00:00
15506,1.0,99.99,26899.0,2025-08-10T21:45:11+00:00
15566,1.0,99.99,26961.0,2025-08-10T21:45:12+00:00
15751,1.0,99.99,27187.0,2025-08-10T21:45:13+00:00
15781,0.99,99.99,27219.0,2025-08-10T21:45:13+00:00
28976,0.275,2.69,35261.0,2025-08-10T21:45:17+00:00
16851,0.24,1.0,28233.0,2025-08-10T21:45:18+00:00
29687,0.645,0.76,35585.0,2025-08-10T21:45:21+00:00
41943,0.84,0.76,40892.0,2025-08-10T21:45:34+00:00
30314,0.98,7.61,35866.0,2025-08-10T21:45:34+00:00
42007,0.985,0.76,40918.0,2025-08-10T21:45:35+00:00
30384,0.97,1.0,35899.0,2025-08-10T21:45:35+00:00
30473,0.975,14.46,35942.0,2025-08-10T21:45:35+00:00
30496,0.975,111.7,35953.0,2025-08-10T21:45:35+00:00
31002,0.99,111.7,36170.0,2025-08-10T21:45:38+00:00
40525,0.855,1.0,40276.0,2025-08-10T21:45:38+00:00
41395,0.905,1.0,40662.0,2025-08-10T21:45:42+00:00
42009,0.99,112.33,40919.0,2025-08-10T21:45:45+00:00
623,0.6,529.0,472.0,2025-08-10T21:45:49+00:00
26802,0.9,19.02,34256.0,2025-08-10T21:45:51+00:00
16863,0.86,730.86,28242.0,2025-08-10T21:45:53+00:00
27362,0.675,1.52,34521.0,2025-08-10T21:45:54+00:00
27627,0.985,18.96,34634.0,2025-08-10T21:45:55+00:00
27738,0.955,125.3,34684.0,2025-08-10T21:45:55+00:00
27749,0.97,19.02,34687.0,2025-08-10T21:45:55+00:00
17407,0.97,99.99,28692.0,2025-08-10T21:45:55+00:00
17453,0.945,99.99,28726.0,2025-08-10T21:45:55+00:00
18466,0.78,0.68,29526.0,2025-08-10T21:46:00+00:00
28976,0.275,2.69,35261.0,2025-08-10T21:46:01+00:00
18773,0.97,0.68,29753.0,2025-08-10T21:46:01+00:00
33276,0.795,12.31,37167.0,2025-08-10T21:46:12+00:00
541,0.8,0.0,406.0,2025-08-10T21:46:12+00:00
30496,0.975,111.7,35953.0,2025-08-10T21:46:43+00:00
6331,0.965,1.0,7526.0,2025-08-10T21:47:18+00:00
6338,0.98,1.0,7551.0,2025-08-10T21:47:18+00:00
6427,0.99,1.0,7610.0,2025-08-10T21:47:18+00:00
6529,0.99,1.0,7891.0,2025-08-10T21:47:19+00:00
6609,0.965,1.0,8090.0,2025-08-10T21:47:19+00:00
6641,0.945,1.0,8169.0,2025-08-10T21:47:20+00:00
6719,0.97,1.0,8415.0,2025-08-10T21:47:20+00:00
6903,1.0,1.0,8886.0,2025-08-10T21:47:21+00:00
6329,0.77,1.0,7519.0,2025-08-10T21:47:30+00:00
6334,0.97,1.0,7535.0,2025-08-10T21:47:30+00:00
6446,0.98,1.0,7672.0,2025-08-10T21:47:30+00:00
6472,0.945,1.0,7740.0,2025-08-10T21:47:31+00:00
6717,0.975,1.0,8408.0,2025-08-10T21:47:32+00:00
6971,0.82,1809.68,9064.0,2025-08-10T21:47:33+00:00
26802,0.9,19.02,34256.0,2025-08-10T21:47:58+00:00
8296,0.925,1.0,11080.0,2025-08-10T21:48:08+00:00
8335,0.94,1.0,11131.0,2025-08-10T21:48:08+00:00
8615,0.975,1.0,11629.0,2025-08-10T21:48:09+00:00
8842,0.995,0.0,12093.0,2025-08-10T21:48:10+00:00
8845,0.985,30.39,12095.0,2025-08-10T21:48:10+00:00
8972,0.78,179.66,12393.0,2025-08-10T21:48:11+00:00
9179,0.985,1.0,13126.0,2025-08-10T21:48:12+00:00
9509,0.995,1.0,14152.0,2025-08-10T21:48:14+00:00
10204,0.8,11.39,15817.0,2025-08-10T21:48:18+00:00
39183,0.675,776.83,39729.0,2025-08-10T21:48:20+00:00
10497,0.645,3.79,17220.0,2025-08-10T21:48:20+00:00
10498,0.645,3.93,17230.0,2025-08-10T21:48:20+00:00
9252,0.955,1.0,13323.0,2025-08-10T21:48:24+00:00
9487,0.99,1.0,14073.0,2025-08-10T21:48:25+00:00
40525,0.855,1.0,40276.0,2025-08-10T21:48:27+00:00
10568,0.965,1.0,17520.0,2025-08-10T21:48:31+00:00
10897,1.0,1.0,18690.0,2025-08-10T21:48:33+00:00
41395,0.905,1.0,40662.0,2025-08-10T21:48:44+00:00
28976,0.275,2.69,35261.0,2025-08-10T21:48:46+00:00
41943,0.84,0.76,40892.0,2025-08-10T21:48:46+00:00
29687,0.645,0.76,35585.0,2025-08-10T21:48:49+00:00
42549,0.98,88.23,41147.0,2025-08-10T21:48:49+00:00
42635,1.0,11.38,41181.0,2025-08-10T21:48:50+00:00
42696,1.0,88.23,41203.0,2025-08-10T21:48:50+00:00
42741,0.955,459.07,41227.0,2025-08-10T21:48:50+00:00
42769,1.0,118.3,41237.0,2025-08-10T21:48:50+00:00
42784,0.99,45.49,41243.0,2025-08-10T21:48:50+00:00
30100,0.98,60.6,35771.0,2025-08-10T21:48:51+00:00
42856,0.965,173.07,41273.0,2025-08-10T21:48:51+00:00
42887,0.995,37.32,41285.0,2025-08-10T21:48:51+00:00
42958,0.955,9.99,41313.0,2025-08-10T21:48:51+00:00
43061,0.975,34.12,41353.0,2025-08-10T21:48:52+00:00
30442,0.995,4.56,35926.0,2025-08-10T21:48:52+00:00
43204,0.99,106.55,41413.0,2025-08-10T21:48:52+00:00
40085,0.755,1.0,40086.0,2025-08-10T21:48:53+00:00
31002,0.99,111.7,36170.0,2025-08-10T21:48:55+00:00
10630,0.99,766.36,17838.0,2025-08-10T21:48:56+00:00
10690,0.88,1218.89,18088.0,2025-08-10T21:48:56+00:00
11343,0.995,1.0,19762.0,2025-08-10T21:48:59+00:00
41569,0.875,1.0,40742.0,2025-08-10T21:49:00+00:00
11710,1.0,1.0,20011.0,2025-08-10T21:49:01+00:00
11841,0.995,1.0,20332.0,2025-08-10T21:49:01+00:00
11880,0.995,1.0,20451.0,2025-08-10T21:49:02+00:00
12108,0.995,1.0,21046.0,2025-08-10T21:49:03+00:00
42473,0.995,3.79,41116.0,2025-08-10T21:49:12+00:00
42590,0.945,5.3,41164.0,2025-08-10T21:49:12+00:00
42609,0.995,83.38,41170.0,2025-08-10T21:49:13+00:00
42674,0.99,1.52,41194.0,2025-08-10T21:49:13+00:00
12369,0.96,1.0,21662.0,2025-08-10T21:49:14+00:00
42945,1.0,0.76,41308.0,2025-08-10T21:49:14+00:00
43773,0.98,172.32,41646.0,2025-08-10T21:49:18+00:00
44091,0.775,99.99,41791.0,2025-08-10T21:49:20+00:00
14104,0.77,3.12,25095.0,2025-08-10T21:49:22+00:00
14197,0.885,99.99,25231.0,2025-08-10T21:49:22+00:00
15204,0.965,99.99,26556.0,2025-08-10T21:49:27+00:00
15225,0.995,99.99,26585.0,2025-08-10T21:49:27+00:00
43428,0.96,364.19,41505.0,2025-08-10T21:49:28+00:00
15566,1.0,99.99,26961.0,2025-08-10T21:49:28+00:00
43681,1.0,53.95,41607.0,2025-08-10T21:49:29+00:00
541,0.8,0.0,406.0,2025-08-10T21:49:34+00:00
33276,0.795,12.31,37167.0,2025-08-10T21:49:39+00:00
14211,0.93,99.99,25254.0,2025-08-10T21:49:47+00:00
15506,1.0,99.99,26899.0,2025-08-10T21:49:53+00:00
15736,1.0,99.99,27163.0,2025-08-10T21:49:54+00:00
15810,0.955,99.99,27252.0,2025-08-10T21:49:54+00:00
4920,0.72,239.93,4462.0,2025-08-10T21:50:01+00:00
17366,0.99,99.99,28658.0,2025-08-10T21:50:01+00:00
17407,0.97,99.99,28692.0,2025-08-10T21:50:01+00:00
15781,0.99,99.99,27219.0,2025-08-10T21:50:03+00:00
16780,0.945,99.99,28143.0,2025-08-10T21:50:08+00:00
16851,0.24,1.0,28233.0,2025-08-10T21:50:08+00:00
16863,0.86,730.86,28242.0,2025-08-10T21:50:08+00:00
17317,0.985,99.99,28625.0,2025-08-10T21:50:10+00:00
17453,0.945,99.99,28726.0,2025-08-10T21:50:11+00:00
17480,0.84,99.99,28755.0,2025-08-10T21:50:11+00:00
4920,0.72,239.93,4462.0,2025-08-10T21:50:17+00:00
6108,0.905,59.0,6986.0,2025-08-10T21:50:41+00:00
6336,0.98,1.0,7543.0,2025-08-10T21:50:42+00:00
6734,0.985,1.0,8451.0,2025-08-10T21:50:44+00:00
6774,0.985,1.0,8528.0,2025-08-10T21:50:45+00:00
6820,1.0,1.0,8614.0,2025-08-10T21:50:45+00:00
6870,1.0,1.0,8757.0,2025-08-10T21:50:45+00:00
6882,0.93,1.1,8808.0,2025-08-10T21:50:45+00:00
6899,1.0,1.0,8878.0,2025-08-10T21:50:45+00:00
41569,0.875,1.0,40742.0,2025-08-10T21:50:52+00:00
8312,0.95,1.0,11092.0,2025-08-10T21:50:53+00:00
6329,0.77,1.0,7519.0,2025-08-10T21:50:59+00:00
6334,0.97,1.0,7535.0,2025-08-10T21:50:59+00:00
6338,0.98,1.0,7551.0,2025-08-10T21:50:59+00:00
18809,0.87,30.3,29785.0,2025-08-10T21:50:59+00:00
6427,0.99,1.0,7610.0,2025-08-10T21:50:59+00:00
6446,0.98,1.0,7672.0,2025-08-10T21:50:59+00:00
6870,1.0,1.0,8757.0,2025-08-10T21:51:01+00:00
8335,0.94,1.0,11131.0,2025-08-10T21:51:08+00:00
8842,0.995,0.0,12093.0,2025-08-10T21:51:11+00:00
6472,0.945,1.0,7740.0,2025-08-10T21:51:11+00:00
6641,0.945,1.0,8169.0,2025-08-10T21:51:12+00:00
6717,0.975,1.0,8408.0,2025-08-10T21:51:12+00:00
6719,0.97,1.0,8415.0,2025-08-10T21:51:12+00:00
6734,0.985,1.0,8451.0,2025-08-10T21:51:12+00:00
6774,0.985,1.0,8528.0,2025-08-10T21:51:13+00:00
6820,1.0,1.0,8614.0,2025-08-10T21:51:13+00:00
20198,0.75,104.81,30852.0,2025-08-10T21:51:15+00:00
8312,0.95,1.0,11092.0,2025-08-10T21:51:20+00:00
8615,0.975,1.0,11629.0,2025-08-10T21:51:22+00:00
9179,0.985,1.0,13126.0,2025-08-10T21:51:24+00:00
9487,0.99,1.0,14073.0,2025-08-10T21:51:26+00:00
42009,0.99,112.33,40919.0,2025-08-10T21:51:28+00:00
8617,0.865,1.0,11635.0,2025-08-10T21:51:30+00:00
42609,0.995,83.38,41170.0,2025-08-10T21:51:31+00:00
42635,1.0,11.38,41181.0,2025-08-10T21:51:32+00:00
42674,0.99,1.52,41194.0,2025-08-10T21:51:32+00:00
9035,1.0,1.0,12597.0,2025-08-10T21:51:32+00:00
42741,0.955,459.07,41227.0,2025-08-10T21:51:32+00:00
42756,0.99,0.0,41233.0,2025-08-10T21:51:32+00:00
42784,0.99,45.49,41243.0,2025-08-10T21:51:32+00:00
42856,0.965,173.07,41273.0,2025-08-10T21:51:33+00:00
42887,0.995,37.32,41285.0,2025-08-10T21:51:33+00:00
42936,0.995,59.68,41305.0,2025-08-10T21:51:33+00:00
42945,1.0,0.76,41308.0,2025-08-10T21:51:33+00:00
42958,0.955,9.99,41313.0,2025-08-10T21:51:33+00:00
43160,0.995,273.01,41397.0,2025-08-10T21:51:34+00:00
43204,0.99,106.55,41413.0,2025-08-10T21:51:34+00:00
43624,0.85,39.45,41582.0,2025-08-10T21:51:36+00:00
43773,0.98,172.32,41646.0,2025-08-10T21:51:37+00:00
44091,0.775,99.99,41791.0,2025-08-10T21:51:38+00:00
10484,0.605,3.79,17187.0,2025-08-10T21:51:39+00:00
10801,0.985,1.0,18399.0,2025-08-10T21:51:40+00:00
10891,0.945,188.78,18675.0,2025-08-10T21:51:41+00:00
12070,0.995,1.0,20931.0,2025-08-10T21:51:46+00:00
9035,1.0,1.0,12597.0,2025-08-10T21:51:46+00:00
10497,0.645,3.79,17220.0,2025-08-10T21:51:53+00:00
10568,0.965,1.0,17520.0,2025-08-10T21:51:54+00:00
23308,0.97,0.0,32686.0,2025-08-10T21:51:54+00:00
10204,0.8,11.39,15817.0,2025-08-10T21:52:04+00:00
23422,0.865,717.15,32745.0,2025-08-10T21:52:05+00:00
10484,0.605,3.79,17187.0,2025-08-10T21:52:06+00:00
623,0.6,529.0,472.0,2025-08-10T21:52:09+00:00
12261,0.99,1.0,21419.0,2025-08-10T21:52:22+00:00
14170,0.795,99.99,25198.0,2025-08-10T21:52:31+00:00
14338,0.665,3.76,25426.0,2025-08-10T21:52:31+00:00
14920,0.275,1.0,26217.0,2025-08-10T21:52:34+00:00
15166,0.96,99.99,26523.0,2025-08-10T21:52:35+00:00
15451,0.995,99.99,26833.0,2025-08-10T21:52:37+00:00
15476,1.0,99.99,26863.0,2025-08-10T21:52:37+00:00
15539,1.0,99.99,26931.0,2025-08-10T21:52:37+00:00
27627,0.985,18.96,34634.0,2025-08-10T21:52:48+00:00
27749,0.97,19.02,34687.0,2025-08-10T21:52:49+00:00
27362,0.675,1.52,34521.0,2025-08-10T21:52:57+00:00
27738,0.955,125.3,34684.0,2025-08-10T21:52:59+00:00
4920,0.72,239.93,4462.0,2025-08-10T21:53:04+00:00
6108,0.905,59.0,6986.0,2025-08-10T21:53:09+00:00
6329,0.77,1.0,7519.0,2025-08-10T21:53:10+00:00
6334,0.97,1.0,7535.0,2025-08-10T21:53:10+00:00
6336,0.98,1.0,7543.0,2025-08-10T21:53:10+00:00
6427,0.99,1.0,7610.0,2025-08-10T21:53:11+00:00
6472,0.945,1.0,7740.0,2025-08-10T21:53:11+00:00
6717,0.975,1.0,8408.0,2025-08-10T21:53:12+00:00
6774,0.985,1.0,8528.0,2025-08-10T21:53:12+00:00
15751,1.0,99.99,27187.0,2025-08-10T21:53:13+00:00
16110,0.31,1.0,27524.0,2025-08-10T21:53:15+00:00
16415,0.975,23.36,27784.0,2025-08-10T21:53:16+00:00
18466,0.78,0.68,29526.0,2025-08-10T21:53:26+00:00
18472,0.825,0.68,29531.0,2025-08-10T21:53:26+00:00
18773,0.97,0.68,29753.0,2025-08-10T21:53:28+00:00
28976,0.275,2.69,35261.0,2025-08-10T21:53:28+00:00
30442,0.995,4.56,35926.0,2025-08-10T21:53:35+00:00
30314,0.98,7.61,35866.0,2025-08-10T21:53:44+00:00
6338,0.98,1.0,7551.0,2025-08-10T21:53:49+00:00
6446,0.98,1.0,7672.0,2025-08-10T21:53:49+00:00
6641,0.945,1.0,8169.0,2025-08-10T21:53:50+00:00
6820,1.0,1.0,8614.0,2025-08-10T21:53:51+00:00
6870,1.0,1.0,8757.0,2025-08-10T21:53:51+00:00
6903,1.0,1.0,8886.0,2025-08-10T21:53:52+00:00
6971,0.82,1809.68,9064.0,2025-08-10T21:53:52+00:00
8312,0.95,1.0,11092.0,2025-08-10T21:53:58+00:00
52466,0.965,1.0,45463.0,2025-08-10T21:53:59+00:00
8615,0.975,1.0,11629.0,2025-08-10T21:54:00+00:00
8972,0.78,179.66,12393.0,2025-08-10T21:54:01+00:00
9179,0.985,1.0,13126.0,2025-08-10T21:54:02+00:00
53591,0.96,1.0,46057.0,2025-08-10T21:54:05+00:00
8335,0.94,1.0,11131.0,2025-08-10T21:54:10+00:00
8617,0.865,1.0,11635.0,2025-08-10T21:54:11+00:00
8845,0.985,30.39,12095.0,2025-08-10T21:54:13+00:00
9252,0.955,1.0,13323.0,2025-08-10T21:54:14+00:00
9487,0.99,1.0,14073.0,2025-08-10T21:54:16+00:00
10568,0.965,1.0,17520.0,2025-08-10T21:54:21+00:00
9509,0.995,1.0,14152.0,2025-08-10T21:54:38+00:00
10204,0.8,11.39,15817.0,2025-08-10T21:54:41+00:00
10497,0.645,3.79,17220.0,2025-08-10T21:54:43+00:00
10630,0.99,766.36,17838.0,2025-08-10T21:54:44+00:00
11880,0.995,1.0,20451.0,2025-08-10T21:54:49+00:00
10690,0.88,1218.89,18088.0,2025-08-10T21:54:55+00:00
10801,0.985,1.0,18399.0,2025-08-10T21:54:56+00:00
10891,0.945,188.78,18675.0,2025-08-10T21:54:56+00:00
10897,1.0,1.0,18690.0,2025-08-10T21:54:56+00:00
58422,0.64,208.58,48380.0,2025-08-10T21:55:01+00:00
12070,0.995,1.0,20931.0,2025-08-10T21:55:02+00:00
12261,0.99,1.0,21419.0,2025-08-10T21:55:03+00:00
14197,0.885,99.99,25231.0,2025-08-10T21:55:12+00:00
26802,0.9,19.02,34256.0,2025-08-10T21:55:15+00:00
623,0.6,529.0,472.0,2025-08-10T21:55:19+00:00
29687,0.645,0.76,35585.0,2025-08-10T21:55:29+00:00
541,0.8,0.0,406.0,2025-08-10T21:55:30+00:00
14104,0.77,3.12,25095.0,2025-08-10T21:55:35+00:00
14170,0.795,99.99,25198.0,2025-08-10T21:55:35+00:00
14211,0.93,99.99,25254.0,2025-08-10T21:55:35+00:00
15166,0.96,99.99,26523.0,2025-08-10T21:55:39+00:00
59539,0.915,19.73,48884.0,2025-08-10T21:55:40+00:00
15539,1.0,99.99,26931.0,2025-08-10T21:55:41+00:00
15751,1.0,99.99,27187.0,2025-08-10T21:55:42+00:00
14338,0.665,3.76,25426.0,2025-08-10T21:55:47+00:00
61787,0.925,360.0,49985.0,2025-08-10T21:55:50+00:00
15225,0.995,99.99,26585.0,2025-08-10T21:55:51+00:00
61966,0.265,1.0,50067.0,2025-08-10T21:55:51+00:00
15451,0.995,99.99,26833.0,2025-08-10T21:55:52+00:00
15736,1.0,99.99,27163.0,2025-08-10T21:55:53+00:00
16110,0.31,1.0,27524.0,2025-08-10T21:55:55+00:00
16415,0.975,23.36,27784.0,2025-08-10T21:55:57+00:00
63421,0.94,99.99,50706.0,2025-08-10T21:55:58+00:00
16780,0.945,99.99,28143.0,2025-08-10T21:55:59+00:00
16851,0.24,1.0,28233.0,2025-08-10T21:55:59+00:00
16863,0.86,730.86,28242.0,2025-08-10T21:55:59+00:00
17366,0.99,99.99,28658.0,2025-08-10T21:56:01+00:00
17407,0.97,99.99,28692.0,2025-08-10T21:56:02+00:00
64460,0.975,99.99,51155.0,2025-08-10T21:56:03+00:00
541,0.8,0.0,406.0,2025-08-10T21:56:05+00:00
30100,0.98,60.6,35771.0,2025-08-10T21:56:06+00:00
30384,0.97,1.0,35899.0,2025-08-10T21:56:07+00:00
30398,0.95,9.13,35906.0,2025-08-10T21:56:07+00:00
30473,0.975,14.46,35942.0,2025-08-10T21:56:07+00:00
30496,0.975,111.7,35953.0,2025-08-10T21:56:08+00:00
31002,0.99,111.7,36170.0,2025-08-10T21:56:10+00:00
17317,0.985,99.99,28625.0,2025-08-10T21:56:23+00:00
17453,0.945,99.99,28726.0,2025-08-10T21:56:24+00:00
18466,0.78,0.68,29526.0,2025-08-10T21:56:29+00:00
18809,0.87,30.3,29785.0,2025-08-10T21:56:42+00:00
33276,0.795,12.31,37167.0,2025-08-10T21:56:56+00:00
4920,0.72,239.93,4462.0,2025-08-10T21:57:04+00:00
6329,0.77,1.0,7519.0,2025-08-10T21:57:10+00:00
6331,0.965,1.0,7526.0,2025-08-10T21:57:10+00:00
6334,0.97,1.0,7535.0,2025-08-10T21:57:10+00:00
6338,0.98,1.0,7551.0,2025-08-10T21:57:10+00:00
6609,0.965,1.0,8090.0,2025-08-10T21:57:12+00:00
6719,0.97,1.0,8415.0,2025-08-10T21:57:13+00:00
6734,0.985,1.0,8451.0,2025-08-10T21:57:13+00:00
6820,1.0,1.0,8614.0,2025-08-10T21:57:13+00:00
8335,0.94,1.0,11131.0,2025-08-10T21:57:20+00:00
6108,0.905,59.0,6986.0,2025-08-10T21:57:21+00:00
6336,0.98,1.0,7543.0,2025-08-10T21:57:23+00:00
6427,0.99,1.0,7610.0,2025-08-10T21:57:23+00:00
6446,0.98,1.0,7672.0,2025-08-10T21:57:23+00:00
6472,0.945,1.0,7740.0,2025-08-10T21:57:23+00:00
6529,0.99,1.0,7891.0,2025-08-10T21:57:23+00:00
6641,0.945,1.0,8169.0,2025-08-10T21:57:24+00:00
6717,0.975,1.0,8408.0,2025-08-10T21:57:24+00:00
6774,0.985,1.0,8528.0,2025-08-10T21:57:25+00:00
6882,0.93,1.1,8808.0,2025-08-10T21:57:25+00:00
23308,0.97,0.0,32686.0,2025-08-10T21:57:26+00:00
23422,0.865,717.15,32745.0,2025-08-10T21:57:26+00:00
8296,0.925,1.0,11080.0,2025-08-10T21:57:32+00:00
8617,0.865,1.0,11635.0,2025-08-10T21:57:34+00:00
8972,0.78,179.66,12393.0,2025-08-10T21:57:35+00:00
9179,0.985,1.0,13126.0,2025-08-10T21:57:36+00:00
6609,0.965,1.0,8090.0,2025-08-10T21:57:42+00:00
6641,0.945,1.0,8169.0,2025-08-10T21:57:42+00:00
6717,0.975,1.0,8408.0,2025-08-10T21:57:42+00:00
6719,0.97,1.0,8415.0,2025-08-10T21:57:42+00:00
6734,0.985,1.0,8451.0,2025-08-10T21:57:42+00:00
6774,0.985,1.0,8528.0,2025-08-10T21:57:43+00:00
8615,0.975,1.0,11629.0,2025-08-10T21:57:51+00:00
8845,0.985,30.39,12095.0,2025-08-10T21:57:52+00:00
9179,0.985,1.0,13126.0,2025-08-10T21:57:54+00:00
9252,0.955,1.0,13323.0,2025-08-10T21:57:55+00:00
8842,0.995,0.0,12093.0,2025-08-10T21:57:58+00:00
10204,0.8,11.39,15817.0,2025-08-10T21:58:04+00:00
10497,0.645,3.79,17220.0,2025-08-10T21:58:05+00:00
10568,0.965,1.0,17520.0,2025-08-10T21:58:06+00:00
10690,0.88,1218.89,18088.0,2025-08-10T21:58:06+00:00
10897,1.0,1.0,18690.0,2025-08-10T21:58:07+00:00
11343,0.995,1.0,19762.0,2025-08-10T21:58:09+00:00
10498,0.645,3.93,17230.0,2025-08-10T21:58:17+00:00
10801,0.985,1.0,18399.0,2025-08-10T21:58:19+00:00
11710,1.0,1.0,20011.0,2025-08-10T21:58:23+00:00
12108,0.995,1.0,21046.0,2025-08-10T21:58:25+00:00
12261,0.99,1.0,21419.0,2025-08-10T21:58:25+00:00
9509,0.995,1.0,14152.0,2025-08-10T21:58:30+00:00
10497,0.645,3.79,17220.0,2025-08-10T21:58:35+00:00
10891,0.945,188.78,18675.0,2025-08-10T21:58:37+00:00
11343,0.995,1.0,19762.0,2025-08-10T21:58:39+00:00
11710,1.0,1.0,20011.0,2025-08-10T21:58:41+00:00
11841,0.995,1.0,20332.0,2025-08-10T21:58:41+00:00
12261,0.99,1.0,21419.0,2025-08-10T21:58:43+00:00
14104,0.77,3.12,25095.0,2025-08-10T21:58:57+00:00
14170,0.795,99.99,25198.0,2025-08-10T21:58:57+00:00
14211,0.93,99.99,25254.0,2025-08-10T21:58:57+00:00
6870,1.0,1.0,8757.0,2025-08-10T21:59:00+00:00
6899,1.0,1.0,8878.0,2025-08-10T21:59:00+00:00
6903,1.0,1.0,8886.0,2025-08-10T21:59:00+00:00
6971,0.82,1809.68,9064.0,2025-08-10T21:59:00+00:00
15204,0.965,99.99,26556.0,2025-08-10T21:59:02+00:00
15225,0.995,99.99,26585.0,2025-08-10T21:59:02+00:00
15451,0.995,99.99,26833.0,2025-08-10T21:59:03+00:00
8312,0.95,1.0,11092.0,2025-08-10T21:59:06+00:00
8615,0.975,1.0,11629.0,2025-08-10T21:59:08+00:00
14197,0.885,99.99,25231.0,2025-08-10T21:59:08+00:00
8845,0.985,30.39,12095.0,2025-08-10T21:59:09+00:00
9035,1.0,1.0,12597.0,2025-08-10T21:59:10+00:00
9252,0.955,1.0,13323.0,2025-08-10T21:59:11+00:00
9487,0.99,1.0,14073.0,2025-08-10T21:59:12+00:00
9509,0.995,1.0,14152.0,2025-08-10T21:59:12+00:00
15166,0.96,99.99,26523.0,2025-08-10T21:59:13+00:00
15539,1.0,99.99,26931.0,2025-08-10T21:59:15+00:00
15736,1.0,99.99,27163.0,2025-08-10T21:59:16+00:00
15810,0.955,99.99,27252.0,2025-08-10T21:59:16+00:00
16415,0.975,23.36,27784.0,2025-08-10T21:59:19+00:00
29687,0.645,0.76,35585.0,2025-08-10T21:59:23+00:00
30384,0.97,1.0,35899.0,2025-08-10T21:59:27+00:00
30442,0.995,4.56,35926.0,2025-08-10T21:59:27+00:00
30473,0.975,14.46,35942.0,2025-08-10T21:59:27+00:00
15451,0.995,99.99,26833.0,2025-08-10T21:59:32+00:00
15476,1.0,99.99,26863.0,2025-08-10T21:59:32+00:00
15506,1.0,99.99,26899.0,2025-08-10T21:59:32+00:00
16110,0.31,1.0,27524.0,2025-08-10T21:59:35+00:00
16415,0.975,23.36,27784.0,2025-08-10T21:59:37+00:00
30100,0.98,60.6,35771.0,2025-08-10T21:59:38+00:00
30314,0.98,7.61,35866.0,2025-08-10T21:59:38+00:00
30398,0.95,9.13,35906.0,2025-08-10T21:59:39+00:00
16110,0.31,1.0,27524.0,2025-08-10T21:59:40+00:00
31002,0.99,111.7,36170.0,2025-08-10T21:59:42+00:00
17366,0.99,99.99,28658.0,2025-08-10T21:59:46+00:00
10484,0.605,3.79,17187.0,2025-08-10T21:59:52+00:00
10630,0.99,766.36,17838.0,2025-08-10T21:59:53+00:00
18809,0.87,30.3,29785.0,2025-08-10T21:59:53+00:00
10891,0.945,188.78,18675.0,2025-08-10T21:59:54+00:00
16780,0.945,99.99,28143.0,2025-08-10T21:59:55+00:00
17317,0.985,99.99,28625.0,2025-08-10T21:59:58+00:00
17480,0.84,99.99,28755.0,2025-08-10T21:59:59+00:00
11841,0.995,1.0,20332.0,2025-08-10T21:59:59+00:00
11880,0.995,1.0,20451.0,2025-08-10T21:59:59+00:00
12070,0.995,1.0,20931.0,2025-08-10T22:00:00+00:00
12369,0.96,1.0,21662.0,2025-08-10T22:00:01+00:00
18472,0.825,0.68,29531.0,2025-08-10T22:00:03+00:00
16851,0.24,1.0,28233.0,2025-08-10T22:00:13+00:00
17453,0.945,99.99,28726.0,2025-08-10T22:00:15+00:00
17480,0.84,99.99,28755.0,2025-08-10T22:00:16+00:00
18466,0.78,0.68,29526.0,2025-08-10T22:00:21+00:00
33276,0.795,12.31,37167.0,2025-08-10T22:00:27+00:00
20198,0.75,104.81,30852.0,2025-08-10T22:00:45+00:00
14338,0.665,3.76,25426.0,2025-08-10T22:00:46+00:00
14920,0.275,1.0,26217.0,2025-08-10T22:00:48+00:00
15476,1.0,99.99,26863.0,2025-08-10T22:00:51+00:00
15506,1.0,99.99,26899.0,2025-08-10T22:00:51+00:00
15566,1.0,99.99,26961.0,2025-08-10T22:00:51+00:00
15751,1.0,99.99,27187.0,2025-08-10T22:00:52+00:00
15781,0.99,99.99,27219.0,2025-08-10T22:00:52+00:00
16851,0.24,1.0,28233.0,2025-08-10T22:00:58+00:00
23308,0.97,0.0,32686.0,2025-08-10T22:01:00+00:00
23422,0.865,717.15,32745.0,2025-08-10T22:01:01+00:00
20198,0.75,104.81,30852.0,2025-08-10T22:01:03+00:00
23422,0.865,717.15,32745.0,2025-08-10T22:01:21+00:00
39183,0.675,776.83,39729.0,2025-08-10T22:01:31+00:00
16863,0.86,730.86,28242.0,2025-08-10T22:01:35+00:00
17407,0.97,99.99,28692.0,2025-08-10T22:01:37+00:00
17453,0.945,99.99,28726.0,2025-08-10T22:01:37+00:00
18466,0.78,0.68,29526.0,2025-08-10T22:01:42+00:00
18773,0.97,0.68,29753.0,2025-08-10T22:01:43+00:00
41943,0.84,0.76,40892.0,2025-08-10T22:02:10+00:00
42007,0.985,0.76,40918.0,2025-08-10T22:02:11+00:00
40525,0.855,1.0,40276.0,2025-08-10T22:02:14+00:00
26802,0.9,19.02,34256.0,2025-08-10T22:02:14+00:00
27362,0.675,1.52,34521.0,2025-08-10T22:02:17+00:00
41395,0.905,1.0,40662.0,2025-08-10T22:02:19+00:00
42009,0.99,112.33,40919.0,2025-08-10T22:02:22+00:00
623,0.6,529.0,472.0,2025-08-10T22:02:26+00:00
27627,0.985,18.96,34634.0,2025-08-10T22:02:38+00:00
27749,0.97,19.02,34687.0,2025-08-10T22:02:39+00:00
541,0.8,0.0,406.0,2025-08-10T22:02:50+00:00
27362,0.675,1.52,34521.0,2025-08-10T22:02:50+00:00
27738,0.955,125.3,34684.0,2025-08-10T22:02:52+00:00
30314,0.98,7.61,35866.0,2025-08-10T22:03:04+00:00
30496,0.975,111.7,35953.0,2025-08-10T22:03:05+00:00
30384,0.97,1.0,35899.0,2025-08-10T22:03:07+00:00
30442,0.995,4.56,35926.0,2025-08-10T22:03:08+00:00
31002,0.99,111.7,36170.0,2025-08-10T22:03:10+00:00
30384,0.97,1.0,35899.0,2025-08-10T22:03:28+00:00
30398,0.95,9.13,35906.0,2025-08-10T22:03:28+00:00
30473,0.975,14.46,35942.0,2025-08-10T22:03:28+00:00
26802,0.9,19.02,34256.0,2025-08-10T22:03:37+00:00
6331,0.965,1.0,7526.0,2025-08-10T22:03:53+00:00
6338,0.98,1.0,7551.0,2025-08-10T22:03:53+00:00
6427,0.99,1.0,7610.0,2025-08-10T22:03:54+00:00
6529,0.99,1.0,7891.0,2025-08-10T22:03:54+00:00
6609,0.965,1.0,8090.0,2025-08-10T22:03:55+00:00
6641,0.945,1.0,8169.0,2025-08-10T22:03:55+00:00
6719,0.97,1.0,8415.0,2025-08-10T22:03:55+00:00
6903,1.0,1.0,8886.0,2025-08-10T22:03:56+00:00
6329,0.77,1.0,7519.0,2025-08-10T22:04:04+00:00
6334,0.97,1.0,7535.0,2025-08-10T22:04:04+00:00
6446,0.98,1.0,7672.0,2025-08-10T22:04:04+00:00
6472,0.945,1.0,7740.0,2025-08-10T22:04:04+00:00
6717,0.975,1.0,8408.0,2025-08-10T22:04:06+00:00
6971,0.82,1809.68,9064.0,2025-08-10T22:04:07+00:00
28976,0.275,2.69,35261.0,2025-08-10T22:04:22+00:00
29687,0.645,0.76,35585.0,2025-08-10T22:04:25+00:00
30100,0.98,60.6,35771.0,2025-08-10T22:04:27+00:00
30442,0.995,4.56,35926.0,2025-08-10T22:04:29+00:00
31002,0.99,111.7,36170.0,2025-08-10T22:04:31+00:00
33276,0.795,12.31,37167.0,2025-08-10T22:04:44+00:00
8296,0.925,1.0,11080.0,2025-08-10T22:04:59+00:00
8335,0.94,1.0,11131.0,2025-08-10T22:04:59+00:00
8615,0.975,1.0,11629.0,2025-08-10T22:05:00+00:00
8842,0.995,0.0,12093.0,2025-08-10T22:05:01+00:00
8845,0.985,30.39,12095.0,2025-08-10T22:05:01+00:00
8972,0.78,179.66,12393.0,2025-08-10T22:05:02+00:00
9179,0.985,1.0,13126.0,2025-08-10T22:05:03+00:00
39183,0.675,776.83,39729.0,2025-08-10T22:05:04+00:00
9509,0.995,1.0,14152.0,2025-08-10T22:05:04+00:00
10204,0.8,11.39,15817.0,2025-08-10T22:05:08+00:00
10497,0.645,3.79,17220.0,2025-08-10T22:05:09+00:00
10498,0.645,3.93,17230.0,2025-08-10T22:05:09+00:00
9252,0.955,1.0,13323.0,2025-08-10T22:05:13+00:00
9487,0.99,1.0,14073.0,2025-08-10T22:05:14+00:00
10568,0.965,1.0,17520.0,2025-08-10T22:05:19+00:00
10897,1.0,1.0,18690.0,2025-08-10T22:05:21+00:00
39183,0.675,776.83,39729.0,2025-08-10T22:05:25+00:00
40085,0.755,1.0,40086.0,2025-08-10T22:05:48+00:00
10630,0.99,766.36,17838.0,2025-08-10T22:05:54+00:00
10690,0.88,1218.89,18088.0,2025-08-10T22:05:54+00:00
11343,0.995,1.0,19762.0,2025-08-10T22:05:57+00:00
41395,0.905,1.0,40662.0,2025-08-10T22:05:58+00:00
41569,0.875,1.0,40742.0,2025-08-10T22:05:59+00:00
11710,1.0,1.0,20011.0,2025-08-10T22:05:59+00:00
11841,0.995,1.0,20332.0,2025-08-10T22:05:59+00:00
11880,0.995,1.0,20451.0,2025-08-10T22:06:00+00:00
41943,0.84,0.76,40892.0,2025-08-10T22:06:00+00:00
42009,0.99,112.33,40919.0,2025-08-10T22:06:01+00:00
12108,0.995,1.0,21046.0,2025-08-10T22:06:01+00:00
42635,1.0,11.38,41181.0,2025-08-10T22:06:05+00:00
42784,0.99,45.49,41243.0,2025-08-10T22:06:06+00:00
42887,0.995,37.32,41285.0,2025-08-10T22:06:06+00:00
43160,0.995,273.01,41397.0,2025-08-10T22:06:08+00:00
43204,0.99,106.55,41413.0,2025-08-10T22:06:08+00:00
43624,0.85,39.45,41582.0,2025-08-10T22:06:10+00:00
12369,0.96,1.0,21662.0,2025-08-10T22:06:14+00:00
40525,0.855,1.0,40276.0,2025-08-10T22:06:16+00:00
14104,0.77,3.12,25095.0,2025-08-10T22:06:22+00:00
14197,0.885,99.99,25231.0,2025-08-10T22:06:22+00:00
42473,0.995,3.79,41116.0,2025-08-10T22:06:26+00:00
42528,0.965,340.11,41138.0,2025-08-10T22:06:27+00:00
15204,0.965,99.99,26556.0,2025-08-10T22:06:27+00:00
42696,1.0,88.23,41203.0,2025-08-10T22:06:27+00:00
15225,0.995,99.99,26585.0,2025-08-10T22:06:28+00:00
42769,1.0,118.3,41237.0,2025-08-10T22:06:28+00:00
15566,1.0,99.99,26961.0,2025-08-10T22:06:29+00:00
41395,0.905,1.0,40662.0,2025-08-10T22:06:31+00:00
41943,0.84,0.76,40892.0,2025-08-10T22:06:34+00:00
42007,0.985,0.76,40918.0,2025-08-10T22:06:34+00:00
42549,0.98,88.23,41147.0,2025-08-10T22:06:37+00:00
42590,0.945,5.3,41164.0,2025-08-10T22:06:37+00:00
42700,0.99,30.26,41204.0,2025-08-10T22:06:38+00:00
43061,0.975,34.12,41353.0,2025-08-10T22:06:40+00:00
41569,0.875,1.0,40742.0,2025-08-10T22:06:47+00:00
44556,0.975,1.0,41991.0,2025-08-10T22:06:47+00:00
14211,0.93,99.99,25254.0,2025-08-10T22:06:49+00:00
45203,0.95,1.0,42247.0,2025-08-10T22:06:53+00:00
15506,1.0,99.99,26899.0,2025-08-10T22:06:56+00:00
45732,0.935,1.0,42474.0,2025-08-10T22:06:57+00:00
15736,1.0,99.99,27163.0,2025-08-10T22:06:57+00:00
15810,0.955,99.99,27252.0,2025-08-10T22:06:58+00:00
46918,0.98,648.0,42988.0,2025-08-10T22:07:03+00:00
17366,0.99,99.99,28658.0,2025-08-10T22:07:05+00:00
17407,0.97,99.99,28692.0,2025-08-10T22:07:05+00:00
15781,0.99,99.99,27219.0,2025-08-10T22:07:07+00:00
47802,0.95,88.0,43369.0,2025-08-10T22:07:07+00:00
43428,0.96,364.19,41505.0,2025-08-10T22:07:08+00:00
43681,1.0,53.95,41607.0,2025-08-10T22:07:09+00:00
44001,0.915,802.52,41743.0,2025-08-10T22:07:11+00:00
44223,0.995,139.9,41851.0,2025-08-10T22:07:12+00:00
44270,1.0,1.0,41870.0,2025-08-10T22:07:12+00:00
16780,0.945,99.99,28143.0,2025-08-10T22:07:13+00:00
16851,0.24,1.0,28233.0,2025-08-10T22:07:13+00:00
16863,0.86,730.86,28242.0,2025-08-10T22:07:13+00:00
17317,0.985,99.99,28625.0,2025-08-10T22:07:15+00:00
17453,0.945,99.99,28726.0,2025-08-10T22:07:16+00:00
17480,0.84,99.99,28755.0,2025-08-10T22:07:16+00:00
45732,0.935,1.0,42474.0,2025-08-10T22:07:21+00:00
42009,0.99,112.33,40919.0,2025-08-10T22:07:27+00:00
45203,0.95,1.0,42247.0,2025-08-10T22:07:29+00:00
42609,0.995,83.38,41170.0,2025-08-10T22:07:31+00:00
42635,1.0,11.38,41181.0,2025-08-10T22:07:31+00:00
42674,0.99,1.52,41194.0,2025-08-10T22:07:31+00:00
42741,0.955,459.07,41227.0,2025-08-10T22:07:31+00:00
42756,0.99,0.0,41233.0,2025-08-10T22:07:32+00:00
42784,0.99,45.49,41243.0,2025-08-10T22:07:32+00:00
42856,0.965,173.07,41273.0,2025-08-10T22:07:32+00:00
42887,0.995,37.32,41285.0,2025-08-10T22:07:32+00:00
42936,0.995,59.68,41305.0,2025-08-10T22:07:32+00:00
42945,1.0,0.76,41308.0,2025-08-10T22:07:32+00:00
42958,0.955,9.99,41313.0,2025-08-10T22:07:33+00:00
43160,0.995,273.01,41397.0,2025-08-10T22:07:34+00:00
43204,0.99,106.55,41413.0,2025-08-10T22:07:34+00:00
43624,0.85,39.45,41582.0,2025-08-10T22:07:36+00:00
43773,0.98,172.32,41646.0,2025-08-10T22:07:37+00:00
46998,0.925,204.27,43028.0,2025-08-10T22:07:38+00:00
44091,0.775,99.99,41791.0,2025-08-10T22:07:38+00:00
47802,0.95,88.0,43369.0,2025-08-10T22:07:42+00:00
48094,0.785,24.9,43494.0,2025-08-10T22:07:44+00:00
18809,0.87,30.3,29785.0,2025-08-10T22:07:51+00:00
50537,0.585,1.0,44532.0,2025-08-10T22:08:00+00:00
46909,0.965,1.0,42985.0,2025-08-10T22:08:05+00:00
46918,0.98,648.0,42988.0,2025-08-10T22:08:05+00:00
20198,0.75,104.81,30852.0,2025-08-10T22:08:09+00:00
50211,0.98,1.0,44393.0,2025-08-10T22:08:30+00:00
50537,0.585,1.0,44532.0,2025-08-10T22:08:32+00:00
52466,0.965,1.0,45463.0,2025-08-10T22:08:45+00:00
52584,0.985,1.0,45541.0,2025-08-10T22:08:45+00:00
23308,0.97,0.0,32686.0,2025-08-10T22:08:49+00:00
53591,0.96,1.0,46057.0,2025-08-10T22:08:51+00:00
23422,0.865,717.15,32745.0,2025-08-10T22:09:00+00:00
52521,0.61,105.99,45501.0,2025-08-10T22:09:09+00:00
52584,0.985,1.0,45541.0,2025-08-10T22:09:19+00:00
53794,0.99,1.0,46149.0,2025-08-10T22:09:29+00:00
52466,0.965,1.0,45463.0,2025-08-10T22:09:39+00:00
53591,0.96,1.0,46057.0,2025-08-10T22:09:48+00:00
56703,0.58,0.76,47545.0,2025-08-10T22:09:52+00:00
57248,0.595,7.58,47826.0,2025-08-10T22:09:56+00:00
57470,0.98,0.76,47923.0,2025-08-10T22:09:58+00:00
57615,0.965,0.76,47982.0,2025-08-10T22:09:59+00:00
55401,0.64,1.0,46925.0,2025-08-10T22:10:14+00:00
27627,0.985,18.96,34634.0,2025-08-10T22:10:25+00:00
27749,0.97,19.02,34687.0,2025-08-10T22:10:26+00:00
27362,0.675,1.52,34521.0,2025-08-10T22:10:36+00:00
56703,0.58,0.76,47545.0,2025-08-10T22:10:37+00:00
27738,0.955,125.3,34684.0,2025-08-10T22:10:38+00:00
57248,0.595,7.58,47826.0,2025-08-10T22:10:39+00:00
57470,0.98,0.76,47923.0,2025-08-10T22:10:41+00:00
59539,0.915,19.73,48884.0,2025-08-10T22:10:57+00:00
58422,0.64,208.58,48380.0,2025-08-10T22:11:05+00:00
57615,0.965,0.76,47982.0,2025-08-10T22:11:11+00:00
28976,0.275,2.69,35261.0,2025-08-10T22:11:13+00:00
58761,0.665,1.0,48533.0,2025-08-10T22:11:16+00:00
30442,0.995,4.56,35926.0,2025-08-10T22:11:20+00:00
30314,0.98,7.61,35866.0,2025-08-10T22:11:30+00:00
59539,0.915,19.73,48884.0,2025-08-10T22:11:46+00:00
63634,0.93,99.99,50808.0,2025-08-10T22:11:53+00:00
61787,0.925,360.0,49985.0,2025-08-10T22:11:57+00:00
64411,0.99,99.99,51135.0,2025-08-10T22:11:57+00:00
64460,0.975,99.99,51155.0,2025-08-10T22:11:57+00:00
61966,0.265,1.0,50067.0,2025-08-10T22:11:57+00:00
68067,0.585,519.9,52814.0,2025-08-10T22:12:15+00:00
63634,0.93,99.99,50808.0,2025-08-10T22:12:34+00:00
64411,0.99,99.99,51135.0,2025-08-10T22:12:37+00:00
63421,0.94,99.99,50706.0,2025-08-10T22:12:40+00:00
64460,0.975,99.99,51155.0,2025-08-10T22:12:45+00:00
64329,0.99,99.99,51112.0,2025-08-10T22:12:47+00:00
541,0.8,0.0,406.0,2025-08-10T22:12:48+00:00
69980,0.87,0.0,53658.0,2025-08-10T22:13:00+00:00
623,0.6,529.0,472.0,2025-08-10T22:13:09+00:00
623,0.6,529.0,472.0,2025-08-10T22:13:16+00:00
541,0.8,0.0,406.0,2025-08-10T22:13:21+00:00
72757,0.62,1.79,54846.0,2025-08-10T22:13:49+00:00
73857,0.995,0.83,55311.0,2025-08-10T22:13:54+00:00
74496,1.0,0.83,55614.0,2025-08-10T22:13:58+00:00
4920,0.72,239.93,4462.0,2025-08-10T22:14:13+00:00
6329,0.77,1.0,7519.0,2025-08-10T22:14:20+00:00
6446,0.98,1.0,7672.0,2025-08-10T22:14:21+00:00
6472,0.945,1.0,7740.0,2025-08-10T22:14:21+00:00
6870,1.0,1.0,8757.0,2025-08-10T22:14:23+00:00
6899,1.0,1.0,8878.0,2025-08-10T22:14:23+00:00
6609,0.965,1.0,8090.0,2025-08-10T22:14:27+00:00
6641,0.945,1.0,8169.0,2025-08-10T22:14:27+00:00
6717,0.975,1.0,8408.0,2025-08-10T22:14:28+00:00
6719,0.97,1.0,8415.0,2025-08-10T22:14:28+00:00
6734,0.985,1.0,8451.0,2025-08-10T22:14:28+00:00
6774,0.985,1.0,8528.0,2025-08-10T22:14:28+00:00
6108,0.905,59.0,6986.0,2025-08-10T22:14:29+00:00
6331,0.965,1.0,7526.0,2025-08-10T22:14:30+00:00
6334,0.97,1.0,7535.0,2025-08-10T22:14:30+00:00
6336,0.98,1.0,7543.0,2025-08-10T22:14:30+00:00
6338,0.98,1.0,7551.0,2025-08-10T22:14:30+00:00
6427,0.99,1.0,7610.0,2025-08-10T22:14:31+00:00
6529,0.99,1.0,7891.0,2025-08-10T22:14:31+00:00
6820,1.0,1.0,8614.0,2025-08-10T22:14:33+00:00
6882,0.93,1.1,8808.0,2025-08-10T22:14:33+00:00
6903,1.0,1.0,8886.0,2025-08-10T22:14:33+00:00
6971,0.82,1809.68,9064.0,2025-08-10T22:14:34+00:00
8615,0.975,1.0,11629.0,2025-08-10T22:14:38+00:00
8845,0.985,30.39,12095.0,2025-08-10T22:14:42+00:00
8296,0.925,1.0,11080.0,2025-08-10T22:14:44+00:00
8312,0.95,1.0,11092.0,2025-08-10T22:14:44+00:00
9179,0.985,1.0,13126.0,2025-08-10T22:14:44+00:00
8335,0.94,1.0,11131.0,2025-08-10T22:14:44+00:00
9252,0.955,1.0,13323.0,2025-08-10T22:14:45+00:00
9509,0.995,1.0,14152.0,2025-08-10T22:14:46+00:00
76555,1.0,153.46,56624.0,2025-08-10T22:14:47+00:00
10497,0.645,3.79,17220.0,2025-08-10T22:14:51+00:00
77348,0.98,0.01,57007.0,2025-08-10T22:14:51+00:00
77387,0.98,444.17,57027.0,2025-08-10T22:14:51+00:00
10891,0.945,188.78,18675.0,2025-08-10T22:14:53+00:00
11343,0.995,1.0,19762.0,2025-08-10T22:14:56+00:00
11710,1.0,1.0,20011.0,2025-08-10T22:14:58+00:00
11841,0.995,1.0,20332.0,2025-08-10T22:14:59+00:00
12261,0.99,1.0,21419.0,2025-08-10T22:15:00+00:00
79536,0.815,1.0,58067.0,2025-08-10T22:15:02+00:00
4920,0.72,239.93,4462.0,2025-08-10T22:15:04+00:00
6329,0.77,1.0,7519.0,2025-08-10T22:15:12+00:00
6331,0.965,1.0,7526.0,2025-08-10T22:15:12+00:00
6334,0.97,1.0,7535.0,2025-08-10T22:15:12+00:00
6338,0.98,1.0,7551.0,2025-08-10T22:15:12+00:00
8617,0.865,1.0,11635.0,2025-08-10T22:15:13+00:00
6609,0.965,1.0,8090.0,2025-08-10T22:15:13+00:00
6719,0.97,1.0,8415.0,2025-08-10T22:15:14+00:00
6734,0.985,1.0,8451.0,2025-08-10T22:15:14+00:00
6820,1.0,1.0,8614.0,2025-08-10T22:15:14+00:00
9035,1.0,1.0,12597.0,2025-08-10T22:15:15+00:00
9487,0.99,1.0,14073.0,2025-08-10T22:15:18+00:00
10484,0.605,3.79,17187.0,2025-08-10T22:15:23+00:00
8335,0.94,1.0,11131.0,2025-08-10T22:15:23+00:00
10568,0.965,1.0,17520.0,2025-08-10T22:15:23+00:00
6108,0.905,59.0,6986.0,2025-08-10T22:15:24+00:00
8842,0.995,0.0,12093.0,2025-08-10T22:15:24+00:00
8972,0.78,179.66,12393.0,2025-08-10T22:15:25+00:00
6336,0.98,1.0,7543.0,2025-08-10T22:15:25+00:00
6427,0.99,1.0,7610.0,2025-08-10T22:15:26+00:00
6446,0.98,1.0,7672.0,2025-08-10T22:15:26+00:00
6472,0.945,1.0,7740.0,2025-08-10T22:15:26+00:00
6529,0.99,1.0,7891.0,2025-08-10T22:15:26+00:00
6641,0.945,1.0,8169.0,2025-08-10T22:15:27+00:00
6717,0.975,1.0,8408.0,2025-08-10T22:15:27+00:00
6774,0.985,1.0,8528.0,2025-08-10T22:15:27+00:00
6882,0.93,1.1,8808.0,2025-08-10T22:15:28+00:00
10204,0.8,11.39,15817.0,2025-08-10T22:15:32+00:00
10498,0.645,3.93,17230.0,2025-08-10T22:15:33+00:00
10630,0.99,766.36,17838.0,2025-08-10T22:15:34+00:00
10690,0.88,1218.89,18088.0,2025-08-10T22:15:34+00:00
10801,0.985,1.0,18399.0,2025-08-10T22:15:35+00:00
8296,0.925,1.0,11080.0,2025-08-10T22:15:36+00:00
8617,0.865,1.0,11635.0,2025-08-10T22:15:38+00:00
8972,0.78,179.66,12393.0,2025-08-10T22:15:39+00:00
9179,0.985,1.0,13126.0,2025-08-10T22:15:41+00:00
11880,0.995,1.0,20451.0,2025-08-10T22:15:41+00:00
81186,0.99,45.64,58822.0,2025-08-10T22:15:49+00:00
15451,0.995,99.99,26833.0,2025-08-10T22:15:55+00:00
15476,1.0,99.99,26863.0,2025-08-10T22:15:55+00:00
82400,0.86,18.98,59385.0,2025-08-10T22:15:55+00:00
15506,1.0,99.99,26899.0,2025-08-10T22:15:55+00:00
16110,0.31,1.0,27524.0,2025-08-10T22:15:58+00:00
83053,0.995,6.27,59669.0,2025-08-10T22:15:58+00:00
16415,0.975,23.36,27784.0,2025-08-10T22:16:00+00:00
83417,0.94,5.91,59840.0,2025-08-10T22:16:00+00:00
10897,1.0,1.0,18690.0,2025-08-10T22:16:01+00:00
8842,0.995,0.0,12093.0,2025-08-10T22:16:03+00:00
12070,0.995,1.0,20931.0,2025-08-10T22:16:07+00:00
12108,0.995,1.0,21046.0,2025-08-10T22:16:07+00:00
12369,0.96,1.0,21662.0,2025-08-10T22:16:09+00:00
10204,0.8,11.39,15817.0,2025-08-10T22:16:09+00:00
10497,0.645,3.79,17220.0,2025-08-10T22:16:11+00:00
10568,0.965,1.0,17520.0,2025-08-10T22:16:11+00:00
10690,0.88,1218.89,18088.0,2025-08-10T22:16:12+00:00
10897,1.0,1.0,18690.0,2025-08-10T22:16:13+00:00
11343,0.995,1.0,19762.0,2025-08-10T22:16:15+00:00
14104,0.77,3.12,25095.0,2025-08-10T22:16:17+00:00
14197,0.885,99.99,25231.0,2025-08-10T22:16:17+00:00
10498,0.645,3.93,17230.0,2025-08-10T22:16:23+00:00
10801,0.985,1.0,18399.0,2025-08-10T22:16:24+00:00
14170,0.795,99.99,25198.0,2025-08-10T22:16:28+00:00
11710,1.0,1.0,20011.0,2025-08-10T22:16:28+00:00
14211,0.93,99.99,25254.0,2025-08-10T22:16:29+00:00
14338,0.665,3.76,25426.0,2025-08-10T22:16:29+00:00
12108,0.995,1.0,21046.0,2025-08-10T22:16:31+00:00
12261,0.99,1.0,21419.0,2025-08-10T22:16:31+00:00
14920,0.275,1.0,26217.0,2025-08-10T22:16:32+00:00
15204,0.965,99.99,26556.0,2025-08-10T22:16:33+00:00
15566,1.0,99.99,26961.0,2025-08-10T22:16:35+00:00
16851,0.24,1.0,28233.0,2025-08-10T22:16:37+00:00
17453,0.945,99.99,28726.0,2025-08-10T22:16:40+00:00
17480,0.84,99.99,28755.0,2025-08-10T22:16:40+00:00
84543,0.925,454.82,60353.0,2025-08-10T22:16:41+00:00
18466,0.78,0.68,29526.0,2025-08-10T22:16:46+00:00
86155,0.91,101.5,61108.0,2025-08-10T22:16:49+00:00
15166,0.96,99.99,26523.0,2025-08-10T22:16:58+00:00
15225,0.995,99.99,26585.0,2025-08-10T22:16:58+00:00
15539,1.0,99.99,26931.0,2025-08-10T22:17:00+00:00
15751,1.0,99.99,27187.0,2025-08-10T22:17:02+00:00
14104,0.77,3.12,25095.0,2025-08-10T22:17:04+00:00
14170,0.795,99.99,25198.0,2025-08-10T22:17:05+00:00
14211,0.93,99.99,25254.0,2025-08-10T22:17:05+00:00
16863,0.86,730.86,28242.0,2025-08-10T22:17:07+00:00
17366,0.99,99.99,28658.0,2025-08-10T22:17:09+00:00
15204,0.965,99.99,26556.0,2025-08-10T22:17:10+00:00
17407,0.97,99.99,28692.0,2025-08-10T22:17:10+00:00
15225,0.995,99.99,26585.0,2025-08-10T22:17:10+00:00
15451,0.995,99.99,26833.0,2025-08-10T22:17:11+00:00
15736,1.0,99.99,27163.0,2025-08-10T22:17:11+00:00
15781,0.99,99.99,27219.0,2025-08-10T22:17:12+00:00
15810,0.955,99.99,27252.0,2025-08-10T22:17:12+00:00
14197,0.885,99.99,25231.0,2025-08-10T22:17:16+00:00
16780,0.945,99.99,28143.0,2025-08-10T22:17:17+00:00
17317,0.985,99.99,28625.0,2025-08-10T22:17:19+00:00
15166,0.96,99.99,26523.0,2025-08-10T22:17:22+00:00
15539,1.0,99.99,26931.0,2025-08-10T22:17:24+00:00
18472,0.825,0.68,29531.0,2025-08-10T22:17:24+00:00
15736,1.0,99.99,27163.0,2025-08-10T22:17:25+00:00
15810,0.955,99.99,27252.0,2025-08-10T22:17:25+00:00
18773,0.97,0.68,29753.0,2025-08-10T22:17:26+00:00
18809,0.87,30.3,29785.0,2025-08-10T22:17:26+00:00
16415,0.975,23.36,27784.0,2025-08-10T22:17:28+00:00
20198,0.75,104.81,30852.0,2025-08-10T22:17:30+00:00
87354,0.635,19.04,61646.0,2025-08-10T22:17:30+00:00
88258,0.975,6.62,62059.0,2025-08-10T22:17:35+00:00
88876,0.935,1.0,62330.0,2025-08-10T22:17:38+00:00
88897,0.96,1.1,62341.0,2025-08-10T22:17:38+00:00
16110,0.31,1.0,27524.0,2025-08-10T22:17:48+00:00
17366,0.99,99.99,28658.0,2025-08-10T22:17:55+00:00
18809,0.87,30.3,29785.0,2025-08-10T22:18:02+00:00
16780,0.945,99.99,28143.0,2025-08-10T22:18:04+00:00
17317,0.985,99.99,28625.0,2025-08-10T22:18:06+00:00
17480,0.84,99.99,28755.0,2025-08-10T22:18:08+00:00
18472,0.825,0.68,29531.0,2025-08-10T22:18:12+00:00
23422,0.865,717.15,32745.0,2025-08-10T22:18:21+00:00
20198,0.75,104.81,30852.0,2025-08-10T22:18:55+00:00
23308,0.97,0.0,32686.0,2025-08-10T22:18:57+00:00
23308,0.97,0.0,32686.0,2025-08-10T22:19:10+00:00
23422,0.865,717.15,32745.0,2025-08-10T22:19:11+00:00
94218,0.885,720.38,64785.0,2025-08-10T22:19:12+00:00
26802,0.9,19.02,34256.0,2025-08-10T22:19:13+00:00
27362,0.675,1.52,34521.0,2025-08-10T22:19:16+00:00
95534,0.635,31.91,65358.0,2025-08-10T22:19:19+00:00
27749,0.97,19.02,34687.0,2025-08-10T22:19:44+00:00
27627,0.985,18.96,34634.0,2025-08-10T22:19:54+00:00
27738,0.955,125.3,34684.0,2025-08-10T22:19:56+00:00
28976,0.275,2.69,35261.0,2025-08-10T22:20:02+00:00
29687,0.645,0.76,35585.0,2025-08-10T22:20:06+00:00
30100,0.98,60.6,35771.0,2025-08-10T22:20:08+00:00
30384,0.97,1.0,35899.0,2025-08-10T22:20:10+00:00
30442,0.995,4.56,35926.0,2025-08-10T22:20:10+00:00
31002,0.99,111.7,36170.0,2025-08-10T22:20:13+00:00
99506,0.955,489.71,67150.0,2025-08-10T22:20:17+00:00
30314,0.98,7.61,35866.0,2025-08-10T22:20:38+00:00
30473,0.975,14.46,35942.0,2025-08-10T22:20:39+00:00
30398,0.95,9.13,35906.0,2025-08-10T22:20:48+00:00
30496,0.975,111.7,35953.0,2025-08-10T22:20:48+00:00
27627,0.985,18.96,34634.0,2025-08-10T22:20:53+00:00
27749,0.97,19.02,34687.0,2025-08-10T22:20:54+00:00
33276,0.795,12.31,37167.0,2025-08-10T22:21:02+00:00
27362,0.675,1.52,34521.0,2025-08-10T22:21:06+00:00
27738,0.955,125.3,34684.0,2025-08-10T22:21:08+00:00
102445,1.0,1.0,68207.0,2025-08-10T22:21:10+00:00
102446,1.0,1.0,68207.0,2025-08-10T22:21:10+00:00
30314,0.98,7.61,35866.0,2025-08-10T22:21:21+00:00
30496,0.975,111.7,35953.0,2025-08-10T22:21:22+00:00
39183,0.675,776.83,39729.0,2025-08-10T22:21:34+00:00
30384,0.97,1.0,35899.0,2025-08-10T22:21:48+00:00
30398,0.95,9.13,35906.0,2025-08-10T22:21:48+00:00
30473,0.975,14.46,35942.0,2025-08-10T22:21:48+00:00
106998,0.985,3.79,70229.0,2025-08-10T22:22:12+00:00
107067,0.96,318.11,70270.0,2025-08-10T22:22:12+00:00
107637,0.915,824.83,70536.0,2025-08-10T22:22:15+00:00
41395,0.905,1.0,40662.0,2025-08-10T22:22:21+00:00
41569,0.875,1.0,40742.0,2025-08-10T22:22:22+00:00
41943,0.84,0.76,40892.0,2025-08-10T22:22:24+00:00
42009,0.99,112.33,40919.0,2025-08-10T22:22:24+00:00
42635,1.0,11.38,41181.0,2025-08-10T22:22:27+00:00
42784,0.99,45.49,41243.0,2025-08-10T22:22:28+00:00
42887,0.995,37.32,41285.0,2025-08-10T22:22:29+00:00
43160,0.995,273.01,41397.0,2025-08-10T22:22:30+00:00
43204,0.99,106.55,41413.0,2025-08-10T22:22:30+00:00
43624,0.85,39.45,41582.0,2025-08-10T22:22:32+00:00
40085,0.755,1.0,40086.0,2025-08-10T22:22:48+00:00
40525,0.855,1.0,40276.0,2025-08-10T22:22:51+00:00
108708,0.955,426.4,71033.0,2025-08-10T22:22:54+00:00
45203,0.95,1.0,42247.0,2025-08-10T22:23:14+00:00
45732,0.935,1.0,42474.0,2025-08-10T22:23:16+00:00
46918,0.98,648.0,42988.0,2025-08-10T22:23:22+00:00
42007,0.985,0.76,40918.0,2025-08-10T22:23:24+00:00
47802,0.95,88.0,43369.0,2025-08-10T22:23:26+00:00
42473,0.995,3.79,41116.0,2025-08-10T22:23:34+00:00
42549,0.98,88.23,41147.0,2025-08-10T22:23:34+00:00
42609,0.995,83.38,41170.0,2025-08-10T22:23:35+00:00
42674,0.99,1.52,41194.0,2025-08-10T22:23:35+00:00
42756,0.99,0.0,41233.0,2025-08-10T22:23:35+00:00
42945,1.0,0.76,41308.0,2025-08-10T22:23:37+00:00
42958,0.955,9.99,41313.0,2025-08-10T22:23:37+00:00
43061,0.975,34.12,41353.0,2025-08-10T22:23:38+00:00
39183,0.675,776.83,39729.0,2025-08-10T22:23:41+00:00
44091,0.775,99.99,41791.0,2025-08-10T22:23:43+00:00
44270,1.0,1.0,41870.0,2025-08-10T22:23:44+00:00
112840,0.685,45.03,72824.0,2025-08-10T22:23:49+00:00
40085,0.755,1.0,40086.0,2025-08-10T22:23:55+00:00
114271,0.935,16.48,73408.0,2025-08-10T22:23:56+00:00
42528,0.965,340.11,41138.0,2025-08-10T22:24:02+00:00
42590,0.945,5.3,41164.0,2025-08-10T22:24:02+00:00
42696,1.0,88.23,41203.0,2025-08-10T22:24:02+00:00
42700,0.99,30.26,41204.0,2025-08-10T22:24:02+00:00
42741,0.955,459.07,41227.0,2025-08-10T22:24:03+00:00
42769,1.0,118.3,41237.0,2025-08-10T22:24:03+00:00
42856,0.965,173.07,41273.0,2025-08-10T22:24:03+00:00
42936,0.995,59.68,41305.0,2025-08-10T22:24:04+00:00
43428,0.96,364.19,41505.0,2025-08-10T22:24:06+00:00
43681,1.0,53.95,41607.0,2025-08-10T22:24:07+00:00
43773,0.98,172.32,41646.0,2025-08-10T22:24:08+00:00
44001,0.915,802.52,41743.0,2025-08-10T22:24:09+00:00
44223,0.995,139.9,41851.0,2025-08-10T22:24:10+00:00
44556,0.975,1.0,41991.0,2025-08-10T22:24:12+00:00
50537,0.585,1.0,44532.0,2025-08-10T22:24:14+00:00
40525,0.855,1.0,40276.0,2025-08-10T22:24:22+00:00
46909,0.965,1.0,42985.0,2025-08-10T22:24:31+00:00
46998,0.925,204.27,43028.0,2025-08-10T22:24:31+00:00
42473,0.995,3.79,41116.0,2025-08-10T22:24:31+00:00
42528,0.965,340.11,41138.0,2025-08-10T22:24:32+00:00
42696,1.0,88.23,41203.0,2025-08-10T22:24:33+00:00
42769,1.0,118.3,41237.0,2025-08-10T22:24:33+00:00
41395,0.905,1.0,40662.0,2025-08-10T22:24:36+00:00
41943,0.84,0.76,40892.0,2025-08-10T22:24:39+00:00
42007,0.985,0.76,40918.0,2025-08-10T22:24:39+00:00
116404,0.88,311.28,74262.0,2025-08-10T22:24:42+00:00
42549,0.98,88.23,41147.0,2025-08-10T22:24:42+00:00
42590,0.945,5.3,41164.0,2025-08-10T22:24:43+00:00
42700,0.99,30.26,41204.0,2025-08-10T22:24:43+00:00
43061,0.975,34.12,41353.0,2025-08-10T22:24:45+00:00
44556,0.975,1.0,41991.0,2025-08-10T22:24:52+00:00
52466,0.965,1.0,45463.0,2025-08-10T22:25:00+00:00
52584,0.985,1.0,45541.0,2025-08-10T22:25:00+00:00
53591,0.96,1.0,46057.0,2025-08-10T22:25:05+00:00
43428,0.96,364.19,41505.0,2025-08-10T22:25:12+00:00
48094,0.785,24.9,43494.0,2025-08-10T22:25:12+00:00
43681,1.0,53.95,41607.0,2025-08-10T22:25:13+00:00
44001,0.915,802.52,41743.0,2025-08-10T22:25:15+00:00
44223,0.995,139.9,41851.0,2025-08-10T22:25:16+00:00
44270,1.0,1.0,41870.0,2025-08-10T22:25:16+00:00
45732,0.935,1.0,42474.0,2025-08-10T22:25:23+00:00
45203,0.95,1.0,42247.0,2025-08-10T22:25:30+00:00
119714,0.59,29.95,75556.0,2025-08-10T22:25:32+00:00
119781,0.91,124.53,75581.0,2025-08-10T22:25:33+00:00
120837,0.99,99.9,75978.0,2025-08-10T22:25:38+00:00
46998,0.925,204.27,43028.0,2025-08-10T22:25:38+00:00
47802,0.95,88.0,43369.0,2025-08-10T22:25:42+00:00
48094,0.785,24.9,43494.0,2025-08-10T22:25:44+00:00
50211,0.98,1.0,44393.0,2025-08-10T22:25:49+00:00
56703,0.58,0.76,47545.0,2025-08-10T22:25:55+00:00
57248,0.595,7.58,47826.0,2025-08-10T22:25:58+00:00
57470,0.98,0.76,47923.0,2025-08-10T22:25:59+00:00
57615,0.965,0.76,47982.0,2025-08-10T22:25:59+00:00
52521,0.61,105.99,45501.0,2025-08-10T22:26:08+00:00
59539,0.915,19.73,48884.0,2025-08-10T22:26:09+00:00
46909,0.965,1.0,42985.0,2025-08-10T22:26:21+00:00
46918,0.98,648.0,42988.0,2025-08-10T22:26:21+00:00
123141,0.955,254.76,76826.0,2025-08-10T22:26:23+00:00
124036,0.6,129.0,77154.0,2025-08-10T22:26:27+00:00
124087,0.875,1.0,77171.0,2025-08-10T22:26:28+00:00
124176,0.695,1.0,77202.0,2025-08-10T22:26:28+00:00
53794,0.99,1.0,46149.0,2025-08-10T22:26:41+00:00
50211,0.98,1.0,44393.0,2025-08-10T22:26:46+00:00
50537,0.585,1.0,44532.0,2025-08-10T22:26:48+00:00
55401,0.64,1.0,46925.0,2025-08-10T22:26:49+00:00
63634,0.93,99.99,50808.0,2025-08-10T22:27:02+00:00
64411,0.99,99.99,51135.0,2025-08-10T22:27:06+00:00
64460,0.975,99.99,51155.0,2025-08-10T22:27:06+00:00
58422,0.64,208.58,48380.0,2025-08-10T22:27:11+00:00
52521,0.61,105.99,45501.0,2025-08-10T22:27:22+00:00
52584,0.985,1.0,45541.0,2025-08-10T22:27:32+00:00
53794,0.99,1.0,46149.0,2025-08-10T22:27:38+00:00
58761,0.665,1.0,48533.0,2025-08-10T22:27:40+00:00
68067,0.585,519.9,52814.0,2025-08-10T22:27:58+00:00
61787,0.925,360.0,49985.0,2025-08-10T22:28:03+00:00
55401,0.64,1.0,46925.0,2025-08-10T22:28:10+00:00
56703,0.58,0.76,47545.0,2025-08-10T22:28:26+00:00
57248,0.595,7.58,47826.0,2025-08-10T22:28:29+00:00
57470,0.98,0.76,47923.0,2025-08-10T22:28:30+00:00
135718,0.9,7.57,81372.0,2025-08-10T22:28:33+00:00
69980,0.87,0.0,53658.0,2025-08-10T22:28:42+00:00
61966,0.265,1.0,50067.0,2025-08-10T22:28:47+00:00
57615,0.965,0.76,47982.0,2025-08-10T22:28:56+00:00
58761,0.665,1.0,48533.0,2025-08-10T22:29:02+00:00
63421,0.94,99.99,50706.0,2025-08-10T22:29:03+00:00
72757,0.62,1.79,54846.0,2025-08-10T22:29:31+00:00
64329,0.99,99.99,51112.0,2025-08-10T22:29:34+00:00
73857,0.995,0.83,55311.0,2025-08-10T22:29:36+00:00
74496,1.0,0.83,55614.0,2025-08-10T22:29:39+00:00
63634,0.93,99.99,50808.0,2025-08-10T22:30:00+00:00
68320,0.635,0.76,52934.0,2025-08-10T22:30:01+00:00
64411,0.99,99.99,51135.0,2025-08-10T22:30:04+00:00
141260,0.985,512.25,84204.0,2025-08-10T22:30:10+00:00
64329,0.99,99.99,51112.0,2025-08-10T22:30:13+00:00
142557,0.615,354.33,84789.0,2025-08-10T22:30:17+00:00
143334,1.0,0.0,85285.0,2025-08-10T22:30:21+00:00
143335,0.99,252.92,85285.0,2025-08-10T22:30:21+00:00
76555,1.0,153.46,56624.0,2025-08-10T22:30:23+00:00
77348,0.98,0.01,57007.0,2025-08-10T22:30:27+00:00
77387,0.98,444.17,57027.0,2025-08-10T22:30:27+00:00
68522,0.965,0.76,53031.0,2025-08-10T22:30:28+00:00
68633,0.645,1.18,53076.0,2025-08-10T22:30:29+00:00
70141,0.925,112.45,53727.0,2025-08-10T22:30:36+00:00
79536,0.815,1.0,58067.0,2025-08-10T22:30:37+00:00
69498,0.975,8.0,53451.0,2025-08-10T22:30:41+00:00
623,0.6,529.0,472.0,2025-08-10T22:30:41+00:00
70589,0.765,261.87,53937.0,2025-08-10T22:30:46+00:00
144754,0.605,323.77,86376.0,2025-08-10T22:31:01+00:00
541,0.8,0.0,406.0,2025-08-10T22:31:08+00:00
81186,0.99,45.64,58822.0,2025-08-10T22:31:20+00:00
82400,0.86,18.98,59385.0,2025-08-10T22:31:26+00:00
83053,0.995,6.27,59669.0,2025-08-10T22:31:29+00:00
83417,0.94,5.91,59840.0,2025-08-10T22:31:31+00:00
84543,0.925,454.82,60353.0,2025-08-10T22:31:36+00:00
73784,0.955,1.0,55279.0,2025-08-10T22:31:37+00:00
86155,0.91,101.5,61108.0,2025-08-10T22:31:44+00:00
4920,0.72,239.93,4462.0,2025-08-10T22:31:56+00:00
6329,0.77,1.0,7519.0,2025-08-10T22:32:03+00:00
6446,0.98,1.0,7672.0,2025-08-10T22:32:03+00:00
6472,0.945,1.0,7740.0,2025-08-10T22:32:04+00:00
6870,1.0,1.0,8757.0,2025-08-10T22:32:05+00:00
6899,1.0,1.0,8878.0,2025-08-10T22:32:06+00:00
74507,0.995,130.44,55618.0,2025-08-10T22:32:07+00:00
74794,0.58,311.91,55760.0,2025-08-10T22:32:08+00:00
6108,0.905,59.0,6986.0,2025-08-10T22:32:11+00:00
75511,0.975,170.92,56098.0,2025-08-10T22:32:12+00:00
6331,0.965,1.0,7526.0,2025-08-10T22:32:12+00:00
6334,0.97,1.0,7535.0,2025-08-10T22:32:12+00:00
6336,0.98,1.0,7543.0,2025-08-10T22:32:12+00:00
6338,0.98,1.0,7551.0,2025-08-10T22:32:12+00:00
6427,0.99,1.0,7610.0,2025-08-10T22:32:13+00:00
6529,0.99,1.0,7891.0,2025-08-10T22:32:13+00:00
6820,1.0,1.0,8614.0,2025-08-10T22:32:15+00:00
6882,0.93,1.1,8808.0,2025-08-10T22:32:15+00:00
6903,1.0,1.0,8886.0,2025-08-10T22:32:15+00:00
6971,0.82,1809.68,9064.0,2025-08-10T22:32:15+00:00
76929,0.99,1.0,56806.0,2025-08-10T22:32:19+00:00
8296,0.925,1.0,11080.0,2025-08-10T22:32:22+00:00
8312,0.95,1.0,11092.0,2025-08-10T22:32:22+00:00
8335,0.94,1.0,11131.0,2025-08-10T22:32:22+00:00
77682,0.985,1.0,57163.0,2025-08-10T22:32:23+00:00
87354,0.635,19.04,61646.0,2025-08-10T22:32:25+00:00
76609,1.0,7.52,56650.0,2025-08-10T22:32:26+00:00
77099,0.99,5.0,56887.0,2025-08-10T22:32:28+00:00
88258,0.975,6.62,62059.0,2025-08-10T22:32:29+00:00
88876,0.935,1.0,62330.0,2025-08-10T22:32:32+00:00
88897,0.96,1.1,62341.0,2025-08-10T22:32:33+00:00
6331,0.965,1.0,7526.0,2025-08-10T22:32:46+00:00
6336,0.98,1.0,7543.0,2025-08-10T22:32:46+00:00
6446,0.98,1.0,7672.0,2025-08-10T22:32:46+00:00
6641,0.945,1.0,8169.0,2025-08-10T22:32:47+00:00
6717,0.975,1.0,8408.0,2025-08-10T22:32:48+00:00
6774,0.985,1.0,8528.0,2025-08-10T22:32:48+00:00
8617,0.865,1.0,11635.0,2025-08-10T22:32:49+00:00
6971,0.82,1809.68,9064.0,2025-08-10T22:32:49+00:00
9035,1.0,1.0,12597.0,2025-08-10T22:32:51+00:00
9487,0.99,1.0,14073.0,2025-08-10T22:32:53+00:00
8615,0.975,1.0,11629.0,2025-08-10T22:32:57+00:00
8617,0.865,1.0,11635.0,2025-08-10T22:32:57+00:00
10484,0.605,3.79,17187.0,2025-08-10T22:32:57+00:00
10568,0.965,1.0,17520.0,2025-08-10T22:32:58+00:00
8842,0.995,0.0,12093.0,2025-08-10T22:32:59+00:00
8972,0.78,179.66,12393.0,2025-08-10T22:33:00+00:00
10204,0.8,11.39,15817.0,2025-08-10T22:33:06+00:00
10498,0.645,3.93,17230.0,2025-08-10T22:33:08+00:00
10630,0.99,766.36,17838.0,2025-08-10T22:33:08+00:00
10690,0.88,1218.89,18088.0,2025-08-10T22:33:08+00:00
79874,0.66,5.09,58217.0,2025-08-10T22:33:08+00:00
79883,0.965,270.0,58222.0,2025-08-10T22:33:09+00:00
10801,0.985,1.0,18399.0,2025-08-10T22:33:09+00:00
11880,0.995,1.0,20451.0,2025-08-10T22:33:15+00:00
79525,0.975,1.0,58060.0,2025-08-10T22:33:15+00:00
79835,0.99,1.75,58199.0,2025-08-10T22:33:16+00:00
80760,0.975,113.92,58642.0,2025-08-10T22:33:21+00:00
8842,0.995,0.0,12093.0,2025-08-10T22:33:34+00:00
8845,0.985,30.39,12095.0,2025-08-10T22:33:34+00:00
9035,1.0,1.0,12597.0,2025-08-10T22:33:35+00:00
10897,1.0,1.0,18690.0,2025-08-10T22:33:35+00:00
9252,0.955,1.0,13323.0,2025-08-10T22:33:36+00:00
9487,0.99,1.0,14073.0,2025-08-10T22:33:37+00:00
12070,0.995,1.0,20931.0,2025-08-10T22:33:41+00:00
12108,0.995,1.0,21046.0,2025-08-10T22:33:41+00:00
12369,0.96,1.0,21662.0,2025-08-10T22:33:42+00:00
10498,0.645,3.93,17230.0,2025-08-10T22:33:42+00:00
10630,0.99,766.36,17838.0,2025-08-10T22:33:43+00:00
10690,0.88,1218.89,18088.0,2025-08-10T22:33:43+00:00
10891,0.945,188.78,18675.0,2025-08-10T22:33:44+00:00
11710,1.0,1.0,20011.0,2025-08-10T22:33:49+00:00
11841,0.995,1.0,20332.0,2025-08-10T22:33:49+00:00
12108,0.995,1.0,21046.0,2025-08-10T22:33:51+00:00
14104,0.77,3.12,25095.0,2025-08-10T22:33:51+00:00
14197,0.885,99.99,25231.0,2025-08-10T22:33:51+00:00
12261,0.99,1.0,21419.0,2025-08-10T22:33:51+00:00
12369,0.96,1.0,21662.0,2025-08-10T22:33:52+00:00
14170,0.795,99.99,25198.0,2025-08-10T22:34:01+00:00
14197,0.885,99.99,25231.0,2025-08-10T22:34:01+00:00
14211,0.93,99.99,25254.0,2025-08-10T22:34:01+00:00
14338,0.665,3.76,25426.0,2025-08-10T22:34:02+00:00
14170,0.795,99.99,25198.0,2025-08-10T22:34:03+00:00
14211,0.93,99.99,25254.0,2025-08-10T22:34:03+00:00
14338,0.665,3.76,25426.0,2025-08-10T22:34:04+00:00
14920,0.275,1.0,26217.0,2025-08-10T22:34:06+00:00
15225,0.995,99.99,26585.0,2025-08-10T22:34:07+00:00
15204,0.965,99.99,26556.0,2025-08-10T22:34:08+00:00
15566,1.0,99.99,26961.0,2025-08-10T22:34:09+00:00
15566,1.0,99.99,26961.0,2025-08-10T22:34:09+00:00
94218,0.885,720.38,64785.0,2025-08-10T22:34:10+00:00
81609,0.95,1389.56,59011.0,2025-08-10T22:34:11+00:00
95534,0.635,31.91,65358.0,2025-08-10T22:34:16+00:00
83297,0.73,319.2,59777.0,2025-08-10T22:34:28+00:00
15166,0.96,99.99,26523.0,2025-08-10T22:34:32+00:00
15225,0.995,99.99,26585.0,2025-08-10T22:34:32+00:00
15539,1.0,99.99,26931.0,2025-08-10T22:34:34+00:00
15751,1.0,99.99,27187.0,2025-08-10T22:34:35+00:00
16863,0.86,730.86,28242.0,2025-08-10T22:34:41+00:00
17366,0.99,99.99,28658.0,2025-08-10T22:34:44+00:00
17407,0.97,99.99,28692.0,2025-08-10T22:34:44+00:00
15751,1.0,99.99,27187.0,2025-08-10T22:34:45+00:00
15810,0.955,99.99,27252.0,2025-08-10T22:34:46+00:00
15736,1.0,99.99,27163.0,2025-08-10T22:34:46+00:00
15781,0.99,99.99,27219.0,2025-08-10T22:34:46+00:00
15810,0.955,99.99,27252.0,2025-08-10T22:34:46+00:00
16863,0.86,730.86,28242.0,2025-08-10T22:34:51+00:00
16780,0.945,99.99,28143.0,2025-08-10T22:34:51+00:00
17317,0.985,99.99,28625.0,2025-08-10T22:34:53+00:00
17407,0.97,99.99,28692.0,2025-08-10T22:34:53+00:00
17317,0.985,99.99,28625.0,2025-08-10T22:34:54+00:00
18472,0.825,0.68,29531.0,2025-08-10T22:34:59+00:00
18773,0.97,0.68,29753.0,2025-08-10T22:35:00+00:00
18773,0.97,0.68,29753.0,2025-08-10T22:35:00+00:00
18809,0.87,30.3,29785.0,2025-08-10T22:35:00+00:00
99506,0.955,489.71,67150.0,2025-08-10T22:35:11+00:00
88307,0.955,180.0,62080.0,2025-08-10T22:35:28+00:00
89190,0.915,1402.16,62467.0,2025-08-10T22:35:32+00:00
20198,0.75,104.81,30852.0,2025-08-10T22:35:42+00:00
102445,1.0,1.0,68207.0,2025-08-10T22:36:00+00:00
102446,1.0,1.0,68207.0,2025-08-10T22:36:00+00:00
91671,0.645,290.18,63578.0,2025-08-10T22:36:19+00:00
92777,0.97,294.9,64093.0,2025-08-10T22:36:24+00:00
541,0.8,0.0,406.0,2025-08-10T22:36:29+00:00
23308,0.97,0.0,32686.0,2025-08-10T22:36:31+00:00
93424,0.965,1.0,64412.0,2025-08-10T22:36:54+00:00
93486,0.745,0.0,64443.0,2025-08-10T22:36:54+00:00
93788,0.72,0.0,64585.0,2025-08-10T22:36:55+00:00
106998,0.985,3.79,70229.0,2025-08-10T22:36:57+00:00
107067,0.96,318.11,70270.0,2025-08-10T22:36:57+00:00
107637,0.915,824.83,70536.0,2025-08-10T22:37:00+00:00
108708,0.955,426.4,71033.0,2025-08-10T22:37:05+00:00
6334,0.97,1.0,7535.0,2025-08-10T22:37:31+00:00
6336,0.98,1.0,7543.0,2025-08-10T22:37:31+00:00
6641,0.945,1.0,8169.0,2025-08-10T22:37:32+00:00
6717,0.975,1.0,8408.0,2025-08-10T22:37:32+00:00
6734,0.985,1.0,8451.0,2025-08-10T22:37:33+00:00
6882,0.93,1.1,8808.0,2025-08-10T22:37:33+00:00
27749,0.97,19.02,34687.0,2025-08-10T22:37:34+00:00
95597,0.905,1354.25,65385.0,2025-08-10T22:37:39+00:00
96341,0.59,98.01,65728.0,2025-08-10T22:37:43+00:00
27627,0.985,18.96,34634.0,2025-08-10T22:37:43+00:00
27738,0.955,125.3,34684.0,2025-08-10T22:37:43+00:00
96789,0.855,101.5,65936.0,2025-08-10T22:37:45+00:00
96994,0.995,7.53,66037.0,2025-08-10T22:37:45+00:00
28976,0.275,2.69,35261.0,2025-08-10T22:37:49+00:00
29687,0.645,0.76,35585.0,2025-08-10T22:37:53+00:00
30100,0.98,60.6,35771.0,2025-08-10T22:37:55+00:00
112840,0.685,45.03,72824.0,2025-08-10T22:38:01+00:00
114271,0.935,16.48,73408.0,2025-08-10T22:38:08+00:00
100623,0.64,549.06,67571.0,2025-08-10T22:38:13+00:00
8335,0.94,1.0,11131.0,2025-08-10T22:38:16+00:00
8615,0.975,1.0,11629.0,2025-08-10T22:38:18+00:00
8842,0.995,0.0,12093.0,2025-08-10T22:38:19+00:00
8845,0.985,30.39,12095.0,2025-08-10T22:38:19+00:00
30314,0.98,7.61,35866.0,2025-08-10T22:38:23+00:00
30473,0.975,14.46,35942.0,2025-08-10T22:38:23+00:00
10204,0.8,11.39,15817.0,2025-08-10T22:38:26+00:00
10897,1.0,1.0,18690.0,2025-08-10T22:38:29+00:00
30398,0.95,9.13,35906.0,2025-08-10T22:38:32+00:00
30496,0.975,111.7,35953.0,2025-08-10T22:38:33+00:00
33276,0.795,12.31,37167.0,2025-08-10T22:38:46+00:00
101509,0.68,320.0,67857.0,2025-08-10T22:38:55+00:00
116404,0.88,311.28,74262.0,2025-08-10T22:38:57+00:00
102442,1.0,1.0,68207.0,2025-08-10T22:39:01+00:00
102443,1.0,1.0,68207.0,2025-08-10T22:39:01+00:00
102782,0.62,19.59,68357.0,2025-08-10T22:39:02+00:00
11343,0.995,1.0,19762.0,2025-08-10T22:39:10+00:00
11841,0.995,1.0,20332.0,2025-08-10T22:39:13+00:00
12070,0.995,1.0,20931.0,2025-08-10T22:39:14+00:00
14170,0.795,99.99,25198.0,2025-08-10T22:39:24+00:00
14920,0.275,1.0,26217.0,2025-08-10T22:39:28+00:00
15204,0.965,99.99,26556.0,2025-08-10T22:39:30+00:00
15566,1.0,99.99,26961.0,2025-08-10T22:39:31+00:00
15736,1.0,99.99,27163.0,2025-08-10T22:39:32+00:00
16110,0.31,1.0,27524.0,2025-08-10T22:39:34+00:00
16415,0.975,23.36,27784.0,2025-08-10T22:39:35+00:00
16863,0.86,730.86,28242.0,2025-08-10T22:39:38+00:00
17317,0.985,99.99,28625.0,2025-08-10T22:39:41+00:00
17407,0.97,99.99,28692.0,2025-08-10T22:39:41+00:00
102441,1.0,1.0,68207.0,2025-08-10T22:39:46+00:00
102444,1.0,1.0,68207.0,2025-08-10T22:39:46+00:00
119714,0.59,29.95,75556.0,2025-08-10T22:39:49+00:00
119781,0.91,124.53,75581.0,2025-08-10T22:39:50+00:00
120837,0.99,99.9,75978.0,2025-08-10T22:39:55+00:00
105178,0.785,1.0,69394.0,2025-08-10T22:40:08+00:00
18472,0.825,0.68,29531.0,2025-08-10T22:40:22+00:00
18809,0.87,30.3,29785.0,2025-08-10T22:40:23+00:00
20198,0.75,104.81,30852.0,2025-08-10T22:40:30+00:00
40085,0.755,1.0,40086.0,2025-08-10T22:40:34+00:00
40525,0.855,1.0,40276.0,2025-08-10T22:40:36+00:00
123141,0.955,254.76,76826.0,2025-08-10T22:40:40+00:00
106679,0.955,227.3,70071.0,2025-08-10T22:40:42+00:00
124036,0.6,129.0,77154.0,2025-08-10T22:40:45+00:00
124087,0.875,1.0,77171.0,2025-08-10T22:40:45+00:00
124176,0.695,1.0,77202.0,2025-08-10T22:40:46+00:00
108258,0.655,0.76,70828.0,2025-08-10T22:40:57+00:00
42007,0.985,0.76,40918.0,2025-08-10T22:41:10+00:00
42473,0.995,3.79,41116.0,2025-08-10T22:41:20+00:00
42549,0.98,88.23,41147.0,2025-08-10T22:41:20+00:00
42609,0.995,83.38,41170.0,2025-08-10T22:41:21+00:00
42674,0.99,1.52,41194.0,2025-08-10T22:41:21+00:00
42756,0.99,0.0,41233.0,2025-08-10T22:41:21+00:00
42945,1.0,0.76,41308.0,2025-08-10T22:41:22+00:00
42958,0.955,9.99,41313.0,2025-08-10T22:41:22+00:00
43061,0.975,34.12,41353.0,2025-08-10T22:41:23+00:00
44091,0.775,99.99,41791.0,2025-08-10T22:41:28+00:00
44270,1.0,1.0,41870.0,2025-08-10T22:41:29+00:00
111690,0.955,238.9,72327.0,2025-08-10T22:41:47+00:00
42528,0.965,340.11,41138.0,2025-08-10T22:41:47+00:00
42590,0.945,5.3,41164.0,2025-08-10T22:41:47+00:00
42696,1.0,88.23,41203.0,2025-08-10T22:41:48+00:00
42700,0.99,30.26,41204.0,2025-08-10T22:41:48+00:00
42741,0.955,459.07,41227.0,2025-08-10T22:41:48+00:00
42769,1.0,118.3,41237.0,2025-08-10T22:41:48+00:00
42856,0.965,173.07,41273.0,2025-08-10T22:41:48+00:00
42936,0.995,59.68,41305.0,2025-08-10T22:41:49+00:00
43428,0.96,364.19,41505.0,2025-08-10T22:41:51+00:00
43681,1.0,53.95,41607.0,2025-08-10T22:41:52+00:00
43773,0.98,172.32,41646.0,2025-08-10T22:41:53+00:00
44001,0.915,802.52,41743.0,2025-08-10T22:41:54+00:00
44223,0.995,139.9,41851.0,2025-08-10T22:41:55+00:00
44556,0.975,1.0,41991.0,2025-08-10T22:41:57+00:00
46909,0.965,1.0,42985.0,2025-08-10T22:42:16+00:00
46998,0.925,204.27,43028.0,2025-08-10T22:42:16+00:00
116139,0.93,76.94,74159.0,2025-08-10T22:42:37+00:00
135718,0.9,7.57,81372.0,2025-08-10T22:42:50+00:00
117974,0.315,12.01,74895.0,2025-08-10T22:42:52+00:00
4920,0.72,239.93,4462.0,2025-08-10T22:43:05+00:00
48094,0.785,24.9,43494.0,2025-08-10T22:43:13+00:00
118308,0.61,30.14,75033.0,2025-08-10T22:43:22+00:00
120085,0.34,109.9,75706.0,2025-08-10T22:43:36+00:00
6329,0.77,1.0,7519.0,2025-08-10T22:43:46+00:00
6334,0.97,1.0,7535.0,2025-08-10T22:43:46+00:00
6338,0.98,1.0,7551.0,2025-08-10T22:43:46+00:00
6609,0.965,1.0,8090.0,2025-08-10T22:43:47+00:00
6641,0.945,1.0,8169.0,2025-08-10T22:43:47+00:00
6820,1.0,1.0,8614.0,2025-08-10T22:43:48+00:00
6882,0.93,1.1,8808.0,2025-08-10T22:43:48+00:00
6899,1.0,1.0,8878.0,2025-08-10T22:43:48+00:00
6971,0.82,1809.68,9064.0,2025-08-10T22:43:49+00:00
50211,0.98,1.0,44393.0,2025-08-10T22:43:49+00:00
8312,0.95,1.0,11092.0,2025-08-10T22:43:55+00:00
8615,0.975,1.0,11629.0,2025-08-10T22:43:57+00:00
8617,0.865,1.0,11635.0,2025-08-10T22:43:57+00:00
8842,0.995,0.0,12093.0,2025-08-10T22:43:58+00:00
9035,1.0,1.0,12597.0,2025-08-10T22:43:59+00:00
9179,0.985,1.0,13126.0,2025-08-10T22:43:59+00:00
9487,0.99,1.0,14073.0,2025-08-10T22:44:01+00:00
120505,0.98,99.85,75851.0,2025-08-10T22:44:07+00:00
52521,0.61,105.99,45501.0,2025-08-10T22:44:08+00:00
122479,0.975,219.8,76575.0,2025-08-10T22:44:17+00:00
123238,0.87,1.0,76857.0,2025-08-10T22:44:25+00:00
141260,0.985,512.25,84204.0,2025-08-10T22:44:25+00:00
124115,0.89,1.0,77182.0,2025-08-10T22:44:29+00:00
142557,0.615,354.33,84789.0,2025-08-10T22:44:32+00:00
125342,0.97,106.9,77627.0,2025-08-10T22:44:35+00:00
143334,1.0,0.0,85285.0,2025-08-10T22:44:36+00:00
143335,0.99,252.92,85285.0,2025-08-10T22:44:36+00:00
10484,0.605,3.79,17187.0,2025-08-10T22:44:41+00:00
10497,0.645,3.79,17220.0,2025-08-10T22:44:41+00:00
53794,0.99,1.0,46149.0,2025-08-10T22:44:41+00:00
10630,0.99,766.36,17838.0,2025-08-10T22:44:41+00:00
10801,0.985,1.0,18399.0,2025-08-10T22:44:42+00:00
11841,0.995,1.0,20332.0,2025-08-10T22:44:47+00:00
55401,0.64,1.0,46925.0,2025-08-10T22:44:49+00:00
14211,0.93,99.99,25254.0,2025-08-10T22:44:59+00:00
15166,0.96,99.99,26523.0,2025-08-10T22:45:03+00:00
15225,0.995,99.99,26585.0,2025-08-10T22:45:04+00:00
15451,0.995,99.99,26833.0,2025-08-10T22:45:05+00:00
16110,0.31,1.0,27524.0,2025-08-10T22:45:08+00:00
58422,0.64,208.58,48380.0,2025-08-10T22:45:11+00:00
123201,0.885,1.0,76845.0,2025-08-10T22:45:12+00:00
123270,0.825,1.0,76867.0,2025-08-10T22:45:12+00:00
123301,0.725,1.0,76876.0,2025-08-10T22:45:13+00:00
144754,0.605,323.77,86376.0,2025-08-10T22:45:17+00:00
541,0.8,0.0,406.0,2025-08-10T22:45:24+00:00
58761,0.665,1.0,48533.0,2025-08-10T22:45:39+00:00
128479,0.81,60.0,78725.0,2025-08-10T22:45:42+00:00
16851,0.24,1.0,28233.0,2025-08-10T22:45:45+00:00
17366,0.99,99.99,28658.0,2025-08-10T22:45:47+00:00
18466,0.78,0.68,29526.0,2025-08-10T22:45:52+00:00
18773,0.97,0.68,29753.0,2025-08-10T22:45:54+00:00
18809,0.87,30.3,29785.0,2025-08-10T22:45:54+00:00
61787,0.925,360.0,49985.0,2025-08-10T22:46:02+00:00
61966,0.265,1.0,50067.0,2025-08-10T22:46:31+00:00
63421,0.94,99.99,50706.0,2025-08-10T22:46:48+00:00
131272,0.65,0.2,79540.0,2025-08-10T22:47:03+00:00
6331,0.965,1.0,7526.0,2025-08-10T22:47:04+00:00
6336,0.98,1.0,7543.0,2025-08-10T22:47:04+00:00
6446,0.98,1.0,7672.0,2025-08-10T22:47:04+00:00
6641,0.945,1.0,8169.0,2025-08-10T22:47:05+00:00
6717,0.975,1.0,8408.0,2025-08-10T22:47:06+00:00
6774,0.985,1.0,8528.0,2025-08-10T22:47:06+00:00
6971,0.82,1809.68,9064.0,2025-08-10T22:47:07+00:00
8615,0.975,1.0,11629.0,2025-08-10T22:47:15+00:00
8617,0.865,1.0,11635.0,2025-08-10T22:47:15+00:00
64329,0.99,99.99,51112.0,2025-08-10T22:47:19+00:00
68320,0.635,0.76,52934.0,2025-08-10T22:47:47+00:00
27362,0.675,1.52,34521.0,2025-08-10T22:47:48+00:00
8842,0.995,0.0,12093.0,2025-08-10T22:47:51+00:00
8845,0.985,30.39,12095.0,2025-08-10T22:47:51+00:00
9035,1.0,1.0,12597.0,2025-08-10T22:47:52+00:00
9252,0.955,1.0,13323.0,2025-08-10T22:47:53+00:00
9487,0.99,1.0,14073.0,2025-08-10T22:47:54+00:00
10498,0.645,3.93,17230.0,2025-08-10T22:48:00+00:00
10630,0.99,766.36,17838.0,2025-08-10T22:48:00+00:00
10690,0.88,1218.89,18088.0,2025-08-10T22:48:01+00:00
10891,0.945,188.78,18675.0,2025-08-10T22:48:02+00:00
11710,1.0,1.0,20011.0,2025-08-10T22:48:06+00:00
11841,0.995,1.0,20332.0,2025-08-10T22:48:06+00:00
12108,0.995,1.0,21046.0,2025-08-10T22:48:08+00:00
12261,0.99,1.0,21419.0,2025-08-10T22:48:08+00:00
12369,0.96,1.0,21662.0,2025-08-10T22:48:09+00:00
137705,0.84,1.0,82289.0,2025-08-10T22:48:15+00:00
14170,0.795,99.99,25198.0,2025-08-10T22:48:18+00:00
14197,0.885,99.99,25231.0,2025-08-10T22:48:18+00:00
14211,0.93,99.99,25254.0,2025-08-10T22:48:18+00:00
14338,0.665,3.76,25426.0,2025-08-10T22:48:19+00:00
15225,0.995,99.99,26585.0,2025-08-10T22:48:23+00:00
27627,0.985,18.96,34634.0,2025-08-10T22:48:25+00:00
15566,1.0,99.99,26961.0,2025-08-10T22:48:25+00:00
68522,0.965,0.76,53031.0,2025-08-10T22:48:33+00:00
68633,0.645,1.18,53076.0,2025-08-10T22:48:33+00:00
29687,0.645,0.76,35585.0,2025-08-10T22:48:36+00:00
30314,0.98,7.61,35866.0,2025-08-10T22:48:40+00:00
30398,0.95,9.13,35906.0,2025-08-10T22:48:40+00:00
30473,0.975,14.46,35942.0,2025-08-10T22:48:40+00:00
30496,0.975,111.7,35953.0,2025-08-10T22:48:40+00:00
70141,0.925,112.45,53727.0,2025-08-10T22:48:41+00:00
69498,0.975,8.0,53451.0,2025-08-10T22:48:46+00:00
70589,0.765,261.87,53937.0,2025-08-10T22:48:52+00:00
15751,1.0,99.99,27187.0,2025-08-10T22:49:02+00:00
15810,0.955,99.99,27252.0,2025-08-10T22:49:02+00:00
16863,0.86,730.86,28242.0,2025-08-10T22:49:08+00:00
141257,0.99,0.0,84204.0,2025-08-10T22:49:09+00:00
17317,0.985,99.99,28625.0,2025-08-10T22:49:10+00:00
17407,0.97,99.99,28692.0,2025-08-10T22:49:11+00:00
18773,0.97,0.68,29753.0,2025-08-10T22:49:17+00:00
143188,0.92,2.0,85181.0,2025-08-10T22:49:18+00:00
31002,0.99,111.7,36170.0,2025-08-10T22:49:19+00:00
33276,0.795,12.31,37167.0,2025-08-10T22:49:30+00:00
140786,0.965,1.0,83934.0,2025-08-10T22:49:36+00:00
141258,0.99,0.0,84204.0,2025-08-10T22:49:38+00:00
141259,0.985,512.25,84204.0,2025-08-10T22:49:38+00:00
73784,0.955,1.0,55279.0,2025-08-10T22:49:43+00:00
142405,0.95,12.31,84694.0,2025-08-10T22:49:43+00:00
143333,1.0,0.0,85285.0,2025-08-10T22:49:48+00:00
143336,0.99,252.92,85285.0,2025-08-10T22:49:48+00:00
143728,0.97,1.0,85573.0,2025-08-10T22:49:50+00:00
144104,0.99,1.0,85864.0,2025-08-10T22:49:52+00:00
143731,0.99,240.77,85576.0,2025-08-10T22:49:54+00:00
144108,0.98,310.42,85867.0,2025-08-10T22:49:56+00:00
20198,0.75,104.81,30852.0,2025-08-10T22:49:59+00:00
74507,0.995,130.44,55618.0,2025-08-10T22:50:13+00:00
74794,0.58,311.91,55760.0,2025-08-10T22:50:14+00:00
75511,0.975,170.92,56098.0,2025-08-10T22:50:17+00:00
76929,0.99,1.0,56806.0,2025-08-10T22:50:24+00:00
77682,0.985,1.0,57163.0,2025-08-10T22:50:28+00:00
76609,1.0,7.52,56650.0,2025-08-10T22:50:32+00:00
39183,0.675,776.83,39729.0,2025-08-10T22:50:33+00:00
77099,0.99,5.0,56887.0,2025-08-10T22:50:34+00:00
541,0.8,0.0,406.0,2025-08-10T22:50:46+00:00
623,0.6,529.0,472.0,2025-08-10T22:50:54+00:00
79874,0.66,5.09,58217.0,2025-08-10T22:51:14+00:00
79883,0.965,270.0,58222.0,2025-08-10T22:51:14+00:00
79525,0.975,1.0,58060.0,2025-08-10T22:51:21+00:00
541,0.8,0.0,406.0,2025-08-10T22:51:21+00:00
79835,0.99,1.75,58199.0,2025-08-10T22:51:22+00:00
80760,0.975,113.92,58642.0,2025-08-10T22:51:27+00:00
6334,0.97,1.0,7535.0,2025-08-10T22:51:49+00:00
6336,0.98,1.0,7543.0,2025-08-10T22:51:49+00:00
6641,0.945,1.0,8169.0,2025-08-10T22:51:51+00:00
6717,0.975,1.0,8408.0,2025-08-10T22:51:51+00:00
6734,0.985,1.0,8451.0,2025-08-10T22:51:51+00:00
6882,0.93,1.1,8808.0,2025-08-10T22:51:52+00:00
4920,0.72,239.93,4462.0,2025-08-10T22:51:56+00:00
81609,0.95,1389.56,59011.0,2025-08-10T22:51:58+00:00
6108,0.905,59.0,6986.0,2025-08-10T22:52:02+00:00
6427,0.99,1.0,7610.0,2025-08-10T22:52:03+00:00
6529,0.99,1.0,7891.0,2025-08-10T22:52:04+00:00
6820,1.0,1.0,8614.0,2025-08-10T22:52:06+00:00
83297,0.73,319.2,59777.0,2025-08-10T22:52:15+00:00
4920,0.72,239.93,4462.0,2025-08-10T22:52:18+00:00
6108,0.905,59.0,6986.0,2025-08-10T22:52:24+00:00
6329,0.77,1.0,7519.0,2025-08-10T22:52:26+00:00
6331,0.965,1.0,7526.0,2025-08-10T22:52:26+00:00
6334,0.97,1.0,7535.0,2025-08-10T22:52:26+00:00
6427,0.99,1.0,7610.0,2025-08-10T22:52:26+00:00
6870,1.0,1.0,8757.0,2025-08-10T22:52:29+00:00
6329,0.77,1.0,7519.0,2025-08-10T22:52:34+00:00
6334,0.97,1.0,7535.0,2025-08-10T22:52:34+00:00
6338,0.98,1.0,7551.0,2025-08-10T22:52:34+00:00
6472,0.945,1.0,7740.0,2025-08-10T22:52:34+00:00
8335,0.94,1.0,11131.0,2025-08-10T22:52:35+00:00
6609,0.965,1.0,8090.0,2025-08-10T22:52:35+00:00
6719,0.97,1.0,8415.0,2025-08-10T22:52:36+00:00
6734,0.985,1.0,8451.0,2025-08-10T22:52:36+00:00
8615,0.975,1.0,11629.0,2025-08-10T22:52:36+00:00
6870,1.0,1.0,8757.0,2025-08-10T22:52:36+00:00
6882,0.93,1.1,8808.0,2025-08-10T22:52:36+00:00
6899,1.0,1.0,8878.0,2025-08-10T22:52:36+00:00
6903,1.0,1.0,8886.0,2025-08-10T22:52:36+00:00
8842,0.995,0.0,12093.0,2025-08-10T22:52:37+00:00
8845,0.985,30.39,12095.0,2025-08-10T22:52:37+00:00
8335,0.94,1.0,11131.0,2025-08-10T22:52:43+00:00
10204,0.8,11.39,15817.0,2025-08-10T22:52:44+00:00
8972,0.78,179.66,12393.0,2025-08-10T22:52:46+00:00
10897,1.0,1.0,18690.0,2025-08-10T22:52:48+00:00
8296,0.925,1.0,11080.0,2025-08-10T22:52:49+00:00
8312,0.95,1.0,11092.0,2025-08-10T22:52:49+00:00
9179,0.985,1.0,13126.0,2025-08-10T22:52:54+00:00
9509,0.995,1.0,14152.0,2025-08-10T22:52:55+00:00
10204,0.8,11.39,15817.0,2025-08-10T22:52:58+00:00
10484,0.605,3.79,17187.0,2025-08-10T22:53:00+00:00
10897,1.0,1.0,18690.0,2025-08-10T22:53:02+00:00
8615,0.975,1.0,11629.0,2025-08-10T22:53:12+00:00
8845,0.985,30.39,12095.0,2025-08-10T22:53:13+00:00
8972,0.78,179.66,12393.0,2025-08-10T22:53:14+00:00
88307,0.955,180.0,62080.0,2025-08-10T22:53:15+00:00
89190,0.915,1402.16,62467.0,2025-08-10T22:53:20+00:00
10497,0.645,3.79,17220.0,2025-08-10T22:53:22+00:00
10498,0.645,3.93,17230.0,2025-08-10T22:53:22+00:00
10568,0.965,1.0,17520.0,2025-08-10T22:53:22+00:00
11343,0.995,1.0,19762.0,2025-08-10T22:53:25+00:00
11841,0.995,1.0,20332.0,2025-08-10T22:53:27+00:00
12070,0.995,1.0,20931.0,2025-08-10T22:53:28+00:00
10497,0.645,3.79,17220.0,2025-08-10T22:53:29+00:00
10568,0.965,1.0,17520.0,2025-08-10T22:53:30+00:00
10801,0.985,1.0,18399.0,2025-08-10T22:53:31+00:00
11343,0.995,1.0,19762.0,2025-08-10T22:53:33+00:00
14170,0.795,99.99,25198.0,2025-08-10T22:53:39+00:00
11880,0.995,1.0,20451.0,2025-08-10T22:53:42+00:00
12070,0.995,1.0,20931.0,2025-08-10T22:53:42+00:00
14920,0.275,1.0,26217.0,2025-08-10T22:53:43+00:00
15204,0.965,99.99,26556.0,2025-08-10T22:53:44+00:00
15566,1.0,99.99,26961.0,2025-08-10T22:53:46+00:00
15736,1.0,99.99,27163.0,2025-08-10T22:53:47+00:00
16110,0.31,1.0,27524.0,2025-08-10T22:53:48+00:00
16415,0.975,23.36,27784.0,2025-08-10T22:53:50+00:00
16863,0.86,730.86,28242.0,2025-08-10T22:53:52+00:00
14104,0.77,3.12,25095.0,2025-08-10T22:53:53+00:00
17317,0.985,99.99,28625.0,2025-08-10T22:53:54+00:00
17407,0.97,99.99,28692.0,2025-08-10T22:53:55+00:00
10897,1.0,1.0,18690.0,2025-08-10T22:53:58+00:00
11710,1.0,1.0,20011.0,2025-08-10T22:54:02+00:00
12108,0.995,1.0,21046.0,2025-08-10T22:54:04+00:00
12261,0.99,1.0,21419.0,2025-08-10T22:54:05+00:00
12369,0.96,1.0,21662.0,2025-08-10T22:54:05+00:00
91671,0.645,290.18,63578.0,2025-08-10T22:54:24+00:00
14920,0.275,1.0,26217.0,2025-08-10T22:54:25+00:00
15166,0.96,99.99,26523.0,2025-08-10T22:54:26+00:00
15204,0.965,99.99,26556.0,2025-08-10T22:54:26+00:00
15476,1.0,99.99,26863.0,2025-08-10T22:54:28+00:00
15506,1.0,99.99,26899.0,2025-08-10T22:54:28+00:00
15539,1.0,99.99,26931.0,2025-08-10T22:54:28+00:00
92777,0.97,294.9,64093.0,2025-08-10T22:54:30+00:00
16415,0.975,23.36,27784.0,2025-08-10T22:54:32+00:00
15451,0.995,99.99,26833.0,2025-08-10T22:54:34+00:00
18472,0.825,0.68,29531.0,2025-08-10T22:54:35+00:00
15736,1.0,99.99,27163.0,2025-08-10T22:54:36+00:00
15781,0.99,99.99,27219.0,2025-08-10T22:54:36+00:00
18809,0.87,30.3,29785.0,2025-08-10T22:54:36+00:00
16110,0.31,1.0,27524.0,2025-08-10T22:54:37+00:00
20198,0.75,104.81,30852.0,2025-08-10T22:54:45+00:00
17480,0.84,99.99,28755.0,2025-08-10T22:54:45+00:00
18472,0.825,0.68,29531.0,2025-08-10T22:54:50+00:00
15506,1.0,99.99,26899.0,2025-08-10T22:54:57+00:00
15736,1.0,99.99,27163.0,2025-08-10T22:54:58+00:00
93424,0.965,1.0,64412.0,2025-08-10T22:55:01+00:00
93486,0.745,0.0,64443.0,2025-08-10T22:55:01+00:00
16415,0.975,23.36,27784.0,2025-08-10T22:55:01+00:00
93788,0.72,0.0,64585.0,2025-08-10T22:55:02+00:00
17366,0.99,99.99,28658.0,2025-08-10T22:55:06+00:00
17480,0.84,99.99,28755.0,2025-08-10T22:55:06+00:00
16780,0.945,99.99,28143.0,2025-08-10T22:55:13+00:00
16851,0.24,1.0,28233.0,2025-08-10T22:55:13+00:00
17366,0.99,99.99,28658.0,2025-08-10T22:55:16+00:00
17453,0.945,99.99,28726.0,2025-08-10T22:55:17+00:00
18466,0.78,0.68,29526.0,2025-08-10T22:55:22+00:00
18809,0.87,30.3,29785.0,2025-08-10T22:55:24+00:00
18466,0.78,0.68,29526.0,2025-08-10T22:55:55+00:00
18472,0.825,0.68,29531.0,2025-08-10T22:55:55+00:00
95597,0.905,1354.25,65385.0,2025-08-10T22:55:56+00:00
18809,0.87,30.3,29785.0,2025-08-10T22:55:57+00:00
96341,0.59,98.01,65728.0,2025-08-10T22:56:00+00:00
96789,0.855,101.5,65936.0,2025-08-10T22:56:02+00:00
96994,0.995,7.53,66037.0,2025-08-10T22:56:03+00:00
623,0.6,529.0,472.0,2025-08-10T22:56:27+00:00
100623,0.64,549.06,67571.0,2025-08-10T22:56:31+00:00
101509,0.68,320.0,67857.0,2025-08-10T22:57:11+00:00
102442,1.0,1.0,68207.0,2025-08-10T22:57:15+00:00
102443,1.0,1.0,68207.0,2025-08-10T22:57:15+00:00
102782,0.62,19.59,68357.0,2025-08-10T22:57:17+00:00
4920,0.72,239.93,4462.0,2025-08-10T22:57:23+00:00
6108,0.905,59.0,6986.0,2025-08-10T22:57:35+00:00
4920,0.72,239.93,4462.0,2025-08-10T22:57:35+00:00
6331,0.965,1.0,7526.0,2025-08-10T22:57:36+00:00
6472,0.945,1.0,7740.0,2025-08-10T22:57:37+00:00
6774,0.985,1.0,8528.0,2025-08-10T22:57:38+00:00
6971,0.82,1809.68,9064.0,2025-08-10T22:57:39+00:00
102441,1.0,1.0,68207.0,2025-08-10T22:57:43+00:00
102444,1.0,1.0,68207.0,2025-08-10T22:57:43+00:00
6329,0.77,1.0,7519.0,2025-08-10T22:57:52+00:00
6331,0.965,1.0,7526.0,2025-08-10T22:57:52+00:00
6338,0.98,1.0,7551.0,2025-08-10T22:57:52+00:00
6446,0.98,1.0,7672.0,2025-08-10T22:57:53+00:00
6609,0.965,1.0,8090.0,2025-08-10T22:57:53+00:00
6641,0.945,1.0,8169.0,2025-08-10T22:57:54+00:00
6774,0.985,1.0,8528.0,2025-08-10T22:57:54+00:00
6882,0.93,1.1,8808.0,2025-08-10T22:57:55+00:00
6903,1.0,1.0,8886.0,2025-08-10T22:57:55+00:00
6971,0.82,1809.68,9064.0,2025-08-10T22:57:55+00:00
105178,0.785,1.0,69394.0,2025-08-10T22:58:05+00:00
6329,0.77,1.0,7519.0,2025-08-10T22:58:05+00:00
6338,0.98,1.0,7551.0,2025-08-10T22:58:05+00:00
6427,0.99,1.0,7610.0,2025-08-10T22:58:06+00:00
6446,0.98,1.0,7672.0,2025-08-10T22:58:06+00:00
6529,0.99,1.0,7891.0,2025-08-10T22:58:06+00:00
6609,0.965,1.0,8090.0,2025-08-10T22:58:07+00:00
6719,0.97,1.0,8415.0,2025-08-10T22:58:07+00:00
6820,1.0,1.0,8614.0,2025-08-10T22:58:08+00:00
6870,1.0,1.0,8757.0,2025-08-10T22:58:08+00:00
6899,1.0,1.0,8878.0,2025-08-10T22:58:08+00:00
6903,1.0,1.0,8886.0,2025-08-10T22:58:08+00:00
8296,0.925,1.0,11080.0,2025-08-10T22:58:16+00:00
6329,0.77,1.0,7519.0,2025-08-10T22:58:18+00:00
6334,0.97,1.0,7535.0,2025-08-10T22:58:18+00:00
6338,0.98,1.0,7551.0,2025-08-10T22:58:18+00:00
6609,0.965,1.0,8090.0,2025-08-10T22:58:19+00:00
6641,0.945,1.0,8169.0,2025-08-10T22:58:19+00:00
6820,1.0,1.0,8614.0,2025-08-10T22:58:20+00:00
6882,0.93,1.1,8808.0,2025-08-10T22:58:20+00:00
6899,1.0,1.0,8878.0,2025-08-10T22:58:20+00:00
6971,0.82,1809.68,9064.0,2025-08-10T22:58:21+00:00
8312,0.95,1.0,11092.0,2025-08-10T22:58:21+00:00
9035,1.0,1.0,12597.0,2025-08-10T22:58:26+00:00
9179,0.985,1.0,13126.0,2025-08-10T22:58:26+00:00
9252,0.955,1.0,13323.0,2025-08-10T22:58:27+00:00
8312,0.95,1.0,11092.0,2025-08-10T22:58:28+00:00
8615,0.975,1.0,11629.0,2025-08-10T22:58:30+00:00
8617,0.865,1.0,11635.0,2025-08-10T22:58:30+00:00
8842,0.995,0.0,12093.0,2025-08-10T22:58:31+00:00
9035,1.0,1.0,12597.0,2025-08-10T22:58:32+00:00
9179,0.985,1.0,13126.0,2025-08-10T22:58:32+00:00
10484,0.605,3.79,17187.0,2025-08-10T22:58:33+00:00
10497,0.645,3.79,17220.0,2025-08-10T22:58:33+00:00
10498,0.645,3.93,17230.0,2025-08-10T22:58:33+00:00
10568,0.965,1.0,17520.0,2025-08-10T22:58:33+00:00
9487,0.99,1.0,14073.0,2025-08-10T22:58:34+00:00
10801,0.985,1.0,18399.0,2025-08-10T22:58:34+00:00
10891,0.945,188.78,18675.0,2025-08-10T22:58:35+00:00
8312,0.95,1.0,11092.0,2025-08-10T22:58:39+00:00
106679,0.955,227.3,70071.0,2025-08-10T22:58:40+00:00
9179,0.985,1.0,13126.0,2025-08-10T22:58:43+00:00
9509,0.995,1.0,14152.0,2025-08-10T22:58:45+00:00
10204,0.8,11.39,15817.0,2025-08-10T22:58:48+00:00
10484,0.605,3.79,17187.0,2025-08-10T22:58:49+00:00
10801,0.985,1.0,18399.0,2025-08-10T22:58:51+00:00
8617,0.865,1.0,11635.0,2025-08-10T22:58:53+00:00
8972,0.78,179.66,12393.0,2025-08-10T22:58:55+00:00
108258,0.655,0.76,70828.0,2025-08-10T22:58:56+00:00
9487,0.99,1.0,14073.0,2025-08-10T22:58:57+00:00
9509,0.995,1.0,14152.0,2025-08-10T22:58:57+00:00
10630,0.99,766.36,17838.0,2025-08-10T22:59:03+00:00
10690,0.88,1218.89,18088.0,2025-08-10T22:59:03+00:00
11710,1.0,1.0,20011.0,2025-08-10T22:59:14+00:00
10484,0.605,3.79,17187.0,2025-08-10T22:59:14+00:00
10497,0.645,3.79,17220.0,2025-08-10T22:59:14+00:00
10630,0.99,766.36,17838.0,2025-08-10T22:59:15+00:00
11880,0.995,1.0,20451.0,2025-08-10T22:59:15+00:00
10801,0.985,1.0,18399.0,2025-08-10T22:59:15+00:00
12108,0.995,1.0,21046.0,2025-08-10T22:59:16+00:00
12261,0.99,1.0,21419.0,2025-08-10T22:59:16+00:00
11841,0.995,1.0,20332.0,2025-08-10T22:59:21+00:00
14197,0.885,99.99,25231.0,2025-08-10T22:59:26+00:00
11841,0.995,1.0,20332.0,2025-08-10T22:59:30+00:00
11880,0.995,1.0,20451.0,2025-08-10T22:59:30+00:00
12261,0.99,1.0,21419.0,2025-08-10T22:59:32+00:00
14104,0.77,3.12,25095.0,2025-08-10T22:59:41+00:00
14211,0.93,99.99,25254.0,2025-08-10T22:59:41+00:00
111690,0.955,238.9,72327.0,2025-08-10T22:59:45+00:00
12369,0.96,1.0,21662.0,2025-08-10T22:59:45+00:00
14104,0.77,3.12,25095.0,2025-08-10T22:59:53+00:00
14211,0.93,99.99,25254.0,2025-08-10T22:59:54+00:00
14338,0.665,3.76,25426.0,2025-08-10T22:59:54+00:00
15166,0.96,99.99,26523.0,2025-08-10T22:59:58+00:00
15451,0.995,99.99,26833.0,2025-08-10T23:00:00+00:00
15476,1.0,99.99,26863.0,2025-08-10T23:00:00+00:00
15225,0.995,99.99,26585.0,2025-08-10T23:00:05+00:00
14211,0.93,99.99,25254.0,2025-08-10T23:00:06+00:00
15506,1.0,99.99,26899.0,2025-08-10T23:00:06+00:00
15539,1.0,99.99,26931.0,2025-08-10T23:00:07+00:00
15751,1.0,99.99,27187.0,2025-08-10T23:00:08+00:00
15166,0.96,99.99,26523.0,2025-08-10T23:00:10+00:00
15225,0.995,99.99,26585.0,2025-08-10T23:00:11+00:00
15451,0.995,99.99,26833.0,2025-08-10T23:00:12+00:00
16110,0.31,1.0,27524.0,2025-08-10T23:00:15+00:00
17366,0.99,99.99,28658.0,2025-08-10T23:00:15+00:00
14920,0.275,1.0,26217.0,2025-08-10T23:00:19+00:00
15166,0.96,99.99,26523.0,2025-08-10T23:00:20+00:00
15225,0.995,99.99,26585.0,2025-08-10T23:00:20+00:00
15506,1.0,99.99,26899.0,2025-08-10T23:00:22+00:00
16110,0.31,1.0,27524.0,2025-08-10T23:00:24+00:00
16780,0.945,99.99,28143.0,2025-08-10T23:00:27+00:00
18472,0.825,0.68,29531.0,2025-08-10T23:00:35+00:00
116139,0.93,76.94,74159.0,2025-08-10T23:00:35+00:00
15781,0.99,99.99,27219.0,2025-08-10T23:00:36+00:00
15810,0.955,99.99,27252.0,2025-08-10T23:00:36+00:00
16780,0.945,99.99,28143.0,2025-08-10T23:00:41+00:00
16851,0.24,1.0,28233.0,2025-08-10T23:00:41+00:00
17453,0.945,99.99,28726.0,2025-08-10T23:00:43+00:00
17480,0.84,99.99,28755.0,2025-08-10T23:00:44+00:00
117974,0.315,12.01,74895.0,2025-08-10T23:00:50+00:00
18773,0.97,0.68,29753.0,2025-08-10T23:00:50+00:00
16851,0.24,1.0,28233.0,2025-08-10T23:00:52+00:00
18466,0.78,0.68,29526.0,2025-08-10T23:00:54+00:00
17366,0.99,99.99,28658.0,2025-08-10T23:00:54+00:00
18466,0.78,0.68,29526.0,2025-08-10T23:01:00+00:00
18773,0.97,0.68,29753.0,2025-08-10T23:01:01+00:00
18809,0.87,30.3,29785.0,2025-08-10T23:01:01+00:00
18773,0.97,0.68,29753.0,2025-08-10T23:01:10+00:00
18809,0.87,30.3,29785.0,2025-08-10T23:01:10+00:00
118308,0.61,30.14,75033.0,2025-08-10T23:01:19+00:00
120085,0.34,109.9,75706.0,2025-08-10T23:01:34+00:00
120505,0.98,99.85,75851.0,2025-08-10T23:02:04+00:00
122479,0.975,219.8,76575.0,2025-08-10T23:02:14+00:00
123238,0.87,1.0,76857.0,2025-08-10T23:02:22+00:00
124115,0.89,1.0,77182.0,2025-08-10T23:02:26+00:00
27627,0.985,18.96,34634.0,2025-08-10T23:02:26+00:00
27749,0.97,19.02,34687.0,2025-08-10T23:02:27+00:00
125342,0.97,106.9,77627.0,2025-08-10T23:02:32+00:00
28976,0.275,2.69,35261.0,2025-08-10T23:02:33+00:00
23308,0.97,0.0,32686.0,2025-08-10T23:02:37+00:00
23422,0.865,717.15,32745.0,2025-08-10T23:02:38+00:00
27362,0.675,1.52,34521.0,2025-08-10T23:02:49+00:00
123201,0.885,1.0,76845.0,2025-08-10T23:02:52+00:00
123270,0.825,1.0,76867.0,2025-08-10T23:02:52+00:00
123301,0.725,1.0,76876.0,2025-08-10T23:02:52+00:00
541,0.8,0.0,406.0,2025-08-10T23:02:57+00:00
128479,0.81,60.0,78725.0,2025-08-10T23:03:22+00:00
27627,0.985,18.96,34634.0,2025-08-10T23:03:25+00:00
623,0.6,529.0,472.0,2025-08-10T23:03:27+00:00
29687,0.645,0.76,35585.0,2025-08-10T23:03:36+00:00
30314,0.98,7.61,35866.0,2025-08-10T23:03:39+00:00
30398,0.95,9.13,35906.0,2025-08-10T23:03:39+00:00
30473,0.975,14.46,35942.0,2025-08-10T23:03:40+00:00
30496,0.975,111.7,35953.0,2025-08-10T23:03:40+00:00
6331,0.965,1.0,7526.0,2025-08-10T23:03:59+00:00
6427,0.99,1.0,7610.0,2025-08-10T23:03:59+00:00
31002,0.99,111.7,36170.0,2025-08-10T23:04:16+00:00
33276,0.795,12.31,37167.0,2025-08-10T23:04:28+00:00
6108,0.905,59.0,6986.0,2025-08-10T23:04:29+00:00
6336,0.98,1.0,7543.0,2025-08-10T23:04:30+00:00
6446,0.98,1.0,7672.0,2025-08-10T23:04:30+00:00
6719,0.97,1.0,8415.0,2025-08-10T23:04:32+00:00
6734,0.985,1.0,8451.0,2025-08-10T23:04:32+00:00
6774,0.985,1.0,8528.0,2025-08-10T23:04:32+00:00
6870,1.0,1.0,8757.0,2025-08-10T23:04:33+00:00
6472,0.945,1.0,7740.0,2025-08-10T23:04:34+00:00
6529,0.99,1.0,7891.0,2025-08-10T23:04:34+00:00
6717,0.975,1.0,8408.0,2025-08-10T23:04:35+00:00
6903,1.0,1.0,8886.0,2025-08-10T23:04:36+00:00
8845,0.985,30.39,12095.0,2025-08-10T23:04:45+00:00
9252,0.955,1.0,13323.0,2025-08-10T23:04:47+00:00
131272,0.65,0.2,79540.0,2025-08-10T23:04:57+00:00
8296,0.925,1.0,11080.0,2025-08-10T23:05:15+00:00
8335,0.94,1.0,11131.0,2025-08-10T23:05:15+00:00
8972,0.78,179.66,12393.0,2025-08-10T23:05:18+00:00
9509,0.995,1.0,14152.0,2025-08-10T23:05:21+00:00
10204,0.8,11.39,15817.0,2025-08-10T23:05:24+00:00
10498,0.645,3.93,17230.0,2025-08-10T23:05:26+00:00
10568,0.965,1.0,17520.0,2025-08-10T23:05:27+00:00
10690,0.88,1218.89,18088.0,2025-08-10T23:05:28+00:00
10891,0.945,188.78,18675.0,2025-08-10T23:05:29+00:00
10897,1.0,1.0,18690.0,2025-08-10T23:05:29+00:00
39183,0.675,776.83,39729.0,2025-08-10T23:05:31+00:00
11710,1.0,1.0,20011.0,2025-08-10T23:05:33+00:00
11880,0.995,1.0,20451.0,2025-08-10T23:05:34+00:00
12070,0.995,1.0,20931.0,2025-08-10T23:05:34+00:00
12108,0.995,1.0,21046.0,2025-08-10T23:05:35+00:00
12261,0.99,1.0,21419.0,2025-08-10T23:05:35+00:00
41395,0.905,1.0,40662.0,2025-08-10T23:05:51+00:00
42007,0.985,0.76,40918.0,2025-08-10T23:05:54+00:00
42009,0.99,112.33,40919.0,2025-08-10T23:05:54+00:00
42549,0.98,88.23,41147.0,2025-08-10T23:05:56+00:00
42609,0.995,83.38,41170.0,2025-08-10T23:05:56+00:00
42635,1.0,11.38,41181.0,2025-08-10T23:05:57+00:00
42674,0.99,1.52,41194.0,2025-08-10T23:05:57+00:00
42769,1.0,118.3,41237.0,2025-08-10T23:05:57+00:00
42856,0.965,173.07,41273.0,2025-08-10T23:05:58+00:00
42887,0.995,37.32,41285.0,2025-08-10T23:05:58+00:00
42945,1.0,0.76,41308.0,2025-08-10T23:05:58+00:00
43061,0.975,34.12,41353.0,2025-08-10T23:05:59+00:00
43160,0.995,273.01,41397.0,2025-08-10T23:05:59+00:00
11343,0.995,1.0,19762.0,2025-08-10T23:06:04+00:00
137705,0.84,1.0,82289.0,2025-08-10T23:06:07+00:00
12369,0.96,1.0,21662.0,2025-08-10T23:06:09+00:00
541,0.8,0.0,406.0,2025-08-10T23:06:18+00:00
14104,0.77,3.12,25095.0,2025-08-10T23:06:19+00:00
14197,0.885,99.99,25231.0,2025-08-10T23:06:19+00:00
14920,0.275,1.0,26217.0,2025-08-10T23:06:23+00:00
15539,1.0,99.99,26931.0,2025-08-10T23:06:26+00:00
15566,1.0,99.99,26961.0,2025-08-10T23:06:26+00:00
15736,1.0,99.99,27163.0,2025-08-10T23:06:27+00:00
43773,0.98,172.32,41646.0,2025-08-10T23:06:36+00:00
44001,0.915,802.52,41743.0,2025-08-10T23:06:38+00:00
44223,0.995,139.9,41851.0,2025-08-10T23:06:38+00:00
46998,0.925,204.27,43028.0,2025-08-10T23:06:51+00:00
141257,0.99,0.0,84204.0,2025-08-10T23:06:58+00:00
143188,0.92,2.0,85181.0,2025-08-10T23:07:07+00:00
14170,0.795,99.99,25198.0,2025-08-10T23:07:08+00:00
14338,0.665,3.76,25426.0,2025-08-10T23:07:09+00:00
4920,0.72,239.93,4462.0,2025-08-10T23:07:13+00:00
15204,0.965,99.99,26556.0,2025-08-10T23:07:13+00:00
15476,1.0,99.99,26863.0,2025-08-10T23:07:15+00:00
15506,1.0,99.99,26899.0,2025-08-10T23:07:15+00:00
15751,1.0,99.99,27187.0,2025-08-10T23:07:17+00:00
15781,0.99,99.99,27219.0,2025-08-10T23:07:17+00:00
15810,0.955,99.99,27252.0,2025-08-10T23:07:17+00:00
6108,0.905,59.0,6986.0,2025-08-10T23:07:19+00:00
16415,0.975,23.36,27784.0,2025-08-10T23:07:20+00:00
6329,0.77,1.0,7519.0,2025-08-10T23:07:20+00:00
6331,0.965,1.0,7526.0,2025-08-10T23:07:20+00:00
6334,0.97,1.0,7535.0,2025-08-10T23:07:20+00:00
6427,0.99,1.0,7610.0,2025-08-10T23:07:21+00:00
16780,0.945,99.99,28143.0,2025-08-10T23:07:22+00:00
16863,0.86,730.86,28242.0,2025-08-10T23:07:22+00:00
6870,1.0,1.0,8757.0,2025-08-10T23:07:24+00:00
17453,0.945,99.99,28726.0,2025-08-10T23:07:25+00:00
140786,0.965,1.0,83934.0,2025-08-10T23:07:26+00:00
17317,0.985,99.99,28625.0,2025-08-10T23:07:26+00:00
17407,0.97,99.99,28692.0,2025-08-10T23:07:27+00:00
17480,0.84,99.99,28755.0,2025-08-10T23:07:27+00:00
141258,0.99,0.0,84204.0,2025-08-10T23:07:28+00:00
141259,0.985,512.25,84204.0,2025-08-10T23:07:28+00:00
18472,0.825,0.68,29531.0,2025-08-10T23:07:32+00:00
142405,0.95,12.31,84694.0,2025-08-10T23:07:33+00:00
143333,1.0,0.0,85285.0,2025-08-10T23:07:38+00:00
143336,0.99,252.92,85285.0,2025-08-10T23:07:38+00:00
143728,0.97,1.0,85573.0,2025-08-10T23:07:40+00:00
144104,0.99,1.0,85864.0,2025-08-10T23:07:42+00:00
143731,0.99,240.77,85576.0,2025-08-10T23:07:44+00:00
144108,0.98,310.42,85867.0,2025-08-10T23:07:46+00:00
8615,0.975,1.0,11629.0,2025-08-10T23:08:06+00:00
8845,0.985,30.39,12095.0,2025-08-10T23:08:07+00:00
8972,0.78,179.66,12393.0,2025-08-10T23:08:07+00:00
20198,0.75,104.81,30852.0,2025-08-10T23:08:13+00:00
10497,0.645,3.79,17220.0,2025-08-10T23:08:15+00:00
10498,0.645,3.93,17230.0,2025-08-10T23:08:15+00:00
10568,0.965,1.0,17520.0,2025-08-10T23:08:15+00:00
623,0.6,529.0,472.0,2025-08-10T23:08:26+00:00
23308,0.97,0.0,32686.0,2025-08-10T23:08:30+00:00
10897,1.0,1.0,18690.0,2025-08-10T23:08:52+00:00
11710,1.0,1.0,20011.0,2025-08-10T23:08:56+00:00
12108,0.995,1.0,21046.0,2025-08-10T23:08:57+00:00
12261,0.99,1.0,21419.0,2025-08-10T23:08:58+00:00
12369,0.96,1.0,21662.0,2025-08-10T23:08:59+00:00
23422,0.865,717.15,32745.0,2025-08-10T23:09:04+00:00
27738,0.955,125.3,34684.0,2025-08-10T23:09:26+00:00
27749,0.97,19.02,34687.0,2025-08-10T23:09:26+00:00
57470,0.98,0.76,47923.0,2025-08-10T23:09:27+00:00
4920,0.72,239.93,4462.0,2025-08-10T23:09:27+00:00
58761,0.665,1.0,48533.0,2025-08-10T23:09:33+00:00
6108,0.905,59.0,6986.0,2025-08-10T23:09:34+00:00
6427,0.99,1.0,7610.0,2025-08-10T23:09:35+00:00
6529,0.99,1.0,7891.0,2025-08-10T23:09:36+00:00
6820,1.0,1.0,8614.0,2025-08-10T23:09:37+00:00
15506,1.0,99.99,26899.0,2025-08-10T23:09:49+00:00
15736,1.0,99.99,27163.0,2025-08-10T23:09:50+00:00
16415,0.975,23.36,27784.0,2025-08-10T23:09:53+00:00
26802,0.9,19.02,34256.0,2025-08-10T23:09:56+00:00
17366,0.99,99.99,28658.0,2025-08-10T23:09:58+00:00
17480,0.84,99.99,28755.0,2025-08-10T23:09:58+00:00
18466,0.78,0.68,29526.0,2025-08-10T23:10:03+00:00
18472,0.825,0.68,29531.0,2025-08-10T23:10:03+00:00
18809,0.87,30.3,29785.0,2025-08-10T23:10:05+00:00
28976,0.275,2.69,35261.0,2025-08-10T23:10:06+00:00
6329,0.77,1.0,7519.0,2025-08-10T23:10:22+00:00
6334,0.97,1.0,7535.0,2025-08-10T23:10:22+00:00
6338,0.98,1.0,7551.0,2025-08-10T23:10:22+00:00
6472,0.945,1.0,7740.0,2025-08-10T23:10:23+00:00
6609,0.965,1.0,8090.0,2025-08-10T23:10:24+00:00
6719,0.97,1.0,8415.0,2025-08-10T23:10:25+00:00
6734,0.985,1.0,8451.0,2025-08-10T23:10:25+00:00
6870,1.0,1.0,8757.0,2025-08-10T23:10:26+00:00
6882,0.93,1.1,8808.0,2025-08-10T23:10:26+00:00
6899,1.0,1.0,8878.0,2025-08-10T23:10:26+00:00
6903,1.0,1.0,8886.0,2025-08-10T23:10:26+00:00
8335,0.94,1.0,11131.0,2025-08-10T23:10:32+00:00
63421,0.94,99.99,50706.0,2025-08-10T23:10:33+00:00
8972,0.78,179.66,12393.0,2025-08-10T23:10:35+00:00
64329,0.99,99.99,51112.0,2025-08-10T23:10:37+00:00
8296,0.925,1.0,11080.0,2025-08-10T23:10:38+00:00
8312,0.95,1.0,11092.0,2025-08-10T23:10:38+00:00
9179,0.985,1.0,13126.0,2025-08-10T23:10:43+00:00
9509,0.995,1.0,14152.0,2025-08-10T23:10:44+00:00
30100,0.98,60.6,35771.0,2025-08-10T23:10:47+00:00
10204,0.8,11.39,15817.0,2025-08-10T23:10:47+00:00
30384,0.97,1.0,35899.0,2025-08-10T23:10:48+00:00
30442,0.995,4.56,35926.0,2025-08-10T23:10:49+00:00
10484,0.605,3.79,17187.0,2025-08-10T23:10:49+00:00
10897,1.0,1.0,18690.0,2025-08-10T23:10:51+00:00
64411,0.99,99.99,51135.0,2025-08-10T23:11:12+00:00
10497,0.645,3.79,17220.0,2025-08-10T23:11:18+00:00
10568,0.965,1.0,17520.0,2025-08-10T23:11:18+00:00
10801,0.985,1.0,18399.0,2025-08-10T23:11:19+00:00
11343,0.995,1.0,19762.0,2025-08-10T23:11:22+00:00
623,0.6,529.0,472.0,2025-08-10T23:11:23+00:00
11880,0.995,1.0,20451.0,2025-08-10T23:11:30+00:00
12070,0.995,1.0,20931.0,2025-08-10T23:11:31+00:00
14104,0.77,3.12,25095.0,2025-08-10T23:11:41+00:00
6329,0.77,1.0,7519.0,2025-08-10T23:11:57+00:00
6331,0.965,1.0,7526.0,2025-08-10T23:11:57+00:00
6338,0.98,1.0,7551.0,2025-08-10T23:11:57+00:00
6446,0.98,1.0,7672.0,2025-08-10T23:11:58+00:00
6609,0.965,1.0,8090.0,2025-08-10T23:11:59+00:00
6641,0.945,1.0,8169.0,2025-08-10T23:11:59+00:00
6774,0.985,1.0,8528.0,2025-08-10T23:12:00+00:00
6882,0.93,1.1,8808.0,2025-08-10T23:12:00+00:00
6903,1.0,1.0,8886.0,2025-08-10T23:12:00+00:00
6971,0.82,1809.68,9064.0,2025-08-10T23:12:01+00:00
623,0.6,529.0,472.0,2025-08-10T23:12:05+00:00
14920,0.275,1.0,26217.0,2025-08-10T23:12:13+00:00
15166,0.96,99.99,26523.0,2025-08-10T23:12:15+00:00
15204,0.965,99.99,26556.0,2025-08-10T23:12:15+00:00
15476,1.0,99.99,26863.0,2025-08-10T23:12:16+00:00
15506,1.0,99.99,26899.0,2025-08-10T23:12:17+00:00
15539,1.0,99.99,26931.0,2025-08-10T23:12:17+00:00
16415,0.975,23.36,27784.0,2025-08-10T23:12:21+00:00
15451,0.995,99.99,26833.0,2025-08-10T23:12:23+00:00
15736,1.0,99.99,27163.0,2025-08-10T23:12:24+00:00
15781,0.99,99.99,27219.0,2025-08-10T23:12:25+00:00
16110,0.31,1.0,27524.0,2025-08-10T23:12:26+00:00
17480,0.84,99.99,28755.0,2025-08-10T23:12:33+00:00
18472,0.825,0.68,29531.0,2025-08-10T23:12:37+00:00
8312,0.95,1.0,11092.0,2025-08-10T23:12:43+00:00
9179,0.985,1.0,13126.0,2025-08-10T23:12:47+00:00
9509,0.995,1.0,14152.0,2025-08-10T23:12:48+00:00
10204,0.8,11.39,15817.0,2025-08-10T23:12:52+00:00
10484,0.605,3.79,17187.0,2025-08-10T23:12:53+00:00
10801,0.985,1.0,18399.0,2025-08-10T23:12:55+00:00
16780,0.945,99.99,28143.0,2025-08-10T23:12:58+00:00
16851,0.24,1.0,28233.0,2025-08-10T23:12:58+00:00
17366,0.99,99.99,28658.0,2025-08-10T23:13:01+00:00
17453,0.945,99.99,28726.0,2025-08-10T23:13:01+00:00
18466,0.78,0.68,29526.0,2025-08-10T23:13:06+00:00
18809,0.87,30.3,29785.0,2025-08-10T23:13:07+00:00
4920,0.72,239.93,4462.0,2025-08-10T23:13:15+00:00
4920,0.72,239.93,4462.0,2025-08-10T23:13:21+00:00
6427,0.99,1.0,7610.0,2025-08-10T23:13:29+00:00
11841,0.995,1.0,20332.0,2025-08-10T23:13:34+00:00
11880,0.995,1.0,20451.0,2025-08-10T23:13:34+00:00
12261,0.99,1.0,21419.0,2025-08-10T23:13:36+00:00
40085,0.755,1.0,40086.0,2025-08-10T23:13:36+00:00
40525,0.855,1.0,40276.0,2025-08-10T23:13:39+00:00
14104,0.77,3.12,25095.0,2025-08-10T23:13:45+00:00
14211,0.93,99.99,25254.0,2025-08-10T23:13:45+00:00
623,0.6,529.0,472.0,2025-08-10T23:13:46+00:00
623,0.6,529.0,472.0,2025-08-10T23:14:02+00:00
6717,0.975,1.0,8408.0,2025-08-10T23:14:07+00:00
6820,1.0,1.0,8614.0,2025-08-10T23:14:08+00:00
6882,0.93,1.1,8808.0,2025-08-10T23:14:09+00:00
6899,1.0,1.0,8878.0,2025-08-10T23:14:09+00:00
6971,0.82,1809.68,9064.0,2025-08-10T23:14:10+00:00
6336,0.98,1.0,7543.0,2025-08-10T23:14:10+00:00
6446,0.98,1.0,7672.0,2025-08-10T23:14:12+00:00
6609,0.965,1.0,8090.0,2025-08-10T23:14:13+00:00
6641,0.945,1.0,8169.0,2025-08-10T23:14:14+00:00
6719,0.97,1.0,8415.0,2025-08-10T23:14:14+00:00
14920,0.275,1.0,26217.0,2025-08-10T23:14:26+00:00
15166,0.96,99.99,26523.0,2025-08-10T23:14:27+00:00
15225,0.995,99.99,26585.0,2025-08-10T23:14:27+00:00
15506,1.0,99.99,26899.0,2025-08-10T23:14:29+00:00
16110,0.31,1.0,27524.0,2025-08-10T23:14:32+00:00
16780,0.945,99.99,28143.0,2025-08-10T23:14:36+00:00
18472,0.825,0.68,29531.0,2025-08-10T23:14:46+00:00
6338,0.98,1.0,7551.0,2025-08-10T23:14:58+00:00
6446,0.98,1.0,7672.0,2025-08-10T23:14:58+00:00
6472,0.945,1.0,7740.0,2025-08-10T23:14:58+00:00
6609,0.965,1.0,8090.0,2025-08-10T23:14:59+00:00
6641,0.945,1.0,8169.0,2025-08-10T23:14:59+00:00
6717,0.975,1.0,8408.0,2025-08-10T23:15:00+00:00
6719,0.97,1.0,8415.0,2025-08-10T23:15:00+00:00
6774,0.985,1.0,8528.0,2025-08-10T23:15:00+00:00
6882,0.93,1.1,8808.0,2025-08-10T23:15:00+00:00
6903,1.0,1.0,8886.0,2025-08-10T23:15:00+00:00
6971,0.82,1809.68,9064.0,2025-08-10T23:15:01+00:00
4920,0.72,239.93,4462.0,2025-08-10T23:15:04+00:00
8296,0.925,1.0,11080.0,2025-08-10T23:15:05+00:00
8615,0.975,1.0,11629.0,2025-08-10T23:15:09+00:00
8842,0.995,0.0,12093.0,2025-08-10T23:15:12+00:00
8296,0.925,1.0,11080.0,2025-08-10T23:15:14+00:00
8312,0.95,1.0,11092.0,2025-08-10T23:15:14+00:00
8335,0.94,1.0,11131.0,2025-08-10T23:15:14+00:00
6108,0.905,59.0,6986.0,2025-08-10T23:15:18+00:00
6331,0.965,1.0,7526.0,2025-08-10T23:15:20+00:00
6472,0.945,1.0,7740.0,2025-08-10T23:15:20+00:00
9035,1.0,1.0,12597.0,2025-08-10T23:15:21+00:00
6774,0.985,1.0,8528.0,2025-08-10T23:15:22+00:00
9179,0.985,1.0,13126.0,2025-08-10T23:15:23+00:00
6971,0.82,1809.68,9064.0,2025-08-10T23:15:23+00:00
18773,0.97,0.68,29753.0,2025-08-10T23:15:27+00:00
18809,0.87,30.3,29785.0,2025-08-10T23:15:27+00:00
6336,0.98,1.0,7543.0,2025-08-10T23:15:34+00:00
6529,0.99,1.0,7891.0,2025-08-10T23:15:35+00:00
6734,0.985,1.0,8451.0,2025-08-10T23:15:36+00:00
6820,1.0,1.0,8614.0,2025-08-10T23:15:36+00:00
6899,1.0,1.0,8878.0,2025-08-10T23:15:37+00:00
8296,0.925,1.0,11080.0,2025-08-10T23:15:46+00:00
8335,0.94,1.0,11131.0,2025-08-10T23:15:47+00:00
8617,0.865,1.0,11635.0,2025-08-10T23:15:48+00:00
8842,0.995,0.0,12093.0,2025-08-10T23:15:49+00:00
6329,0.77,1.0,7519.0,2025-08-10T23:15:50+00:00
6338,0.98,1.0,7551.0,2025-08-10T23:15:50+00:00
9035,1.0,1.0,12597.0,2025-08-10T23:15:50+00:00
6427,0.99,1.0,7610.0,2025-08-10T23:15:51+00:00
6446,0.98,1.0,7672.0,2025-08-10T23:15:51+00:00
6529,0.99,1.0,7891.0,2025-08-10T23:15:51+00:00
6609,0.965,1.0,8090.0,2025-08-10T23:15:52+00:00
6719,0.97,1.0,8415.0,2025-08-10T23:15:52+00:00
6820,1.0,1.0,8614.0,2025-08-10T23:15:53+00:00
6870,1.0,1.0,8757.0,2025-08-10T23:15:53+00:00
6899,1.0,1.0,8878.0,2025-08-10T23:15:53+00:00
6903,1.0,1.0,8886.0,2025-08-10T23:15:53+00:00
10204,0.8,11.39,15817.0,2025-08-10T23:15:56+00:00
10484,0.605,3.79,17187.0,2025-08-10T23:15:58+00:00
10630,0.99,766.36,17838.0,2025-08-10T23:15:58+00:00
10690,0.88,1218.89,18088.0,2025-08-10T23:15:59+00:00
10891,0.945,188.78,18675.0,2025-08-10T23:16:00+00:00
8296,0.925,1.0,11080.0,2025-08-10T23:16:01+00:00
10484,0.605,3.79,17187.0,2025-08-10T23:16:06+00:00
8312,0.95,1.0,11092.0,2025-08-10T23:16:07+00:00
10891,0.945,188.78,18675.0,2025-08-10T23:16:10+00:00
9035,1.0,1.0,12597.0,2025-08-10T23:16:11+00:00
9179,0.985,1.0,13126.0,2025-08-10T23:16:11+00:00
9252,0.955,1.0,13323.0,2025-08-10T23:16:12+00:00
10484,0.605,3.79,17187.0,2025-08-10T23:16:13+00:00
10498,0.645,3.93,17230.0,2025-08-10T23:16:13+00:00
10630,0.99,766.36,17838.0,2025-08-10T23:16:14+00:00
10484,0.605,3.79,17187.0,2025-08-10T23:16:19+00:00
10497,0.645,3.79,17220.0,2025-08-10T23:16:19+00:00
10498,0.645,3.93,17230.0,2025-08-10T23:16:19+00:00
10568,0.965,1.0,17520.0,2025-08-10T23:16:19+00:00
10801,0.985,1.0,18399.0,2025-08-10T23:16:20+00:00
10891,0.945,188.78,18675.0,2025-08-10T23:16:21+00:00
8312,0.95,1.0,11092.0,2025-08-10T23:16:21+00:00
9179,0.985,1.0,13126.0,2025-08-10T23:16:26+00:00
9252,0.955,1.0,13323.0,2025-08-10T23:16:27+00:00
9487,0.99,1.0,14073.0,2025-08-10T23:16:30+00:00
9509,0.995,1.0,14152.0,2025-08-10T23:16:30+00:00
10801,0.985,1.0,18399.0,2025-08-10T23:16:37+00:00
11343,0.995,1.0,19762.0,2025-08-10T23:16:40+00:00
8617,0.865,1.0,11635.0,2025-08-10T23:16:43+00:00
8972,0.78,179.66,12393.0,2025-08-10T23:16:44+00:00
11841,0.995,1.0,20332.0,2025-08-10T23:16:45+00:00
9487,0.99,1.0,14073.0,2025-08-10T23:16:47+00:00
9509,0.995,1.0,14152.0,2025-08-10T23:16:47+00:00
10630,0.99,766.36,17838.0,2025-08-10T23:16:52+00:00
10690,0.88,1218.89,18088.0,2025-08-10T23:16:53+00:00
14104,0.77,3.12,25095.0,2025-08-10T23:16:56+00:00
14197,0.885,99.99,25231.0,2025-08-10T23:16:56+00:00
14211,0.93,99.99,25254.0,2025-08-10T23:16:56+00:00
11343,0.995,1.0,19762.0,2025-08-10T23:17:01+00:00
11710,1.0,1.0,20011.0,2025-08-10T23:17:03+00:00
11880,0.995,1.0,20451.0,2025-08-10T23:17:04+00:00
12108,0.995,1.0,21046.0,2025-08-10T23:17:05+00:00
12261,0.99,1.0,21419.0,2025-08-10T23:17:06+00:00
14197,0.885,99.99,25231.0,2025-08-10T23:17:15+00:00
11880,0.995,1.0,20451.0,2025-08-10T23:17:17+00:00
12070,0.995,1.0,20931.0,2025-08-10T23:17:18+00:00
27627,0.985,18.96,34634.0,2025-08-10T23:17:27+00:00
27749,0.97,19.02,34687.0,2025-08-10T23:17:28+00:00
14170,0.795,99.99,25198.0,2025-08-10T23:17:28+00:00
14338,0.665,3.76,25426.0,2025-08-10T23:17:29+00:00
28976,0.275,2.69,35261.0,2025-08-10T23:17:33+00:00
14920,0.275,1.0,26217.0,2025-08-10T23:17:34+00:00
15166,0.96,99.99,26523.0,2025-08-10T23:17:35+00:00
12369,0.96,1.0,21662.0,2025-08-10T23:17:35+00:00
15204,0.965,99.99,26556.0,2025-08-10T23:17:35+00:00
15225,0.995,99.99,26585.0,2025-08-10T23:17:35+00:00
15451,0.995,99.99,26833.0,2025-08-10T23:17:36+00:00
15476,1.0,99.99,26863.0,2025-08-10T23:17:36+00:00
16110,0.31,1.0,27524.0,2025-08-10T23:17:39+00:00
16780,0.945,99.99,28143.0,2025-08-10T23:17:43+00:00
14104,0.77,3.12,25095.0,2025-08-10T23:17:43+00:00
16851,0.24,1.0,28233.0,2025-08-10T23:17:43+00:00
14211,0.93,99.99,25254.0,2025-08-10T23:17:43+00:00
14338,0.665,3.76,25426.0,2025-08-10T23:17:44+00:00
17317,0.985,99.99,28625.0,2025-08-10T23:17:46+00:00
15166,0.96,99.99,26523.0,2025-08-10T23:17:48+00:00
15451,0.995,99.99,26833.0,2025-08-10T23:17:49+00:00
15476,1.0,99.99,26863.0,2025-08-10T23:17:50+00:00
15225,0.995,99.99,26585.0,2025-08-10T23:17:54+00:00
15506,1.0,99.99,26899.0,2025-08-10T23:17:56+00:00
15539,1.0,99.99,26931.0,2025-08-10T23:17:56+00:00
15751,1.0,99.99,27187.0,2025-08-10T23:17:57+00:00
17366,0.99,99.99,28658.0,2025-08-10T23:18:05+00:00
15539,1.0,99.99,26931.0,2025-08-10T23:18:11+00:00
15566,1.0,99.99,26961.0,2025-08-10T23:18:11+00:00
15751,1.0,99.99,27187.0,2025-08-10T23:18:12+00:00
15781,0.99,99.99,27219.0,2025-08-10T23:18:12+00:00
15810,0.955,99.99,27252.0,2025-08-10T23:18:12+00:00
16863,0.86,730.86,28242.0,2025-08-10T23:18:18+00:00
17407,0.97,99.99,28692.0,2025-08-10T23:18:20+00:00
17453,0.945,99.99,28726.0,2025-08-10T23:18:21+00:00
15781,0.99,99.99,27219.0,2025-08-10T23:18:27+00:00
15810,0.955,99.99,27252.0,2025-08-10T23:18:27+00:00
16780,0.945,99.99,28143.0,2025-08-10T23:18:33+00:00
16851,0.24,1.0,28233.0,2025-08-10T23:18:34+00:00
17453,0.945,99.99,28726.0,2025-08-10T23:18:36+00:00
17480,0.84,99.99,28755.0,2025-08-10T23:18:36+00:00
20198,0.75,104.81,30852.0,2025-08-10T23:18:37+00:00
18773,0.97,0.68,29753.0,2025-08-10T23:18:43+00:00
18466,0.78,0.68,29526.0,2025-08-10T23:18:48+00:00
6108,0.905,59.0,6986.0,2025-08-10T23:18:52+00:00
6329,0.77,1.0,7519.0,2025-08-10T23:18:53+00:00
6338,0.98,1.0,7551.0,2025-08-10T23:18:53+00:00
6641,0.945,1.0,8169.0,2025-08-10T23:18:55+00:00
6734,0.985,1.0,8451.0,2025-08-10T23:18:55+00:00
6820,1.0,1.0,8614.0,2025-08-10T23:18:56+00:00
6870,1.0,1.0,8757.0,2025-08-10T23:18:56+00:00
6882,0.93,1.1,8808.0,2025-08-10T23:18:56+00:00
6899,1.0,1.0,8878.0,2025-08-10T23:18:56+00:00
6971,0.82,1809.68,9064.0,2025-08-10T23:18:57+00:00
18773,0.97,0.68,29753.0,2025-08-10T23:19:05+00:00
541,0.8,0.0,406.0,2025-08-10T23:19:19+00:00
623,0.6,529.0,472.0,2025-08-10T23:19:20+00:00
8615,0.975,1.0,11629.0,2025-08-10T23:19:41+00:00
8617,0.865,1.0,11635.0,2025-08-10T23:19:41+00:00
9035,1.0,1.0,12597.0,2025-08-10T23:19:43+00:00
9252,0.955,1.0,13323.0,2025-08-10T23:19:44+00:00
10204,0.8,11.39,15817.0,2025-08-10T23:19:49+00:00
10484,0.605,3.79,17187.0,2025-08-10T23:19:50+00:00
10568,0.965,1.0,17520.0,2025-08-10T23:19:51+00:00
4920,0.72,239.93,4462.0,2025-08-10T23:20:17+00:00
23308,0.97,0.0,32686.0,2025-08-10T23:20:17+00:00
23422,0.865,717.15,32745.0,2025-08-10T23:20:18+00:00
6336,0.98,1.0,7543.0,2025-08-10T23:20:23+00:00
6472,0.945,1.0,7740.0,2025-08-10T23:20:24+00:00
6529,0.99,1.0,7891.0,2025-08-10T23:20:24+00:00
6717,0.975,1.0,8408.0,2025-08-10T23:20:25+00:00
6734,0.985,1.0,8451.0,2025-08-10T23:20:25+00:00
6870,1.0,1.0,8757.0,2025-08-10T23:20:25+00:00
6899,1.0,1.0,8878.0,2025-08-10T23:20:26+00:00
11841,0.995,1.0,20332.0,2025-08-10T23:20:31+00:00
12070,0.995,1.0,20931.0,2025-08-10T23:20:32+00:00
12108,0.995,1.0,21046.0,2025-08-10T23:20:32+00:00
541,0.8,0.0,406.0,2025-08-10T23:20:36+00:00
14197,0.885,99.99,25231.0,2025-08-10T23:20:41+00:00
14211,0.93,99.99,25254.0,2025-08-10T23:20:41+00:00
14338,0.665,3.76,25426.0,2025-08-10T23:20:42+00:00
15225,0.995,99.99,26585.0,2025-08-10T23:20:46+00:00
6108,0.905,59.0,6986.0,2025-08-10T23:20:55+00:00
41395,0.905,1.0,40662.0,2025-08-10T23:20:56+00:00
6334,0.97,1.0,7535.0,2025-08-10T23:20:56+00:00
6427,0.99,1.0,7610.0,2025-08-10T23:20:56+00:00
6719,0.97,1.0,8415.0,2025-08-10T23:20:58+00:00
6820,1.0,1.0,8614.0,2025-08-10T23:20:58+00:00
42007,0.985,0.76,40918.0,2025-08-10T23:20:58+00:00
42009,0.99,112.33,40919.0,2025-08-10T23:20:58+00:00
42549,0.98,88.23,41147.0,2025-08-10T23:21:01+00:00
42609,0.995,83.38,41170.0,2025-08-10T23:21:01+00:00
42635,1.0,11.38,41181.0,2025-08-10T23:21:01+00:00
42674,0.99,1.52,41194.0,2025-08-10T23:21:01+00:00
42769,1.0,118.3,41237.0,2025-08-10T23:21:02+00:00
42856,0.965,173.07,41273.0,2025-08-10T23:21:02+00:00
42887,0.995,37.32,41285.0,2025-08-10T23:21:02+00:00
42945,1.0,0.76,41308.0,2025-08-10T23:21:03+00:00
43061,0.975,34.12,41353.0,2025-08-10T23:21:03+00:00
43160,0.995,273.01,41397.0,2025-08-10T23:21:04+00:00
8335,0.94,1.0,11131.0,2025-08-10T23:21:06+00:00
623,0.6,529.0,472.0,2025-08-10T23:21:07+00:00
8842,0.995,0.0,12093.0,2025-08-10T23:21:09+00:00
8845,0.985,30.39,12095.0,2025-08-10T23:21:09+00:00
8972,0.78,179.66,12393.0,2025-08-10T23:21:10+00:00
9487,0.99,1.0,14073.0,2025-08-10T23:21:12+00:00
10498,0.645,3.93,17230.0,2025-08-10T23:21:17+00:00
10891,0.945,188.78,18675.0,2025-08-10T23:21:19+00:00
15566,1.0,99.99,26961.0,2025-08-10T23:21:22+00:00
15751,1.0,99.99,27187.0,2025-08-10T23:21:23+00:00
15781,0.99,99.99,27219.0,2025-08-10T23:21:23+00:00
17317,0.985,99.99,28625.0,2025-08-10T23:21:30+00:00
17407,0.97,99.99,28692.0,2025-08-10T23:21:31+00:00
6331,0.965,1.0,7526.0,2025-08-10T23:21:39+00:00
6427,0.99,1.0,7610.0,2025-08-10T23:21:39+00:00
8296,0.925,1.0,11080.0,2025-08-10T23:21:40+00:00
8615,0.975,1.0,11629.0,2025-08-10T23:21:41+00:00
8617,0.865,1.0,11635.0,2025-08-10T23:21:41+00:00
43773,0.98,172.32,41646.0,2025-08-10T23:21:41+00:00
44001,0.915,802.52,41743.0,2025-08-10T23:21:43+00:00
9035,1.0,1.0,12597.0,2025-08-10T23:21:43+00:00
44223,0.995,139.9,41851.0,2025-08-10T23:21:44+00:00
9252,0.955,1.0,13323.0,2025-08-10T23:21:44+00:00
10497,0.645,3.79,17220.0,2025-08-10T23:21:51+00:00
10568,0.965,1.0,17520.0,2025-08-10T23:21:51+00:00
10630,0.99,766.36,17838.0,2025-08-10T23:21:51+00:00
10690,0.88,1218.89,18088.0,2025-08-10T23:21:51+00:00
10897,1.0,1.0,18690.0,2025-08-10T23:21:52+00:00
11343,0.995,1.0,19762.0,2025-08-10T23:21:55+00:00
11710,1.0,1.0,20011.0,2025-08-10T23:21:58+00:00
12108,0.995,1.0,21046.0,2025-08-10T23:22:00+00:00
6108,0.905,59.0,6986.0,2025-08-10T23:22:10+00:00
14170,0.795,99.99,25198.0,2025-08-10T23:22:11+00:00
14197,0.885,99.99,25231.0,2025-08-10T23:22:11+00:00
6336,0.98,1.0,7543.0,2025-08-10T23:22:11+00:00
6446,0.98,1.0,7672.0,2025-08-10T23:22:12+00:00
6719,0.97,1.0,8415.0,2025-08-10T23:22:14+00:00
6734,0.985,1.0,8451.0,2025-08-10T23:22:14+00:00
6774,0.985,1.0,8528.0,2025-08-10T23:22:14+00:00
6870,1.0,1.0,8757.0,2025-08-10T23:22:15+00:00
6472,0.945,1.0,7740.0,2025-08-10T23:22:16+00:00
6529,0.99,1.0,7891.0,2025-08-10T23:22:17+00:00
6717,0.975,1.0,8408.0,2025-08-10T23:22:18+00:00
6903,1.0,1.0,8886.0,2025-08-10T23:22:18+00:00
20198,0.75,104.81,30852.0,2025-08-10T23:22:21+00:00
8845,0.985,30.39,12095.0,2025-08-10T23:22:27+00:00
9252,0.955,1.0,13323.0,2025-08-10T23:22:29+00:00
46998,0.925,204.27,43028.0,2025-08-10T23:22:34+00:00
12070,0.995,1.0,20931.0,2025-08-10T23:22:35+00:00
12369,0.96,1.0,21662.0,2025-08-10T23:22:37+00:00
14338,0.665,3.76,25426.0,2025-08-10T23:22:46+00:00
15539,1.0,99.99,26931.0,2025-08-10T23:22:53+00:00
15736,1.0,99.99,27163.0,2025-08-10T23:22:53+00:00
15751,1.0,99.99,27187.0,2025-08-10T23:22:53+00:00
16415,0.975,23.36,27784.0,2025-08-10T23:22:57+00:00
8296,0.925,1.0,11080.0,2025-08-10T23:22:57+00:00
8335,0.94,1.0,11131.0,2025-08-10T23:22:57+00:00
16863,0.86,730.86,28242.0,2025-08-10T23:22:59+00:00
8972,0.78,179.66,12393.0,2025-08-10T23:23:00+00:00
17366,0.99,99.99,28658.0,2025-08-10T23:23:02+00:00
17407,0.97,99.99,28692.0,2025-08-10T23:23:02+00:00
17453,0.945,99.99,28726.0,2025-08-10T23:23:02+00:00
17480,0.84,99.99,28755.0,2025-08-10T23:23:02+00:00
9509,0.995,1.0,14152.0,2025-08-10T23:23:03+00:00
10204,0.8,11.39,15817.0,2025-08-10T23:23:06+00:00
10498,0.645,3.93,17230.0,2025-08-10T23:23:08+00:00
10568,0.965,1.0,17520.0,2025-08-10T23:23:10+00:00
10690,0.88,1218.89,18088.0,2025-08-10T23:23:10+00:00
10891,0.945,188.78,18675.0,2025-08-10T23:23:11+00:00
10897,1.0,1.0,18690.0,2025-08-10T23:23:11+00:00
11710,1.0,1.0,20011.0,2025-08-10T23:23:15+00:00
11880,0.995,1.0,20451.0,2025-08-10T23:23:16+00:00
12070,0.995,1.0,20931.0,2025-08-10T23:23:17+00:00
12108,0.995,1.0,21046.0,2025-08-10T23:23:17+00:00
12261,0.99,1.0,21419.0,2025-08-10T23:23:18+00:00
26802,0.9,19.02,34256.0,2025-08-10T23:23:28+00:00
27627,0.985,18.96,34634.0,2025-08-10T23:23:32+00:00
27738,0.955,125.3,34684.0,2025-08-10T23:23:33+00:00
15204,0.965,99.99,26556.0,2025-08-10T23:23:42+00:00
15451,0.995,99.99,26833.0,2025-08-10T23:23:43+00:00
15476,1.0,99.99,26863.0,2025-08-10T23:23:43+00:00
15566,1.0,99.99,26961.0,2025-08-10T23:23:44+00:00
15781,0.99,99.99,27219.0,2025-08-10T23:23:45+00:00
15810,0.955,99.99,27252.0,2025-08-10T23:23:45+00:00
11343,0.995,1.0,19762.0,2025-08-10T23:23:46+00:00
16851,0.24,1.0,28233.0,2025-08-10T23:23:50+00:00
12369,0.96,1.0,21662.0,2025-08-10T23:23:51+00:00
17317,0.985,99.99,28625.0,2025-08-10T23:23:53+00:00
18466,0.78,0.68,29526.0,2025-08-10T23:23:59+00:00
14104,0.77,3.12,25095.0,2025-08-10T23:24:02+00:00
14197,0.885,99.99,25231.0,2025-08-10T23:24:02+00:00
14920,0.275,1.0,26217.0,2025-08-10T23:24:05+00:00
15539,1.0,99.99,26931.0,2025-08-10T23:24:08+00:00
15566,1.0,99.99,26961.0,2025-08-10T23:24:08+00:00
15736,1.0,99.99,27163.0,2025-08-10T23:24:09+00:00
30100,0.98,60.6,35771.0,2025-08-10T23:24:18+00:00
30314,0.98,7.61,35866.0,2025-08-10T23:24:19+00:00
31002,0.99,111.7,36170.0,2025-08-10T23:24:23+00:00
14170,0.795,99.99,25198.0,2025-08-10T23:24:34+00:00
14338,0.665,3.76,25426.0,2025-08-10T23:24:34+00:00
15204,0.965,99.99,26556.0,2025-08-10T23:24:39+00:00
15476,1.0,99.99,26863.0,2025-08-10T23:24:41+00:00
15506,1.0,99.99,26899.0,2025-08-10T23:24:41+00:00
20198,0.75,104.81,30852.0,2025-08-10T23:24:42+00:00
15751,1.0,99.99,27187.0,2025-08-10T23:24:43+00:00
15781,0.99,99.99,27219.0,2025-08-10T23:24:43+00:00
15810,0.955,99.99,27252.0,2025-08-10T23:24:43+00:00
16415,0.975,23.36,27784.0,2025-08-10T23:24:46+00:00
16780,0.945,99.99,28143.0,2025-08-10T23:24:48+00:00
16863,0.86,730.86,28242.0,2025-08-10T23:24:49+00:00
17453,0.945,99.99,28726.0,2025-08-10T23:24:52+00:00
17317,0.985,99.99,28625.0,2025-08-10T23:24:53+00:00
17407,0.97,99.99,28692.0,2025-08-10T23:24:54+00:00
17480,0.84,99.99,28755.0,2025-08-10T23:24:54+00:00
18472,0.825,0.68,29531.0,2025-08-10T23:24:59+00:00
57470,0.98,0.76,47923.0,2025-08-10T23:25:10+00:00
33276,0.795,12.31,37167.0,2025-08-10T23:25:11+00:00
58761,0.665,1.0,48533.0,2025-08-10T23:25:17+00:00
23308,0.97,0.0,32686.0,2025-08-10T23:25:33+00:00
23422,0.865,717.15,32745.0,2025-08-10T23:25:34+00:00
20198,0.75,104.81,30852.0,2025-08-10T23:25:41+00:00
26802,0.9,19.02,34256.0,2025-08-10T23:25:49+00:00
23308,0.97,0.0,32686.0,2025-08-10T23:25:57+00:00
63421,0.94,99.99,50706.0,2025-08-10T23:26:14+00:00
64329,0.99,99.99,51112.0,2025-08-10T23:26:19+00:00
64411,0.99,99.99,51135.0,2025-08-10T23:26:19+00:00
27362,0.675,1.52,34521.0,2025-08-10T23:26:27+00:00
27738,0.955,125.3,34684.0,2025-08-10T23:26:29+00:00
623,0.6,529.0,472.0,2025-08-10T23:26:30+00:00
29687,0.645,0.76,35585.0,2025-08-10T23:26:37+00:00
30100,0.98,60.6,35771.0,2025-08-10T23:26:39+00:00
30398,0.95,9.13,35906.0,2025-08-10T23:26:40+00:00
30473,0.975,14.46,35942.0,2025-08-10T23:26:41+00:00
30496,0.975,111.7,35953.0,2025-08-10T23:26:41+00:00
31002,0.99,111.7,36170.0,2025-08-10T23:26:43+00:00
23422,0.865,717.15,32745.0,2025-08-10T23:26:48+00:00
41943,0.84,0.76,40892.0,2025-08-10T23:27:01+00:00
42007,0.985,0.76,40918.0,2025-08-10T23:27:02+00:00
42590,0.945,5.3,41164.0,2025-08-10T23:27:04+00:00
42696,1.0,88.23,41203.0,2025-08-10T23:27:05+00:00
42784,0.99,45.49,41243.0,2025-08-10T23:27:05+00:00
42945,1.0,0.76,41308.0,2025-08-10T23:27:06+00:00
43061,0.975,34.12,41353.0,2025-08-10T23:27:06+00:00
43160,0.995,273.01,41397.0,2025-08-10T23:27:07+00:00
27738,0.955,125.3,34684.0,2025-08-10T23:27:08+00:00
27749,0.97,19.02,34687.0,2025-08-10T23:27:09+00:00
623,0.6,529.0,472.0,2025-08-10T23:27:10+00:00
30314,0.98,7.61,35866.0,2025-08-10T23:27:16+00:00
30384,0.97,1.0,35899.0,2025-08-10T23:27:16+00:00
30442,0.995,4.56,35926.0,2025-08-10T23:27:16+00:00
26802,0.9,19.02,34256.0,2025-08-10T23:27:38+00:00
43681,1.0,53.95,41607.0,2025-08-10T23:27:43+00:00
44001,0.915,802.52,41743.0,2025-08-10T23:27:45+00:00
44270,1.0,1.0,41870.0,2025-08-10T23:27:46+00:00
44556,0.975,1.0,41991.0,2025-08-10T23:27:47+00:00
28976,0.275,2.69,35261.0,2025-08-10T23:27:48+00:00
46998,0.925,204.27,43028.0,2025-08-10T23:27:59+00:00
33276,0.795,12.31,37167.0,2025-08-10T23:28:04+00:00
30100,0.98,60.6,35771.0,2025-08-10T23:28:28+00:00
30384,0.97,1.0,35899.0,2025-08-10T23:28:29+00:00
30442,0.995,4.56,35926.0,2025-08-10T23:28:29+00:00
39183,0.675,776.83,39729.0,2025-08-10T23:28:30+00:00
50211,0.98,1.0,44393.0,2025-08-10T23:28:47+00:00
4920,0.72,239.93,4462.0,2025-08-10T23:28:53+00:00
52466,0.965,1.0,45463.0,2025-08-10T23:28:58+00:00
52521,0.61,105.99,45501.0,2025-08-10T23:28:58+00:00
4920,0.72,239.93,4462.0,2025-08-10T23:29:00+00:00
53794,0.99,1.0,46149.0,2025-08-10T23:29:05+00:00
6427,0.99,1.0,7610.0,2025-08-10T23:29:07+00:00
40085,0.755,1.0,40086.0,2025-08-10T23:29:25+00:00
41569,0.875,1.0,40742.0,2025-08-10T23:29:33+00:00
42473,0.995,3.79,41116.0,2025-08-10T23:29:38+00:00
42590,0.945,5.3,41164.0,2025-08-10T23:29:38+00:00
42696,1.0,88.23,41203.0,2025-08-10T23:29:39+00:00
42700,0.99,30.26,41204.0,2025-08-10T23:29:39+00:00
42756,0.99,0.0,41233.0,2025-08-10T23:29:39+00:00
43428,0.96,364.19,41505.0,2025-08-10T23:29:43+00:00
6717,0.975,1.0,8408.0,2025-08-10T23:29:46+00:00
6820,1.0,1.0,8614.0,2025-08-10T23:29:47+00:00
6882,0.93,1.1,8808.0,2025-08-10T23:29:48+00:00
6899,1.0,1.0,8878.0,2025-08-10T23:29:48+00:00
55401,0.64,1.0,46925.0,2025-08-10T23:29:49+00:00
6971,0.82,1809.68,9064.0,2025-08-10T23:29:49+00:00
6336,0.98,1.0,7543.0,2025-08-10T23:29:50+00:00
6446,0.98,1.0,7672.0,2025-08-10T23:29:51+00:00
6609,0.965,1.0,8090.0,2025-08-10T23:29:53+00:00
6641,0.945,1.0,8169.0,2025-08-10T23:29:53+00:00
6719,0.97,1.0,8415.0,2025-08-10T23:29:53+00:00
40525,0.855,1.0,40276.0,2025-08-10T23:30:07+00:00
41943,0.84,0.76,40892.0,2025-08-10T23:30:14+00:00
42528,0.965,340.11,41138.0,2025-08-10T23:30:17+00:00
42741,0.955,459.07,41227.0,2025-08-10T23:30:19+00:00
42784,0.99,45.49,41243.0,2025-08-10T23:30:19+00:00
42936,0.995,59.68,41305.0,2025-08-10T23:30:19+00:00
43624,0.85,39.45,41582.0,2025-08-10T23:30:20+00:00
43681,1.0,53.95,41607.0,2025-08-10T23:30:20+00:00
44270,1.0,1.0,41870.0,2025-08-10T23:30:23+00:00
44556,0.975,1.0,41991.0,2025-08-10T23:30:24+00:00
46909,0.965,1.0,42985.0,2025-08-10T23:30:35+00:00
46918,0.98,648.0,42988.0,2025-08-10T23:30:35+00:00
8296,0.925,1.0,11080.0,2025-08-10T23:30:37+00:00
58422,0.64,208.58,48380.0,2025-08-10T23:30:39+00:00
58761,0.665,1.0,48533.0,2025-08-10T23:30:40+00:00
8615,0.975,1.0,11629.0,2025-08-10T23:30:40+00:00
8842,0.995,0.0,12093.0,2025-08-10T23:30:42+00:00
8296,0.925,1.0,11080.0,2025-08-10T23:30:44+00:00
8312,0.95,1.0,11092.0,2025-08-10T23:30:44+00:00
8335,0.94,1.0,11131.0,2025-08-10T23:30:44+00:00
9035,1.0,1.0,12597.0,2025-08-10T23:30:52+00:00
9179,0.985,1.0,13126.0,2025-08-10T23:30:53+00:00
42958,0.955,9.99,41313.0,2025-08-10T23:30:55+00:00
43204,0.99,106.55,41413.0,2025-08-10T23:30:56+00:00
44091,0.775,99.99,41791.0,2025-08-10T23:31:00+00:00
40085,0.755,1.0,40086.0,2025-08-10T23:31:01+00:00
40525,0.855,1.0,40276.0,2025-08-10T23:31:04+00:00
45203,0.95,1.0,42247.0,2025-08-10T23:31:06+00:00
45732,0.935,1.0,42474.0,2025-08-10T23:31:09+00:00
623,0.6,529.0,472.0,2025-08-10T23:31:11+00:00
47802,0.95,88.0,43369.0,2025-08-10T23:31:15+00:00
50211,0.98,1.0,44393.0,2025-08-10T23:31:28+00:00
50537,0.585,1.0,44532.0,2025-08-10T23:31:29+00:00
61787,0.925,360.0,49985.0,2025-08-10T23:31:31+00:00
10484,0.605,3.79,17187.0,2025-08-10T23:31:35+00:00
10891,0.945,188.78,18675.0,2025-08-10T23:31:39+00:00
10484,0.605,3.79,17187.0,2025-08-10T23:31:41+00:00
10498,0.645,3.93,17230.0,2025-08-10T23:31:41+00:00
10630,0.99,766.36,17838.0,2025-08-10T23:31:43+00:00
11343,0.995,1.0,19762.0,2025-08-10T23:31:50+00:00
48094,0.785,24.9,43494.0,2025-08-10T23:31:55+00:00
52521,0.61,105.99,45501.0,2025-08-10T23:32:13+00:00
6338,0.98,1.0,7551.0,2025-08-10T23:32:32+00:00
6446,0.98,1.0,7672.0,2025-08-10T23:32:33+00:00
6472,0.945,1.0,7740.0,2025-08-10T23:32:33+00:00
6609,0.965,1.0,8090.0,2025-08-10T23:32:33+00:00
6641,0.945,1.0,8169.0,2025-08-10T23:32:34+00:00
6717,0.975,1.0,8408.0,2025-08-10T23:32:34+00:00
6719,0.97,1.0,8415.0,2025-08-10T23:32:34+00:00
6774,0.985,1.0,8528.0,2025-08-10T23:32:34+00:00
6882,0.93,1.1,8808.0,2025-08-10T23:32:34+00:00
6903,1.0,1.0,8886.0,2025-08-10T23:32:35+00:00
6971,0.82,1809.68,9064.0,2025-08-10T23:32:35+00:00
6331,0.965,1.0,7526.0,2025-08-10T23:32:37+00:00
6334,0.97,1.0,7535.0,2025-08-10T23:32:37+00:00
6427,0.99,1.0,7610.0,2025-08-10T23:32:37+00:00
6446,0.98,1.0,7672.0,2025-08-10T23:32:37+00:00
52466,0.965,1.0,45463.0,2025-08-10T23:32:49+00:00
52584,0.985,1.0,45541.0,2025-08-10T23:32:50+00:00
6336,0.98,1.0,7543.0,2025-08-10T23:33:04+00:00
6529,0.99,1.0,7891.0,2025-08-10T23:33:05+00:00
6734,0.985,1.0,8451.0,2025-08-10T23:33:06+00:00
6820,1.0,1.0,8614.0,2025-08-10T23:33:06+00:00
6899,1.0,1.0,8878.0,2025-08-10T23:33:06+00:00
56703,0.58,0.76,47545.0,2025-08-10T23:33:08+00:00
6774,0.985,1.0,8528.0,2025-08-10T23:33:13+00:00
6870,1.0,1.0,8757.0,2025-08-10T23:33:13+00:00
6882,0.93,1.1,8808.0,2025-08-10T23:33:13+00:00
6899,1.0,1.0,8878.0,2025-08-10T23:33:13+00:00
8296,0.925,1.0,11080.0,2025-08-10T23:33:15+00:00
8335,0.94,1.0,11131.0,2025-08-10T23:33:15+00:00
8617,0.865,1.0,11635.0,2025-08-10T23:33:17+00:00
8842,0.995,0.0,12093.0,2025-08-10T23:33:18+00:00
9035,1.0,1.0,12597.0,2025-08-10T23:33:19+00:00
8312,0.95,1.0,11092.0,2025-08-10T23:33:20+00:00
8615,0.975,1.0,11629.0,2025-08-10T23:33:22+00:00
8617,0.865,1.0,11635.0,2025-08-10T23:33:22+00:00
8842,0.995,0.0,12093.0,2025-08-10T23:33:23+00:00
10204,0.8,11.39,15817.0,2025-08-10T23:33:24+00:00
9179,0.985,1.0,13126.0,2025-08-10T23:33:24+00:00
9252,0.955,1.0,13323.0,2025-08-10T23:33:25+00:00
10484,0.605,3.79,17187.0,2025-08-10T23:33:26+00:00
10630,0.99,766.36,17838.0,2025-08-10T23:33:27+00:00
10690,0.88,1218.89,18088.0,2025-08-10T23:33:27+00:00
10891,0.945,188.78,18675.0,2025-08-10T23:33:28+00:00
53591,0.96,1.0,46057.0,2025-08-10T23:33:29+00:00
53794,0.99,1.0,46149.0,2025-08-10T23:33:30+00:00
6108,0.905,59.0,6986.0,2025-08-10T23:33:37+00:00
6329,0.77,1.0,7519.0,2025-08-10T23:33:38+00:00
6338,0.98,1.0,7551.0,2025-08-10T23:33:38+00:00
55401,0.64,1.0,46925.0,2025-08-10T23:33:38+00:00
6641,0.945,1.0,8169.0,2025-08-10T23:33:40+00:00
6734,0.985,1.0,8451.0,2025-08-10T23:33:40+00:00
6820,1.0,1.0,8614.0,2025-08-10T23:33:41+00:00
6870,1.0,1.0,8757.0,2025-08-10T23:33:41+00:00
6882,0.93,1.1,8808.0,2025-08-10T23:33:41+00:00
6899,1.0,1.0,8878.0,2025-08-10T23:33:41+00:00
6971,0.82,1809.68,9064.0,2025-08-10T23:33:41+00:00
57248,0.595,7.58,47826.0,2025-08-10T23:33:46+00:00
8312,0.95,1.0,11092.0,2025-08-10T23:33:49+00:00
9179,0.985,1.0,13126.0,2025-08-10T23:33:54+00:00
9252,0.955,1.0,13323.0,2025-08-10T23:33:54+00:00
9487,0.99,1.0,14073.0,2025-08-10T23:33:55+00:00
9509,0.995,1.0,14152.0,2025-08-10T23:33:55+00:00
59539,0.915,19.73,48884.0,2025-08-10T23:33:58+00:00
10801,0.985,1.0,18399.0,2025-08-10T23:34:03+00:00
11343,0.995,1.0,19762.0,2025-08-10T23:34:06+00:00
10497,0.645,3.79,17220.0,2025-08-10T23:34:09+00:00
11841,0.995,1.0,20332.0,2025-08-10T23:34:11+00:00
10897,1.0,1.0,18690.0,2025-08-10T23:34:11+00:00
11710,1.0,1.0,20011.0,2025-08-10T23:34:16+00:00
12369,0.96,1.0,21662.0,2025-08-10T23:34:19+00:00
14104,0.77,3.12,25095.0,2025-08-10T23:34:24+00:00
14197,0.885,99.99,25231.0,2025-08-10T23:34:24+00:00
14211,0.93,99.99,25254.0,2025-08-10T23:34:24+00:00
14211,0.93,99.99,25254.0,2025-08-10T23:34:28+00:00
8615,0.975,1.0,11629.0,2025-08-10T23:34:29+00:00
8617,0.865,1.0,11635.0,2025-08-10T23:34:29+00:00
14338,0.665,3.76,25426.0,2025-08-10T23:34:29+00:00
9035,1.0,1.0,12597.0,2025-08-10T23:34:31+00:00
9252,0.955,1.0,13323.0,2025-08-10T23:34:32+00:00
15166,0.96,99.99,26523.0,2025-08-10T23:34:33+00:00
15539,1.0,99.99,26931.0,2025-08-10T23:34:35+00:00
10204,0.8,11.39,15817.0,2025-08-10T23:34:36+00:00
10484,0.605,3.79,17187.0,2025-08-10T23:34:38+00:00
10568,0.965,1.0,17520.0,2025-08-10T23:34:38+00:00
57615,0.965,0.76,47982.0,2025-08-10T23:34:44+00:00
11880,0.995,1.0,20451.0,2025-08-10T23:34:45+00:00
12070,0.995,1.0,20931.0,2025-08-10T23:34:46+00:00
58422,0.64,208.58,48380.0,2025-08-10T23:34:48+00:00
14170,0.795,99.99,25198.0,2025-08-10T23:34:56+00:00
14338,0.665,3.76,25426.0,2025-08-10T23:34:57+00:00
14920,0.275,1.0,26217.0,2025-08-10T23:35:02+00:00
15166,0.96,99.99,26523.0,2025-08-10T23:35:03+00:00
15204,0.965,99.99,26556.0,2025-08-10T23:35:03+00:00
15225,0.995,99.99,26585.0,2025-08-10T23:35:03+00:00
15451,0.995,99.99,26833.0,2025-08-10T23:35:04+00:00
15476,1.0,99.99,26863.0,2025-08-10T23:35:04+00:00
16110,0.31,1.0,27524.0,2025-08-10T23:35:07+00:00
16780,0.945,99.99,28143.0,2025-08-10T23:35:10+00:00
16851,0.24,1.0,28233.0,2025-08-10T23:35:11+00:00
17317,0.985,99.99,28625.0,2025-08-10T23:35:13+00:00
64460,0.975,99.99,51155.0,2025-08-10T23:35:16+00:00
17480,0.84,99.99,28755.0,2025-08-10T23:35:18+00:00
11841,0.995,1.0,20332.0,2025-08-10T23:35:18+00:00
12070,0.995,1.0,20931.0,2025-08-10T23:35:19+00:00
12108,0.995,1.0,21046.0,2025-08-10T23:35:19+00:00
18472,0.825,0.68,29531.0,2025-08-10T23:35:23+00:00
18773,0.97,0.68,29753.0,2025-08-10T23:35:24+00:00
14197,0.885,99.99,25231.0,2025-08-10T23:35:29+00:00
14211,0.93,99.99,25254.0,2025-08-10T23:35:29+00:00
14338,0.665,3.76,25426.0,2025-08-10T23:35:29+00:00
15225,0.995,99.99,26585.0,2025-08-10T23:35:34+00:00
15539,1.0,99.99,26931.0,2025-08-10T23:35:37+00:00
15566,1.0,99.99,26961.0,2025-08-10T23:35:37+00:00
61787,0.925,360.0,49985.0,2025-08-10T23:35:38+00:00
15751,1.0,99.99,27187.0,2025-08-10T23:35:38+00:00
15781,0.99,99.99,27219.0,2025-08-10T23:35:38+00:00
15810,0.955,99.99,27252.0,2025-08-10T23:35:38+00:00
61966,0.265,1.0,50067.0,2025-08-10T23:35:39+00:00
16863,0.86,730.86,28242.0,2025-08-10T23:35:44+00:00
17407,0.97,99.99,28692.0,2025-08-10T23:35:46+00:00
17453,0.945,99.99,28726.0,2025-08-10T23:35:46+00:00
63634,0.93,99.99,50808.0,2025-08-10T23:35:46+00:00
20198,0.75,104.81,30852.0,2025-08-10T23:36:01+00:00
15566,1.0,99.99,26961.0,2025-08-10T23:36:09+00:00
15751,1.0,99.99,27187.0,2025-08-10T23:36:10+00:00
15781,0.99,99.99,27219.0,2025-08-10T23:36:10+00:00
17317,0.985,99.99,28625.0,2025-08-10T23:36:17+00:00
17407,0.97,99.99,28692.0,2025-08-10T23:36:17+00:00
23308,0.97,0.0,32686.0,2025-08-10T23:36:20+00:00
18773,0.97,0.68,29753.0,2025-08-10T23:36:26+00:00
541,0.8,0.0,406.0,2025-08-10T23:36:34+00:00
541,0.8,0.0,406.0,2025-08-10T23:36:39+00:00
623,0.6,529.0,472.0,2025-08-10T23:36:40+00:00
541,0.8,0.0,406.0,2025-08-10T23:36:40+00:00
20198,0.75,104.81,30852.0,2025-08-10T23:37:04+00:00
27362,0.675,1.52,34521.0,2025-08-10T23:37:14+00:00
4920,0.72,239.93,4462.0,2025-08-10T23:37:57+00:00
28976,0.275,2.69,35261.0,2025-08-10T23:37:59+00:00
6336,0.98,1.0,7543.0,2025-08-10T23:38:04+00:00
6472,0.945,1.0,7740.0,2025-08-10T23:38:05+00:00
6529,0.99,1.0,7891.0,2025-08-10T23:38:05+00:00
6717,0.975,1.0,8408.0,2025-08-10T23:38:06+00:00
6734,0.985,1.0,8451.0,2025-08-10T23:38:06+00:00
6870,1.0,1.0,8757.0,2025-08-10T23:38:06+00:00
6899,1.0,1.0,8878.0,2025-08-10T23:38:06+00:00
30442,0.995,4.56,35926.0,2025-08-10T23:38:07+00:00
30473,0.975,14.46,35942.0,2025-08-10T23:38:07+00:00
26802,0.9,19.02,34256.0,2025-08-10T23:38:15+00:00
27627,0.985,18.96,34634.0,2025-08-10T23:38:19+00:00
27738,0.955,125.3,34684.0,2025-08-10T23:38:20+00:00
6108,0.905,59.0,6986.0,2025-08-10T23:38:37+00:00
6334,0.97,1.0,7535.0,2025-08-10T23:38:39+00:00
6427,0.99,1.0,7610.0,2025-08-10T23:38:39+00:00
6719,0.97,1.0,8415.0,2025-08-10T23:38:40+00:00
6820,1.0,1.0,8614.0,2025-08-10T23:38:41+00:00
6336,0.98,1.0,7543.0,2025-08-10T23:38:42+00:00
6338,0.98,1.0,7551.0,2025-08-10T23:38:42+00:00
6446,0.98,1.0,7672.0,2025-08-10T23:38:43+00:00
6472,0.945,1.0,7740.0,2025-08-10T23:38:43+00:00
6529,0.99,1.0,7891.0,2025-08-10T23:38:44+00:00
6609,0.965,1.0,8090.0,2025-08-10T23:38:45+00:00
6641,0.945,1.0,8169.0,2025-08-10T23:38:45+00:00
6719,0.97,1.0,8415.0,2025-08-10T23:38:46+00:00
8335,0.94,1.0,11131.0,2025-08-10T23:38:49+00:00
8842,0.995,0.0,12093.0,2025-08-10T23:38:52+00:00
8845,0.985,30.39,12095.0,2025-08-10T23:38:52+00:00
8972,0.78,179.66,12393.0,2025-08-10T23:38:53+00:00
9487,0.99,1.0,14073.0,2025-08-10T23:38:55+00:00
10498,0.645,3.93,17230.0,2025-08-10T23:39:00+00:00
10891,0.945,188.78,18675.0,2025-08-10T23:39:03+00:00
30100,0.98,60.6,35771.0,2025-08-10T23:39:08+00:00
30314,0.98,7.61,35866.0,2025-08-10T23:39:09+00:00
31002,0.99,111.7,36170.0,2025-08-10T23:39:12+00:00
6108,0.905,59.0,6986.0,2025-08-10T23:39:16+00:00
6329,0.77,1.0,7519.0,2025-08-10T23:39:19+00:00
6331,0.965,1.0,7526.0,2025-08-10T23:39:19+00:00
6334,0.97,1.0,7535.0,2025-08-10T23:39:19+00:00
6734,0.985,1.0,8451.0,2025-08-10T23:39:22+00:00
6108,0.905,59.0,6986.0,2025-08-10T23:39:22+00:00
8296,0.925,1.0,11080.0,2025-08-10T23:39:24+00:00
6329,0.77,1.0,7519.0,2025-08-10T23:39:25+00:00
6338,0.98,1.0,7551.0,2025-08-10T23:39:25+00:00
8615,0.975,1.0,11629.0,2025-08-10T23:39:26+00:00
8617,0.865,1.0,11635.0,2025-08-10T23:39:26+00:00
6427,0.99,1.0,7610.0,2025-08-10T23:39:26+00:00
9035,1.0,1.0,12597.0,2025-08-10T23:39:28+00:00
9252,0.955,1.0,13323.0,2025-08-10T23:39:29+00:00
6734,0.985,1.0,8451.0,2025-08-10T23:39:29+00:00
6774,0.985,1.0,8528.0,2025-08-10T23:39:29+00:00
6820,1.0,1.0,8614.0,2025-08-10T23:39:30+00:00
6870,1.0,1.0,8757.0,2025-08-10T23:39:30+00:00
6882,0.93,1.1,8808.0,2025-08-10T23:39:31+00:00
6899,1.0,1.0,8878.0,2025-08-10T23:39:31+00:00
6903,1.0,1.0,8886.0,2025-08-10T23:39:31+00:00
6971,0.82,1809.68,9064.0,2025-08-10T23:39:31+00:00
10497,0.645,3.79,17220.0,2025-08-10T23:39:35+00:00
10568,0.965,1.0,17520.0,2025-08-10T23:39:35+00:00
10630,0.99,766.36,17838.0,2025-08-10T23:39:36+00:00
10690,0.88,1218.89,18088.0,2025-08-10T23:39:36+00:00
10897,1.0,1.0,18690.0,2025-08-10T23:39:37+00:00
11343,0.995,1.0,19762.0,2025-08-10T23:39:40+00:00
11710,1.0,1.0,20011.0,2025-08-10T23:39:43+00:00
12108,0.995,1.0,21046.0,2025-08-10T23:39:45+00:00
14170,0.795,99.99,25198.0,2025-08-10T23:39:57+00:00
14197,0.885,99.99,25231.0,2025-08-10T23:39:57+00:00
33276,0.795,12.31,37167.0,2025-08-10T23:40:02+00:00
6774,0.985,1.0,8528.0,2025-08-10T23:40:18+00:00
6870,1.0,1.0,8757.0,2025-08-10T23:40:19+00:00
6903,1.0,1.0,8886.0,2025-08-10T23:40:20+00:00
12070,0.995,1.0,20931.0,2025-08-10T23:40:20+00:00
6331,0.965,1.0,7526.0,2025-08-10T23:40:21+00:00
6334,0.97,1.0,7535.0,2025-08-10T23:40:21+00:00
12369,0.96,1.0,21662.0,2025-08-10T23:40:22+00:00
6472,0.945,1.0,7740.0,2025-08-10T23:40:22+00:00
6529,0.99,1.0,7891.0,2025-08-10T23:40:23+00:00
6717,0.975,1.0,8408.0,2025-08-10T23:40:25+00:00
14338,0.665,3.76,25426.0,2025-08-10T23:40:31+00:00
8312,0.95,1.0,11092.0,2025-08-10T23:40:33+00:00
8335,0.94,1.0,11131.0,2025-08-10T23:40:33+00:00
8617,0.865,1.0,11635.0,2025-08-10T23:40:35+00:00
15539,1.0,99.99,26931.0,2025-08-10T23:40:38+00:00
15736,1.0,99.99,27163.0,2025-08-10T23:40:38+00:00
15751,1.0,99.99,27187.0,2025-08-10T23:40:39+00:00
9035,1.0,1.0,12597.0,2025-08-10T23:40:39+00:00
9252,0.955,1.0,13323.0,2025-08-10T23:40:41+00:00
16415,0.975,23.36,27784.0,2025-08-10T23:40:42+00:00
8615,0.975,1.0,11629.0,2025-08-10T23:40:42+00:00
8617,0.865,1.0,11635.0,2025-08-10T23:40:42+00:00
9487,0.99,1.0,14073.0,2025-08-10T23:40:44+00:00
16863,0.86,730.86,28242.0,2025-08-10T23:40:44+00:00
8842,0.995,0.0,12093.0,2025-08-10T23:40:44+00:00
8845,0.985,30.39,12095.0,2025-08-10T23:40:44+00:00
8972,0.78,179.66,12393.0,2025-08-10T23:40:45+00:00
17366,0.99,99.99,28658.0,2025-08-10T23:40:47+00:00
17407,0.97,99.99,28692.0,2025-08-10T23:40:47+00:00
17453,0.945,99.99,28726.0,2025-08-10T23:40:47+00:00
17480,0.84,99.99,28755.0,2025-08-10T23:40:47+00:00
9252,0.955,1.0,13323.0,2025-08-10T23:40:48+00:00
42007,0.985,0.76,40918.0,2025-08-10T23:40:53+00:00
42473,0.995,3.79,41116.0,2025-08-10T23:40:55+00:00
42635,1.0,11.38,41181.0,2025-08-10T23:40:56+00:00
42674,0.99,1.52,41194.0,2025-08-10T23:40:56+00:00
42696,1.0,88.23,41203.0,2025-08-10T23:40:56+00:00
42741,0.955,459.07,41227.0,2025-08-10T23:40:57+00:00
42936,0.995,59.68,41305.0,2025-08-10T23:40:58+00:00
42958,0.955,9.99,41313.0,2025-08-10T23:40:58+00:00
43624,0.85,39.45,41582.0,2025-08-10T23:41:01+00:00
43773,0.98,172.32,41646.0,2025-08-10T23:41:02+00:00
44001,0.915,802.52,41743.0,2025-08-10T23:41:03+00:00
44091,0.775,99.99,41791.0,2025-08-10T23:41:03+00:00
44270,1.0,1.0,41870.0,2025-08-10T23:41:04+00:00
15204,0.965,99.99,26556.0,2025-08-10T23:41:09+00:00
15451,0.995,99.99,26833.0,2025-08-10T23:41:11+00:00
15476,1.0,99.99,26863.0,2025-08-10T23:41:11+00:00
15566,1.0,99.99,26961.0,2025-08-10T23:41:11+00:00
8845,0.985,30.39,12095.0,2025-08-10T23:41:12+00:00
15781,0.99,99.99,27219.0,2025-08-10T23:41:12+00:00
15810,0.955,99.99,27252.0,2025-08-10T23:41:12+00:00
8972,0.78,179.66,12393.0,2025-08-10T23:41:13+00:00
9179,0.985,1.0,13126.0,2025-08-10T23:41:15+00:00
16851,0.24,1.0,28233.0,2025-08-10T23:41:18+00:00
9509,0.995,1.0,14152.0,2025-08-10T23:41:18+00:00
17317,0.985,99.99,28625.0,2025-08-10T23:41:20+00:00
9487,0.99,1.0,14073.0,2025-08-10T23:41:24+00:00
10204,0.8,11.39,15817.0,2025-08-10T23:41:25+00:00
9509,0.995,1.0,14152.0,2025-08-10T23:41:25+00:00
18466,0.78,0.68,29526.0,2025-08-10T23:41:26+00:00
10497,0.645,3.79,17220.0,2025-08-10T23:41:27+00:00
10498,0.645,3.93,17230.0,2025-08-10T23:41:27+00:00
10568,0.965,1.0,17520.0,2025-08-10T23:41:28+00:00
10630,0.99,766.36,17838.0,2025-08-10T23:41:29+00:00
10801,0.985,1.0,18399.0,2025-08-10T23:41:30+00:00
10690,0.88,1218.89,18088.0,2025-08-10T23:41:36+00:00
11710,1.0,1.0,20011.0,2025-08-10T23:41:39+00:00
11880,0.995,1.0,20451.0,2025-08-10T23:41:40+00:00
46909,0.965,1.0,42985.0,2025-08-10T23:41:51+00:00
41943,0.84,0.76,40892.0,2025-08-10T23:41:52+00:00
42007,0.985,0.76,40918.0,2025-08-10T23:41:52+00:00
42590,0.945,5.3,41164.0,2025-08-10T23:41:55+00:00
42696,1.0,88.23,41203.0,2025-08-10T23:41:55+00:00
42784,0.99,45.49,41243.0,2025-08-10T23:41:56+00:00
48094,0.785,24.9,43494.0,2025-08-10T23:41:57+00:00
42945,1.0,0.76,41308.0,2025-08-10T23:41:57+00:00
43061,0.975,34.12,41353.0,2025-08-10T23:41:57+00:00
43160,0.995,273.01,41397.0,2025-08-10T23:41:58+00:00
10690,0.88,1218.89,18088.0,2025-08-10T23:42:03+00:00
10897,1.0,1.0,18690.0,2025-08-10T23:42:05+00:00
10204,0.8,11.39,15817.0,2025-08-10T23:42:05+00:00
10497,0.645,3.79,17220.0,2025-08-10T23:42:08+00:00
20198,0.75,104.81,30852.0,2025-08-10T23:42:08+00:00
10568,0.965,1.0,17520.0,2025-08-10T23:42:08+00:00
11343,0.995,1.0,19762.0,2025-08-10T23:42:09+00:00
10801,0.985,1.0,18399.0,2025-08-10T23:42:11+00:00
10891,0.945,188.78,18675.0,2025-08-10T23:42:12+00:00
10897,1.0,1.0,18690.0,2025-08-10T23:42:12+00:00
11841,0.995,1.0,20332.0,2025-08-10T23:42:14+00:00
12070,0.995,1.0,20931.0,2025-08-10T23:42:16+00:00
12261,0.99,1.0,21419.0,2025-08-10T23:42:18+00:00
12369,0.96,1.0,21662.0,2025-08-10T23:42:19+00:00
11880,0.995,1.0,20451.0,2025-08-10T23:42:21+00:00
623,0.6,529.0,472.0,2025-08-10T23:42:29+00:00
43681,1.0,53.95,41607.0,2025-08-10T23:42:34+00:00
44001,0.915,802.52,41743.0,2025-08-10T23:42:36+00:00
44270,1.0,1.0,41870.0,2025-08-10T23:42:37+00:00
44556,0.975,1.0,41991.0,2025-08-10T23:42:38+00:00
46998,0.925,204.27,43028.0,2025-08-10T23:42:50+00:00
12108,0.995,1.0,21046.0,2025-08-10T23:42:51+00:00
11710,1.0,1.0,20011.0,2025-08-10T23:42:54+00:00
11841,0.995,1.0,20332.0,2025-08-10T23:42:55+00:00
541,0.8,0.0,406.0,2025-08-10T23:43:02+00:00
50211,0.98,1.0,44393.0,2025-08-10T23:43:04+00:00
23308,0.97,0.0,32686.0,2025-08-10T23:43:14+00:00
23422,0.865,717.15,32745.0,2025-08-10T23:43:15+00:00
52521,0.61,105.99,45501.0,2025-08-10T23:43:26+00:00
26802,0.9,19.02,34256.0,2025-08-10T23:43:30+00:00
55401,0.64,1.0,46925.0,2025-08-10T23:43:42+00:00
52466,0.965,1.0,45463.0,2025-08-10T23:43:53+00:00
52521,0.61,105.99,45501.0,2025-08-10T23:43:53+00:00
53794,0.99,1.0,46149.0,2025-08-10T23:44:01+00:00
4920,0.72,239.93,4462.0,2025-08-10T23:44:03+00:00
6336,0.98,1.0,7543.0,2025-08-10T23:44:11+00:00
6472,0.945,1.0,7740.0,2025-08-10T23:44:12+00:00
6719,0.97,1.0,8415.0,2025-08-10T23:44:13+00:00
6903,1.0,1.0,8886.0,2025-08-10T23:44:14+00:00
27362,0.675,1.52,34521.0,2025-08-10T23:44:15+00:00
27738,0.955,125.3,34684.0,2025-08-10T23:44:17+00:00
29687,0.645,0.76,35585.0,2025-08-10T23:44:26+00:00
30100,0.98,60.6,35771.0,2025-08-10T23:44:28+00:00
30398,0.95,9.13,35906.0,2025-08-10T23:44:29+00:00
30473,0.975,14.46,35942.0,2025-08-10T23:44:29+00:00
30496,0.975,111.7,35953.0,2025-08-10T23:44:29+00:00
31002,0.99,111.7,36170.0,2025-08-10T23:44:32+00:00
55401,0.64,1.0,46925.0,2025-08-10T23:44:46+00:00
6331,0.965,1.0,7526.0,2025-08-10T23:44:47+00:00
6334,0.97,1.0,7535.0,2025-08-10T23:44:47+00:00
6427,0.99,1.0,7610.0,2025-08-10T23:44:48+00:00
6446,0.98,1.0,7672.0,2025-08-10T23:44:48+00:00
6529,0.99,1.0,7891.0,2025-08-10T23:44:48+00:00
6609,0.965,1.0,8090.0,2025-08-10T23:44:49+00:00
6717,0.975,1.0,8408.0,2025-08-10T23:44:49+00:00
6774,0.985,1.0,8528.0,2025-08-10T23:44:50+00:00
8296,0.925,1.0,11080.0,2025-08-10T23:44:57+00:00
8312,0.95,1.0,11092.0,2025-08-10T23:44:57+00:00
8335,0.94,1.0,11131.0,2025-08-10T23:44:58+00:00
8845,0.985,30.39,12095.0,2025-08-10T23:45:00+00:00
9509,0.995,1.0,14152.0,2025-08-10T23:45:03+00:00
30314,0.98,7.61,35866.0,2025-08-10T23:45:07+00:00
30384,0.97,1.0,35899.0,2025-08-10T23:45:07+00:00
30442,0.995,4.56,35926.0,2025-08-10T23:45:08+00:00
10497,0.645,3.79,17220.0,2025-08-10T23:45:08+00:00
10630,0.99,766.36,17838.0,2025-08-10T23:45:09+00:00
10690,0.88,1218.89,18088.0,2025-08-10T23:45:10+00:00
10801,0.985,1.0,18399.0,2025-08-10T23:45:10+00:00
10891,0.945,188.78,18675.0,2025-08-10T23:45:11+00:00
10897,1.0,1.0,18690.0,2025-08-10T23:45:11+00:00
11343,0.995,1.0,19762.0,2025-08-10T23:45:13+00:00
11710,1.0,1.0,20011.0,2025-08-10T23:45:15+00:00
11880,0.995,1.0,20451.0,2025-08-10T23:45:15+00:00
12261,0.99,1.0,21419.0,2025-08-10T23:45:17+00:00
61787,0.925,360.0,49985.0,2025-08-10T23:45:32+00:00
61966,0.265,1.0,50067.0,2025-08-10T23:45:33+00:00
58422,0.64,208.58,48380.0,2025-08-10T23:45:39+00:00
58761,0.665,1.0,48533.0,2025-08-10T23:45:41+00:00
8842,0.995,0.0,12093.0,2025-08-10T23:45:55+00:00
8972,0.78,179.66,12393.0,2025-08-10T23:45:56+00:00
9179,0.985,1.0,13126.0,2025-08-10T23:45:57+00:00
9487,0.99,1.0,14073.0,2025-08-10T23:45:59+00:00
33276,0.795,12.31,37167.0,2025-08-10T23:45:59+00:00
10498,0.645,3.93,17230.0,2025-08-10T23:46:06+00:00
541,0.8,0.0,406.0,2025-08-10T23:51:21+00:00
623,0.6,529.0,472.0,2025-08-10T23:51:44+00:00
4920,0.72,239.93,4462.0,2025-08-10T23:52:25+00:00
6108,0.905,59.0,6986.0,2025-08-10T23:52:31+00:00
6334,0.97,1.0,7535.0,2025-08-10T23:52:32+00:00
6336,0.98,1.0,7543.0,2025-08-10T23:52:32+00:00
6446,0.98,1.0,7672.0,2025-08-10T23:52:32+00:00
6472,0.945,1.0,7740.0,2025-08-10T23:52:33+00:00
6609,0.965,1.0,8090.0,2025-08-10T23:52:33+00:00
6641,0.945,1.0,8169.0,2025-08-10T23:52:34+00:00
6774,0.985,1.0,8528.0,2025-08-10T23:52:34+00:00
6331,0.965,1.0,7526.0,2025-08-10T23:52:51+00:00
6717,0.975,1.0,8408.0,2025-08-10T23:52:53+00:00
6734,0.985,1.0,8451.0,2025-08-10T23:52:53+00:00
6820,1.0,1.0,8614.0,2025-08-10T23:52:53+00:00
6870,1.0,1.0,8757.0,2025-08-10T23:52:54+00:00
6899,1.0,1.0,8878.0,2025-08-10T23:52:54+00:00
6903,1.0,1.0,8886.0,2025-08-10T23:52:54+00:00
6329,0.77,1.0,7519.0,2025-08-10T23:53:08+00:00
6338,0.98,1.0,7551.0,2025-08-10T23:53:09+00:00
6427,0.99,1.0,7610.0,2025-08-10T23:53:09+00:00
6529,0.99,1.0,7891.0,2025-08-10T23:53:09+00:00
6719,0.97,1.0,8415.0,2025-08-10T23:53:10+00:00
6882,0.93,1.1,8808.0,2025-08-10T23:53:11+00:00
6971,0.82,1809.68,9064.0,2025-08-10T23:53:11+00:00
8296,0.925,1.0,11080.0,2025-08-10T23:53:18+00:00
8335,0.94,1.0,11131.0,2025-08-10T23:53:18+00:00
8617,0.865,1.0,11635.0,2025-08-10T23:53:20+00:00
8845,0.985,30.39,12095.0,2025-08-10T23:53:21+00:00
9487,0.99,1.0,14073.0,2025-08-10T23:53:24+00:00
9509,0.995,1.0,14152.0,2025-08-10T23:53:24+00:00
10484,0.605,3.79,17187.0,2025-08-10T23:53:29+00:00
10498,0.645,3.93,17230.0,2025-08-10T23:53:29+00:00
8312,0.95,1.0,11092.0,2025-08-10T23:53:36+00:00
8615,0.975,1.0,11629.0,2025-08-10T23:53:38+00:00
8842,0.995,0.0,12093.0,2025-08-10T23:53:39+00:00
10204,0.8,11.39,15817.0,2025-08-10T23:53:47+00:00
10897,1.0,1.0,18690.0,2025-08-10T23:53:52+00:00
8972,0.78,179.66,12393.0,2025-08-10T23:54:01+00:00
9035,1.0,1.0,12597.0,2025-08-10T23:54:01+00:00
9179,0.985,1.0,13126.0,2025-08-10T23:54:02+00:00
9252,0.955,1.0,13323.0,2025-08-10T23:54:02+00:00
10497,0.645,3.79,17220.0,2025-08-10T23:54:10+00:00
10568,0.965,1.0,17520.0,2025-08-10T23:54:10+00:00
10630,0.99,766.36,17838.0,2025-08-10T23:54:10+00:00
10690,0.88,1218.89,18088.0,2025-08-10T23:54:11+00:00
10801,0.985,1.0,18399.0,2025-08-10T23:54:11+00:00
10891,0.945,188.78,18675.0,2025-08-10T23:54:12+00:00
11841,0.995,1.0,20332.0,2025-08-10T23:54:18+00:00
12108,0.995,1.0,21046.0,2025-08-10T23:54:20+00:00
11343,0.995,1.0,19762.0,2025-08-10T23:54:35+00:00
12261,0.99,1.0,21419.0,2025-08-10T23:54:40+00:00
12369,0.96,1.0,21662.0,2025-08-10T23:54:41+00:00
14104,0.77,3.12,25095.0,2025-08-10T23:54:49+00:00
14338,0.665,3.76,25426.0,2025-08-10T23:54:50+00:00
11710,1.0,1.0,20011.0,2025-08-10T23:54:54+00:00
11880,0.995,1.0,20451.0,2025-08-10T23:54:55+00:00
12070,0.995,1.0,20931.0,2025-08-10T23:54:56+00:00
14170,0.795,99.99,25198.0,2025-08-10T23:55:05+00:00
14197,0.885,99.99,25231.0,2025-08-10T23:55:05+00:00
14211,0.93,99.99,25254.0,2025-08-10T23:55:05+00:00
15166,0.96,99.99,26523.0,2025-08-10T23:55:10+00:00
15476,1.0,99.99,26863.0,2025-08-10T23:55:12+00:00
15781,0.99,99.99,27219.0,2025-08-10T23:55:14+00:00
16110,0.31,1.0,27524.0,2025-08-10T23:55:15+00:00
16780,0.945,99.99,28143.0,2025-08-10T23:55:18+00:00
16851,0.24,1.0,28233.0,2025-08-10T23:55:19+00:00
17453,0.945,99.99,28726.0,2025-08-10T23:55:22+00:00
14920,0.275,1.0,26217.0,2025-08-10T23:55:29+00:00
15204,0.965,99.99,26556.0,2025-08-10T23:55:30+00:00
15225,0.995,99.99,26585.0,2025-08-10T23:55:30+00:00
15539,1.0,99.99,26931.0,2025-08-10T23:55:31+00:00
15736,1.0,99.99,27163.0,2025-08-10T23:55:32+00:00
15810,0.955,99.99,27252.0,2025-08-10T23:55:32+00:00
16415,0.975,23.36,27784.0,2025-08-10T23:55:35+00:00
16863,0.86,730.86,28242.0,2025-08-10T23:55:38+00:00
15451,0.995,99.99,26833.0,2025-08-10T23:55:47+00:00
15506,1.0,99.99,26899.0,2025-08-10T23:55:48+00:00
15566,1.0,99.99,26961.0,2025-08-10T23:55:48+00:00
15751,1.0,99.99,27187.0,2025-08-10T23:55:49+00:00
17317,0.985,99.99,28625.0,2025-08-10T23:55:56+00:00
17366,0.99,99.99,28658.0,2025-08-10T23:55:56+00:00
17407,0.97,99.99,28692.0,2025-08-10T23:55:57+00:00
17480,0.84,99.99,28755.0,2025-08-10T23:55:57+00:00
18466,0.78,0.68,29526.0,2025-08-10T23:56:02+00:00
18773,0.97,0.68,29753.0,2025-08-10T23:56:04+00:00
623,0.6,529.0,472.0,2025-08-10T23:56:30+00:00
18472,0.825,0.68,29531.0,2025-08-10T23:56:38+00:00
18809,0.87,30.3,29785.0,2025-08-10T23:56:40+00:00
541,0.8,0.0,406.0,2025-08-10T23:56:47+00:00
4920,0.72,239.93,4462.0,2025-08-10T23:57:27+00:00
6334,0.97,1.0,7535.0,2025-08-10T23:57:51+00:00
6336,0.98,1.0,7543.0,2025-08-10T23:57:51+00:00
6338,0.98,1.0,7551.0,2025-08-10T23:57:51+00:00
6609,0.965,1.0,8090.0,2025-08-10T23:57:52+00:00
6641,0.945,1.0,8169.0,2025-08-10T23:57:52+00:00
6717,0.975,1.0,8408.0,2025-08-10T23:57:52+00:00
6734,0.985,1.0,8451.0,2025-08-10T23:57:52+00:00
6820,1.0,1.0,8614.0,2025-08-10T23:57:53+00:00
6329,0.77,1.0,7519.0,2025-08-10T23:58:09+00:00
6331,0.965,1.0,7526.0,2025-08-10T23:58:09+00:00
6427,0.99,1.0,7610.0,2025-08-10T23:58:10+00:00
6446,0.98,1.0,7672.0,2025-08-10T23:58:10+00:00
6472,0.945,1.0,7740.0,2025-08-10T23:58:10+00:00
6870,1.0,1.0,8757.0,2025-08-10T23:58:12+00:00
6899,1.0,1.0,8878.0,2025-08-10T23:58:12+00:00
6903,1.0,1.0,8886.0,2025-08-10T23:58:12+00:00
6971,0.82,1809.68,9064.0,2025-08-10T23:58:12+00:00
541,0.8,0.0,406.0,2025-08-10T23:58:19+00:00
6108,0.905,59.0,6986.0,2025-08-10T23:58:26+00:00
6529,0.99,1.0,7891.0,2025-08-10T23:58:27+00:00
6719,0.97,1.0,8415.0,2025-08-10T23:58:28+00:00
6774,0.985,1.0,8528.0,2025-08-10T23:58:29+00:00
6882,0.93,1.1,8808.0,2025-08-10T23:58:29+00:00
623,0.6,529.0,472.0,2025-08-10T23:58:37+00:00
4920,0.72,239.93,4462.0,2025-08-10T23:59:32+00:00
6108,0.905,59.0,6986.0,2025-08-10T23:59:36+00:00
6329,0.77,1.0,7519.0,2025-08-10T23:59:37+00:00
6338,0.98,1.0,7551.0,2025-08-10T23:59:37+00:00
6427,0.99,1.0,7610.0,2025-08-10T23:59:38+00:00
6446,0.98,1.0,7672.0,2025-08-10T23:59:38+00:00
6472,0.945,1.0,7740.0,2025-08-10T23:59:38+00:00
6641,0.945,1.0,8169.0,2025-08-10T23:59:39+00:00
6734,0.985,1.0,8451.0,2025-08-10T23:59:39+00:00
6870,1.0,1.0,8757.0,2025-08-10T23:59:40+00:00
6899,1.0,1.0,8878.0,2025-08-10T23:59:40+00:00
8335,0.94,1.0,11131.0,2025-08-10T23:59:46+00:00
8617,0.865,1.0,11635.0,2025-08-10T23:59:47+00:00
8845,0.985,30.39,12095.0,2025-08-10T23:59:48+00:00
9035,1.0,1.0,12597.0,2025-08-10T23:59:49+00:00
6331,0.965,1.0,7526.0,2025-08-10T23:59:55+00:00
6717,0.975,1.0,8408.0,2025-08-10T23:59:57+00:00
6774,0.985,1.0,8528.0,2025-08-10T23:59:57+00:00
6820,1.0,1.0,8614.0,2025-08-10T23:59:58+00:00
6882,0.93,1.1,8808.0,2025-08-10T23:59:58+00:00
8312,0.95,1.0,11092.0,2025-08-11T00:00:05+00:00
6334,0.97,1.0,7535.0,2025-08-11T00:00:12+00:00
6336,0.98,1.0,7543.0,2025-08-11T00:00:12+00:00
6529,0.99,1.0,7891.0,2025-08-11T00:00:13+00:00
6609,0.965,1.0,8090.0,2025-08-11T00:00:13+00:00
6719,0.97,1.0,8415.0,2025-08-11T00:00:14+00:00
6903,1.0,1.0,8886.0,2025-08-11T00:00:15+00:00
6971,0.82,1809.68,9064.0,2025-08-11T00:00:16+00:00
8296,0.925,1.0,11080.0,2025-08-11T00:00:22+00:00
8615,0.975,1.0,11629.0,2025-08-11T00:00:24+00:00
10484,0.605,3.79,17187.0,2025-08-11T00:00:32+00:00
10498,0.645,3.93,17230.0,2025-08-11T00:00:32+00:00
10568,0.965,1.0,17520.0,2025-08-11T00:00:33+00:00
12261,0.99,1.0,21419.0,2025-08-11T00:00:41+00:00
8842,0.995,0.0,12093.0,2025-08-11T00:00:44+00:00
9487,0.99,1.0,14073.0,2025-08-11T00:00:47+00:00
10497,0.645,3.79,17220.0,2025-08-11T00:00:52+00:00
10801,0.985,1.0,18399.0,2025-08-11T00:00:53+00:00
10897,1.0,1.0,18690.0,2025-08-11T00:00:54+00:00
11343,0.995,1.0,19762.0,2025-08-11T00:00:56+00:00
11710,1.0,1.0,20011.0,2025-08-11T00:00:57+00:00
12108,0.995,1.0,21046.0,2025-08-11T00:00:59+00:00
8972,0.78,179.66,12393.0,2025-08-11T00:01:01+00:00
9179,0.985,1.0,13126.0,2025-08-11T00:01:02+00:00
9252,0.955,1.0,13323.0,2025-08-11T00:01:03+00:00
9509,0.995,1.0,14152.0,2025-08-11T00:01:04+00:00
10204,0.8,11.39,15817.0,2025-08-11T00:01:07+00:00
10630,0.99,766.36,17838.0,2025-08-11T00:01:09+00:00
10690,0.88,1218.89,18088.0,2025-08-11T00:01:09+00:00
10891,0.945,188.78,18675.0,2025-08-11T00:01:10+00:00
11841,0.995,1.0,20332.0,2025-08-11T00:01:15+00:00
11880,0.995,1.0,20451.0,2025-08-11T00:01:15+00:00
12070,0.995,1.0,20931.0,2025-08-11T00:01:16+00:00
12369,0.96,1.0,21662.0,2025-08-11T00:01:17+00:00
14170,0.795,99.99,25198.0,2025-08-11T00:01:25+00:00
14211,0.93,99.99,25254.0,2025-08-11T00:01:25+00:00
14338,0.665,3.76,25426.0,2025-08-11T00:01:25+00:00
541,0.8,0.0,406.0,2025-08-11T00:01:49+00:00
14104,0.77,3.12,25095.0,2025-08-11T00:02:00+00:00
14197,0.885,99.99,25231.0,2025-08-11T00:02:00+00:00
623,0.6,529.0,472.0,2025-08-11T00:02:05+00:00
4920,0.72,239.93,4462.0,2025-08-11T00:02:24+00:00
6331,0.965,1.0,7526.0,2025-08-11T00:02:31+00:00
6427,0.99,1.0,7610.0,2025-08-11T00:02:32+00:00
6609,0.965,1.0,8090.0,2025-08-11T00:02:33+00:00
6641,0.945,1.0,8169.0,2025-08-11T00:02:33+00:00
6820,1.0,1.0,8614.0,2025-08-11T00:02:34+00:00
6882,0.93,1.1,8808.0,2025-08-11T00:02:34+00:00
6903,1.0,1.0,8886.0,2025-08-11T00:02:34+00:00
8335,0.94,1.0,11131.0,2025-08-11T00:02:41+00:00
8842,0.995,0.0,12093.0,2025-08-11T00:02:43+00:00
8972,0.78,179.66,12393.0,2025-08-11T00:02:44+00:00
9035,1.0,1.0,12597.0,2025-08-11T00:02:44+00:00
9179,0.985,1.0,13126.0,2025-08-11T00:03:19+00:00
9487,0.99,1.0,14073.0,2025-08-11T00:03:21+00:00
10630,0.99,766.36,17838.0,2025-08-11T00:03:26+00:00
10801,0.985,1.0,18399.0,2025-08-11T00:03:27+00:00
10891,0.945,188.78,18675.0,2025-08-11T00:03:28+00:00
11343,0.995,1.0,19762.0,2025-08-11T00:03:30+00:00
11841,0.995,1.0,20332.0,2025-08-11T00:03:32+00:00
11880,0.995,1.0,20451.0,2025-08-11T00:03:32+00:00
12261,0.99,1.0,21419.0,2025-08-11T00:03:34+00:00
6329,0.77,1.0,7519.0,2025-08-11T00:03:43+00:00
6334,0.97,1.0,7535.0,2025-08-11T00:03:43+00:00
6336,0.98,1.0,7543.0,2025-08-11T00:03:43+00:00
6108,0.905,59.0,6986.0,2025-08-11T00:03:56+00:00
6338,0.98,1.0,7551.0,2025-08-11T00:03:57+00:00
6446,0.98,1.0,7672.0,2025-08-11T00:03:58+00:00
6472,0.945,1.0,7740.0,2025-08-11T00:03:58+00:00
6529,0.99,1.0,7891.0,2025-08-11T00:03:58+00:00
6717,0.975,1.0,8408.0,2025-08-11T00:03:59+00:00
6719,0.97,1.0,8415.0,2025-08-11T00:03:59+00:00
6734,0.985,1.0,8451.0,2025-08-11T00:03:59+00:00
6774,0.985,1.0,8528.0,2025-08-11T00:04:00+00:00
6870,1.0,1.0,8757.0,2025-08-11T00:04:00+00:00
6899,1.0,1.0,8878.0,2025-08-11T00:04:00+00:00
6971,0.82,1809.68,9064.0,2025-08-11T00:04:01+00:00
8296,0.925,1.0,11080.0,2025-08-11T00:04:07+00:00
8312,0.95,1.0,11092.0,2025-08-11T00:04:07+00:00
8615,0.975,1.0,11629.0,2025-08-11T00:04:08+00:00
8617,0.865,1.0,11635.0,2025-08-11T00:04:08+00:00
8845,0.985,30.39,12095.0,2025-08-11T00:04:09+00:00
15451,0.995,99.99,26833.0,2025-08-11T00:04:23+00:00
15539,1.0,99.99,26931.0,2025-08-11T00:04:24+00:00
15566,1.0,99.99,26961.0,2025-08-11T00:04:24+00:00
15736,1.0,99.99,27163.0,2025-08-11T00:04:25+00:00
15810,0.955,99.99,27252.0,2025-08-11T00:04:25+00:00
16110,0.31,1.0,27524.0,2025-08-11T00:04:27+00:00
10204,0.8,11.39,15817.0,2025-08-11T00:04:35+00:00
10897,1.0,1.0,18690.0,2025-08-11T00:04:38+00:00
9252,0.955,1.0,13323.0,2025-08-11T00:04:46+00:00
9509,0.995,1.0,14152.0,2025-08-11T00:04:47+00:00
10484,0.605,3.79,17187.0,2025-08-11T00:04:51+00:00
10497,0.645,3.79,17220.0,2025-08-11T00:04:51+00:00
10498,0.645,3.93,17230.0,2025-08-11T00:04:51+00:00
10568,0.965,1.0,17520.0,2025-08-11T00:04:52+00:00
10690,0.88,1218.89,18088.0,2025-08-11T00:04:52+00:00
11710,1.0,1.0,20011.0,2025-08-11T00:04:57+00:00
12070,0.995,1.0,20931.0,2025-08-11T00:04:59+00:00
12108,0.995,1.0,21046.0,2025-08-11T00:04:59+00:00
12369,0.96,1.0,21662.0,2025-08-11T00:05:00+00:00
16780,0.945,99.99,28143.0,2025-08-11T00:05:04+00:00
16863,0.86,730.86,28242.0,2025-08-11T00:05:04+00:00
17317,0.985,99.99,28625.0,2025-08-11T00:05:07+00:00
17366,0.99,99.99,28658.0,2025-08-11T00:05:07+00:00
18809,0.87,30.3,29785.0,2025-08-11T00:05:13+00:00
14104,0.77,3.12,25095.0,2025-08-11T00:05:27+00:00
14197,0.885,99.99,25231.0,2025-08-11T00:05:28+00:00
14338,0.665,3.76,25426.0,2025-08-11T00:05:28+00:00
14920,0.275,1.0,26217.0,2025-08-11T00:05:31+00:00
15204,0.965,99.99,26556.0,2025-08-11T00:05:33+00:00
15506,1.0,99.99,26899.0,2025-08-11T00:05:34+00:00
15781,0.99,99.99,27219.0,2025-08-11T00:05:35+00:00
14170,0.795,99.99,25198.0,2025-08-11T00:05:43+00:00
14211,0.93,99.99,25254.0,2025-08-11T00:05:43+00:00
15166,0.96,99.99,26523.0,2025-08-11T00:05:47+00:00
15225,0.995,99.99,26585.0,2025-08-11T00:05:48+00:00
15476,1.0,99.99,26863.0,2025-08-11T00:05:49+00:00
15751,1.0,99.99,27187.0,2025-08-11T00:05:50+00:00
23308,0.97,0.0,32686.0,2025-08-11T00:06:09+00:00
16415,0.975,23.36,27784.0,2025-08-11T00:06:13+00:00
16851,0.24,1.0,28233.0,2025-08-11T00:06:15+00:00
17453,0.945,99.99,28726.0,2025-08-11T00:06:17+00:00
17480,0.84,99.99,28755.0,2025-08-11T00:06:18+00:00
18472,0.825,0.68,29531.0,2025-08-11T00:06:22+00:00
17407,0.97,99.99,28692.0,2025-08-11T00:06:33+00:00
18466,0.78,0.68,29526.0,2025-08-11T00:06:38+00:00
18773,0.97,0.68,29753.0,2025-08-11T00:06:39+00:00
27362,0.675,1.52,34521.0,2025-08-11T00:07:03+00:00
20198,0.75,104.81,30852.0,2025-08-11T00:07:06+00:00
27738,0.955,125.3,34684.0,2025-08-11T00:07:41+00:00
27749,0.97,19.02,34687.0,2025-08-11T00:07:41+00:00
29687,0.645,0.76,35585.0,2025-08-11T00:07:51+00:00
30384,0.97,1.0,35899.0,2025-08-11T00:07:55+00:00
30473,0.975,14.46,35942.0,2025-08-11T00:07:56+00:00
31002,0.99,111.7,36170.0,2025-08-11T00:07:58+00:00
33276,0.795,12.31,37167.0,2025-08-11T00:08:11+00:00
23422,0.865,717.15,32745.0,2025-08-11T00:08:18+00:00
26802,0.9,19.02,34256.0,2025-08-11T00:08:52+00:00
27627,0.985,18.96,34634.0,2025-08-11T00:09:17+00:00
30100,0.98,60.6,35771.0,2025-08-11T00:09:31+00:00
30398,0.95,9.13,35906.0,2025-08-11T00:09:33+00:00
30442,0.995,4.56,35926.0,2025-08-11T00:09:33+00:00
28976,0.275,2.69,35261.0,2025-08-11T00:09:41+00:00
30314,0.98,7.61,35866.0,2025-08-11T00:09:47+00:00
41569,0.875,1.0,40742.0,2025-08-11T00:10:07+00:00
30496,0.975,111.7,35953.0,2025-08-11T00:10:10+00:00
42549,0.98,88.23,41147.0,2025-08-11T00:10:48+00:00
42635,1.0,11.38,41181.0,2025-08-11T00:10:49+00:00
42756,0.99,0.0,41233.0,2025-08-11T00:10:49+00:00
42856,0.965,173.07,41273.0,2025-08-11T00:10:50+00:00
42936,0.995,59.68,41305.0,2025-08-11T00:10:50+00:00
42958,0.955,9.99,41313.0,2025-08-11T00:10:50+00:00
43061,0.975,34.12,41353.0,2025-08-11T00:10:51+00:00
43681,1.0,53.95,41607.0,2025-08-11T00:10:54+00:00
46918,0.98,648.0,42988.0,2025-08-11T00:11:43+00:00
40085,0.755,1.0,40086.0,2025-08-11T00:12:06+00:00
41395,0.905,1.0,40662.0,2025-08-11T00:12:12+00:00
39183,0.675,776.83,39729.0,2025-08-11T00:12:16+00:00
40525,0.855,1.0,40276.0,2025-08-11T00:12:22+00:00
41943,0.84,0.76,40892.0,2025-08-11T00:12:29+00:00
42007,0.985,0.76,40918.0,2025-08-11T00:12:29+00:00
42009,0.99,112.33,40919.0,2025-08-11T00:12:50+00:00
42473,0.995,3.79,41116.0,2025-08-11T00:12:52+00:00
42528,0.965,340.11,41138.0,2025-08-11T00:12:52+00:00
42590,0.945,5.3,41164.0,2025-08-11T00:12:52+00:00
42609,0.995,83.38,41170.0,2025-08-11T00:12:53+00:00
42674,0.99,1.52,41194.0,2025-08-11T00:12:53+00:00
42700,0.99,30.26,41204.0,2025-08-11T00:12:53+00:00
42741,0.955,459.07,41227.0,2025-08-11T00:12:53+00:00
43428,0.96,364.19,41505.0,2025-08-11T00:12:56+00:00
43624,0.85,39.45,41582.0,2025-08-11T00:12:57+00:00
44091,0.775,99.99,41791.0,2025-08-11T00:12:59+00:00
44223,0.995,139.9,41851.0,2025-08-11T00:13:00+00:00
44556,0.975,1.0,41991.0,2025-08-11T00:13:01+00:00
42696,1.0,88.23,41203.0,2025-08-11T00:13:07+00:00
42769,1.0,118.3,41237.0,2025-08-11T00:13:08+00:00
42784,0.99,45.49,41243.0,2025-08-11T00:13:08+00:00
42887,0.995,37.32,41285.0,2025-08-11T00:13:08+00:00
42945,1.0,0.76,41308.0,2025-08-11T00:13:08+00:00
43160,0.995,273.01,41397.0,2025-08-11T00:13:10+00:00
43204,0.99,106.55,41413.0,2025-08-11T00:13:10+00:00
43773,0.98,172.32,41646.0,2025-08-11T00:13:12+00:00
44001,0.915,802.52,41743.0,2025-08-11T00:13:14+00:00
44270,1.0,1.0,41870.0,2025-08-11T00:13:15+00:00
45203,0.95,1.0,42247.0,2025-08-11T00:13:19+00:00
55401,0.64,1.0,46925.0,2025-08-11T00:13:32+00:00
56703,0.58,0.76,47545.0,2025-08-11T00:13:38+00:00
45732,0.935,1.0,42474.0,2025-08-11T00:13:41+00:00
46998,0.925,204.27,43028.0,2025-08-11T00:13:48+00:00
48094,0.785,24.9,43494.0,2025-08-11T00:13:53+00:00
46909,0.965,1.0,42985.0,2025-08-11T00:14:02+00:00
47802,0.95,88.0,43369.0,2025-08-11T00:14:06+00:00
57248,0.595,7.58,47826.0,2025-08-11T00:14:15+00:00
50211,0.98,1.0,44393.0,2025-08-11T00:14:37+00:00
50537,0.585,1.0,44532.0,2025-08-11T00:14:38+00:00
52521,0.61,105.99,45501.0,2025-08-11T00:15:01+00:00
61787,0.925,360.0,49985.0,2025-08-11T00:15:09+00:00
63421,0.94,99.99,50706.0,2025-08-11T00:15:17+00:00
52466,0.965,1.0,45463.0,2025-08-11T00:15:21+00:00
52584,0.985,1.0,45541.0,2025-08-11T00:15:21+00:00
53591,0.96,1.0,46057.0,2025-08-11T00:15:26+00:00
53794,0.99,1.0,46149.0,2025-08-11T00:15:41+00:00
64411,0.99,99.99,51135.0,2025-08-11T00:15:56+00:00
57470,0.98,0.76,47923.0,2025-08-11T00:16:20+00:00
58422,0.64,208.58,48380.0,2025-08-11T00:16:25+00:00
58761,0.665,1.0,48533.0,2025-08-11T00:16:26+00:00
57615,0.965,0.76,47982.0,2025-08-11T00:16:34+00:00
59539,0.915,19.73,48884.0,2025-08-11T00:16:43+00:00
69498,0.975,8.0,53451.0,2025-08-11T00:16:55+00:00
69980,0.87,0.0,53658.0,2025-08-11T00:16:57+00:00
61966,0.265,1.0,50067.0,2025-08-11T00:17:16+00:00
63634,0.93,99.99,50808.0,2025-08-11T00:17:38+00:00
74496,1.0,0.83,55614.0,2025-08-11T00:17:53+00:00
64460,0.975,99.99,51155.0,2025-08-11T00:18:02+00:00
64329,0.99,99.99,51112.0,2025-08-11T00:18:15+00:00
76609,1.0,7.52,56650.0,2025-08-11T00:18:37+00:00
79525,0.975,1.0,58060.0,2025-08-11T00:18:51+00:00
68067,0.585,519.9,52814.0,2025-08-11T00:19:09+00:00
68633,0.645,1.18,53076.0,2025-08-11T00:19:12+00:00
70141,0.925,112.45,53727.0,2025-08-11T00:19:20+00:00
68320,0.635,0.76,52934.0,2025-08-11T00:19:26+00:00
68522,0.965,0.76,53031.0,2025-08-11T00:19:27+00:00
70589,0.765,261.87,53937.0,2025-08-11T00:19:36+00:00
82400,0.86,18.98,59385.0,2025-08-11T00:19:40+00:00
83297,0.73,319.2,59777.0,2025-08-11T00:19:44+00:00
72757,0.62,1.79,54846.0,2025-08-11T00:20:07+00:00
73784,0.955,1.0,55279.0,2025-08-11T00:20:11+00:00
73857,0.995,0.83,55311.0,2025-08-11T00:20:12+00:00
74794,0.58,311.91,55760.0,2025-08-11T00:20:30+00:00
74507,0.995,130.44,55618.0,2025-08-11T00:20:49+00:00
76555,1.0,153.46,56624.0,2025-08-11T00:20:59+00:00
77099,0.99,5.0,56887.0,2025-08-11T00:21:02+00:00
77348,0.98,0.01,57007.0,2025-08-11T00:21:03+00:00
75511,0.975,170.92,56098.0,2025-08-11T00:21:08+00:00
76929,0.99,1.0,56806.0,2025-08-11T00:21:15+00:00
77387,0.98,444.17,57027.0,2025-08-11T00:21:17+00:00
77682,0.985,1.0,57163.0,2025-08-11T00:21:19+00:00
91671,0.645,290.18,63578.0,2025-08-11T00:21:32+00:00
92777,0.97,294.9,64093.0,2025-08-11T00:21:38+00:00
93424,0.965,1.0,64412.0,2025-08-11T00:21:41+00:00
79883,0.965,270.0,58222.0,2025-08-11T00:21:50+00:00
79536,0.815,1.0,58067.0,2025-08-11T00:22:02+00:00
79835,0.99,1.75,58199.0,2025-08-11T00:22:04+00:00
79874,0.66,5.09,58217.0,2025-08-11T00:22:04+00:00
80760,0.975,113.92,58642.0,2025-08-11T00:22:08+00:00
81186,0.99,45.64,58822.0,2025-08-11T00:22:10+00:00
93788,0.72,0.0,64585.0,2025-08-11T00:22:17+00:00
94218,0.885,720.38,64785.0,2025-08-11T00:22:19+00:00
95534,0.635,31.91,65358.0,2025-08-11T00:22:25+00:00
95597,0.905,1354.25,65385.0,2025-08-11T00:22:26+00:00
96341,0.59,98.01,65728.0,2025-08-11T00:22:29+00:00
96994,0.995,7.53,66037.0,2025-08-11T00:22:32+00:00
81609,0.95,1389.56,59011.0,2025-08-11T00:22:33+00:00
83417,0.94,5.91,59840.0,2025-08-11T00:22:41+00:00
83053,0.995,6.27,59669.0,2025-08-11T00:22:53+00:00
84543,0.925,454.82,60353.0,2025-08-11T00:23:01+00:00
86155,0.91,101.5,61108.0,2025-08-11T00:23:44+00:00
87354,0.635,19.04,61646.0,2025-08-11T00:23:50+00:00
88258,0.975,6.62,62059.0,2025-08-11T00:23:55+00:00
88307,0.955,180.0,62080.0,2025-08-11T00:23:55+00:00
88876,0.935,1.0,62330.0,2025-08-11T00:23:58+00:00
102443,1.0,1.0,68207.0,2025-08-11T00:24:09+00:00
105178,0.785,1.0,69394.0,2025-08-11T00:24:22+00:00
106679,0.955,227.3,70071.0,2025-08-11T00:24:29+00:00
106998,0.985,3.79,70229.0,2025-08-11T00:24:30+00:00
88897,0.96,1.1,62341.0,2025-08-11T00:24:35+00:00
89190,0.915,1402.16,62467.0,2025-08-11T00:24:37+00:00
108708,0.955,426.4,71033.0,2025-08-11T00:25:13+00:00
93486,0.745,0.0,64443.0,2025-08-11T00:25:32+00:00
111690,0.955,238.9,72327.0,2025-08-11T00:26:02+00:00
114271,0.935,16.48,73408.0,2025-08-11T00:26:14+00:00
99506,0.955,489.71,67150.0,2025-08-11T00:26:34+00:00
96789,0.855,101.5,65936.0,2025-08-11T00:26:37+00:00
117974,0.315,12.01,74895.0,2025-08-11T00:27:06+00:00
101509,0.68,320.0,67857.0,2025-08-11T00:27:18+00:00
102441,1.0,1.0,68207.0,2025-08-11T00:27:22+00:00
102442,1.0,1.0,68207.0,2025-08-11T00:27:22+00:00
102445,1.0,1.0,68207.0,2025-08-11T00:27:22+00:00
102446,1.0,1.0,68207.0,2025-08-11T00:27:22+00:00
100623,0.64,549.06,67571.0,2025-08-11T00:27:30+00:00
102444,1.0,1.0,68207.0,2025-08-11T00:27:38+00:00
102782,0.62,19.59,68357.0,2025-08-11T00:27:40+00:00
107067,0.96,318.11,70270.0,2025-08-11T00:28:20+00:00
107637,0.915,824.83,70536.0,2025-08-11T00:28:37+00:00
123141,0.955,254.76,76826.0,2025-08-11T00:28:39+00:00
123201,0.885,1.0,76845.0,2025-08-11T00:28:39+00:00
123301,0.725,1.0,76876.0,2025-08-11T00:28:40+00:00
125342,0.97,106.9,77627.0,2025-08-11T00:28:49+00:00
108258,0.655,0.76,70828.0,2025-08-11T00:28:59+00:00
128479,0.81,60.0,78725.0,2025-08-11T00:29:39+00:00
112840,0.685,45.03,72824.0,2025-08-11T00:30:29+00:00
118308,0.61,30.14,75033.0,2025-08-11T00:31:14+00:00
116139,0.93,76.94,74159.0,2025-08-11T00:31:20+00:00
116404,0.88,311.28,74262.0,2025-08-11T00:31:21+00:00
140786,0.965,1.0,83934.0,2025-08-11T00:31:48+00:00
119714,0.59,29.95,75556.0,2025-08-11T00:31:55+00:00
120505,0.98,99.85,75851.0,2025-08-11T00:31:59+00:00
120837,0.99,99.9,75978.0,2025-08-11T00:32:01+00:00
119781,0.91,124.53,75581.0,2025-08-11T00:32:13+00:00
120085,0.34,109.9,75706.0,2025-08-11T00:32:14+00:00
141257,0.99,0.0,84204.0,2025-08-11T00:32:25+00:00
141259,0.985,512.25,84204.0,2025-08-11T00:32:25+00:00
142557,0.615,354.33,84789.0,2025-08-11T00:32:31+00:00
143188,0.92,2.0,85181.0,2025-08-11T00:32:34+00:00
143728,0.97,1.0,85573.0,2025-08-11T00:32:37+00:00
144108,0.98,310.42,85867.0,2025-08-11T00:32:39+00:00
122479,0.975,219.8,76575.0,2025-08-11T00:32:43+00:00
123238,0.87,1.0,76857.0,2025-08-11T00:32:47+00:00
124115,0.89,1.0,77182.0,2025-08-11T00:32:52+00:00
124176,0.695,1.0,77202.0,2025-08-11T00:32:52+00:00
123270,0.825,1.0,76867.0,2025-08-11T00:33:03+00:00
124036,0.6,129.0,77154.0,2025-08-11T00:33:07+00:00
124087,0.875,1.0,77171.0,2025-08-11T00:33:07+00:00
149522,0.93,52.69,91407.0,2025-08-11T00:34:12+00:00
149577,0.675,1.0,91502.0,2025-08-11T00:34:13+00:00
149587,0.665,1.0,91524.0,2025-08-11T00:34:13+00:00
150601,0.85,1.0,93742.0,2025-08-11T00:34:17+00:00
150647,0.99,8.54,93824.0,2025-08-11T00:34:18+00:00
150660,0.99,44.9,93853.0,2025-08-11T00:34:18+00:00
150663,0.995,316.06,93853.0,2025-08-11T00:34:18+00:00
150665,0.965,209.65,93856.0,2025-08-11T00:34:18+00:00
150666,0.995,78.0,93860.0,2025-08-11T00:34:18+00:00
150678,1.0,30.31,93879.0,2025-08-11T00:34:18+00:00
150692,0.985,37.93,93904.0,2025-08-11T00:34:18+00:00
150697,0.99,97.0,93920.0,2025-08-11T00:34:18+00:00
151008,1.0,1.0,94362.0,2025-08-11T00:34:20+00:00
151009,1.0,1.0,94362.0,2025-08-11T00:34:20+00:00
151196,0.69,571.48,94952.0,2025-08-11T00:34:21+00:00
151519,0.995,1.63,95628.0,2025-08-11T00:34:22+00:00
131272,0.65,0.2,79540.0,2025-08-11T00:34:33+00:00
151730,0.78,18.96,96135.0,2025-08-11T00:34:58+00:00
153823,1.0,2.28,100223.0,2025-08-11T00:35:08+00:00
154587,0.935,0.0,102114.0,2025-08-11T00:35:11+00:00
154684,0.825,0.01,102572.0,2025-08-11T00:35:11+00:00
154718,0.995,0.0,102669.0,2025-08-11T00:35:11+00:00
154960,0.85,2.27,103808.0,2025-08-11T00:35:13+00:00
157585,0.66,1.0,110087.0,2025-08-11T00:35:25+00:00
135718,0.9,7.57,81372.0,2025-08-11T00:36:02+00:00
137705,0.84,1.0,82289.0,2025-08-11T00:36:46+00:00
163149,0.98,17.06,115691.0,2025-08-11T00:37:00+00:00
163586,0.98,65.0,116067.0,2025-08-11T00:37:02+00:00
163769,0.295,19.99,116195.0,2025-08-11T00:37:03+00:00
141258,0.99,0.0,84204.0,2025-08-11T00:37:19+00:00
141260,0.985,512.25,84204.0,2025-08-11T00:37:19+00:00
143333,1.0,0.0,85285.0,2025-08-11T00:37:30+00:00
143336,0.99,252.92,85285.0,2025-08-11T00:37:30+00:00
143731,0.99,240.77,85576.0,2025-08-11T00:37:31+00:00
142405,0.95,12.31,84694.0,2025-08-11T00:37:43+00:00
143334,1.0,0.0,85285.0,2025-08-11T00:37:47+00:00
143335,0.99,252.92,85285.0,2025-08-11T00:37:47+00:00
145800,0.66,451.27,87202.0,2025-08-11T00:38:16+00:00
147548,0.92,1.18,88672.0,2025-08-11T00:38:24+00:00
144104,0.99,1.0,85864.0,2025-08-11T00:38:25+00:00
144754,0.605,323.77,86376.0,2025-08-11T00:38:28+00:00
146790,0.67,829.41,87883.0,2025-08-11T00:38:38+00:00
147605,0.69,9.21,88737.0,2025-08-11T00:38:42+00:00
149145,0.61,6.99,90676.0,2025-08-11T00:39:07+00:00
149773,0.28,1.0,91898.0,2025-08-11T00:39:10+00:00
149874,0.935,600.73,92102.0,2025-08-11T00:39:10+00:00
150644,0.955,75.86,93823.0,2025-08-11T00:39:14+00:00
150677,1.0,30.31,93879.0,2025-08-11T00:39:14+00:00
150679,0.96,104.03,93879.0,2025-08-11T00:39:14+00:00
150680,0.96,104.03,93879.0,2025-08-11T00:39:14+00:00
150687,1.0,1.0,93897.0,2025-08-11T00:39:14+00:00
150925,0.98,45.48,94141.0,2025-08-11T00:39:15+00:00
151006,1.0,1.0,94362.0,2025-08-11T00:39:15+00:00
149357,0.82,38.76,91075.0,2025-08-11T00:39:25+00:00
149600,0.845,261.22,91554.0,2025-08-11T00:39:26+00:00
149869,0.9,18.0,92092.0,2025-08-11T00:39:27+00:00
150654,0.98,0.01,93834.0,2025-08-11T00:39:31+00:00
150661,0.99,44.9,93853.0,2025-08-11T00:39:31+00:00
150662,0.995,316.06,93853.0,2025-08-11T00:39:31+00:00
150667,0.995,78.0,93860.0,2025-08-11T00:39:31+00:00
150668,1.0,188.52,93860.0,2025-08-11T00:39:31+00:00
150669,1.0,188.52,93860.0,2025-08-11T00:39:31+00:00
150684,0.98,1.0,93888.0,2025-08-11T00:39:31+00:00
150715,1.0,11.4,93965.0,2025-08-11T00:39:31+00:00
151007,1.0,1.0,94362.0,2025-08-11T00:39:33+00:00
151011,1.0,1.0,94364.0,2025-08-11T00:39:33+00:00
151103,0.61,33.76,94625.0,2025-08-11T00:39:33+00:00
151462,0.995,1.63,95559.0,2025-08-11T00:39:52+00:00
152019,0.765,1.0,96717.0,2025-08-11T00:39:55+00:00
152223,1.0,8.64,97121.0,2025-08-11T00:39:57+00:00
152295,0.99,9.82,97235.0,2025-08-11T00:39:57+00:00
154371,0.945,2.28,101313.0,2025-08-11T00:40:07+00:00
154668,0.975,0.0,102480.0,2025-08-11T00:40:09+00:00
154719,0.985,0.0,102671.0,2025-08-11T00:40:09+00:00
151807,0.93,33.59,96291.0,2025-08-11T00:40:12+00:00
153835,0.965,1.0,100298.0,2025-08-11T00:40:22+00:00
153885,0.84,0.76,100501.0,2025-08-11T00:40:22+00:00
154234,0.915,1.0,100924.0,2025-08-11T00:40:24+00:00
154286,0.615,0.92,101051.0,2025-08-11T00:40:24+00:00
154454,0.96,147.87,101597.0,2025-08-11T00:40:25+00:00
154633,0.83,22.04,102318.0,2025-08-11T00:40:26+00:00
154670,0.95,104.0,102489.0,2025-08-11T00:40:26+00:00
154676,0.99,2.28,102542.0,2025-08-11T00:40:26+00:00
154693,0.99,1.0,102619.0,2025-08-11T00:40:26+00:00
154694,0.98,346.94,102622.0,2025-08-11T00:40:26+00:00
154697,0.98,7.59,102625.0,2025-08-11T00:40:26+00:00
154720,0.96,119.74,102676.0,2025-08-11T00:40:26+00:00
154877,0.265,1.52,103455.0,2025-08-11T00:40:27+00:00
177195,0.95,11.0,123078.0,2025-08-11T00:40:28+00:00
184379,0.855,25.0,126219.0,2025-08-11T00:41:01+00:00
156990,0.98,186.13,109298.0,2025-08-11T00:41:11+00:00
157868,0.97,0.76,110547.0,2025-08-11T00:41:15+00:00
157918,0.59,635.1,110617.0,2025-08-11T00:41:15+00:00
156988,0.99,0.0,109297.0,2025-08-11T00:41:29+00:00
157871,0.96,80.22,110552.0,2025-08-11T00:41:33+00:00
190041,0.39,0.76,128663.0,2025-08-11T00:42:47+00:00
191074,0.615,720.8,129095.0,2025-08-11T00:42:52+00:00
192382,0.97,2.0,129668.0,2025-08-11T00:43:32+00:00
192687,0.655,276.17,129808.0,2025-08-11T00:43:34+00:00
167184,0.89,105.89,118532.0,2025-08-11T00:43:52+00:00
167305,0.865,105.89,118603.0,2025-08-11T00:44:08+00:00
197586,0.585,480.72,132086.0,2025-08-11T00:44:31+00:00
198868,0.775,1.0,132688.0,2025-08-11T00:44:39+00:00
172787,0.99,144.62,121238.0,2025-08-11T00:44:55+00:00
201098,0.995,0.0,133731.0,2025-08-11T00:45:23+00:00
176049,0.66,2125.87,122608.0,2025-08-11T00:46:01+00:00
203328,0.85,925.31,134769.0,2025-08-11T00:46:09+00:00
204079,0.63,108.51,135102.0,2025-08-11T00:46:12+00:00
204503,0.94,84.28,135314.0,2025-08-11T00:46:14+00:00
178208,0.99,45.51,123525.0,2025-08-11T00:46:45+00:00
182992,0.605,3.22,125612.0,2025-08-11T00:47:25+00:00
181966,0.895,40.0,125200.0,2025-08-11T00:47:38+00:00
183106,0.765,0.0,125658.0,2025-08-11T00:47:44+00:00
212516,0.95,0.01,138894.0,2025-08-11T00:48:00+00:00
214775,0.665,0.69,139816.0,2025-08-11T00:48:45+00:00
215132,0.96,723.21,139951.0,2025-08-11T00:48:47+00:00
215953,0.695,0.77,140293.0,2025-08-11T00:48:51+00:00
189701,0.87,93.35,128519.0,2025-08-11T00:49:05+00:00
189878,0.83,1.0,128595.0,2025-08-11T00:49:05+00:00
190368,0.955,175.9,128803.0,2025-08-11T00:49:08+00:00
191267,0.68,7.18,129186.0,2025-08-11T00:49:12+00:00
191359,0.955,4.87,129222.0,2025-08-11T00:49:12+00:00
189587,0.99,67.9,128471.0,2025-08-11T00:49:22+00:00
190263,0.245,0.76,128759.0,2025-08-11T00:49:26+00:00
218442,0.97,195.66,141320.0,2025-08-11T00:49:36+00:00
191544,0.91,80.9,129308.0,2025-08-11T00:50:05+00:00
191690,0.98,0.0,129371.0,2025-08-11T00:50:06+00:00
192529,0.96,1.0,129741.0,2025-08-11T00:50:10+00:00
192584,0.94,362.55,129764.0,2025-08-11T00:50:10+00:00
222133,0.935,144.8,142840.0,2025-08-11T00:50:27+00:00
195383,0.6,723.21,131024.0,2025-08-11T00:50:39+00:00
226814,0.99,667.55,144808.0,2025-08-11T00:51:23+00:00
226877,0.97,0.0,144839.0,2025-08-11T00:51:24+00:00
229730,0.75,2.22,146026.0,2025-08-11T00:51:36+00:00
231978,0.595,8.0,146998.0,2025-08-11T00:51:47+00:00
199896,0.905,1335.0,133184.0,2025-08-11T00:51:52+00:00
201601,0.98,130.21,133958.0,2025-08-11T00:52:18+00:00
234574,0.98,0.0,148028.0,2025-08-11T00:52:34+00:00
234632,0.98,1.59,148053.0,2025-08-11T00:52:34+00:00
234633,0.98,1.59,148053.0,2025-08-11T00:52:34+00:00
235634,0.96,0.76,148476.0,2025-08-11T00:52:38+00:00
203700,0.92,0.0,134928.0,2025-08-11T00:52:44+00:00
203324,0.955,1.0,134766.0,2025-08-11T00:53:00+00:00
204064,0.945,345.0,135095.0,2025-08-11T00:53:03+00:00
237107,0.98,0.0,149096.0,2025-08-11T00:53:20+00:00
238222,0.92,1.1,149582.0,2025-08-11T00:53:25+00:00
238466,0.585,17.39,149676.0,2025-08-11T00:53:26+00:00
208651,0.985,39.45,137211.0,2025-08-11T00:53:59+00:00
212644,0.965,727.91,138942.0,2025-08-11T00:54:38+00:00
213092,0.605,22.47,139107.0,2025-08-11T00:54:40+00:00
213116,0.9,8.3,139117.0,2025-08-11T00:54:40+00:00
243393,0.925,0.01,151916.0,2025-08-11T00:55:00+00:00
244004,0.995,1.0,152165.0,2025-08-11T00:55:03+00:00
244333,0.995,1.0,152307.0,2025-08-11T00:55:05+00:00
245347,0.66,2.47,152710.0,2025-08-11T00:55:10+00:00
214662,0.96,120.54,139767.0,2025-08-11T00:55:22+00:00
215984,0.97,592.9,140308.0,2025-08-11T00:55:28+00:00
248296,0.99,0.0,153875.0,2025-08-11T00:55:58+00:00
249239,0.645,1096.99,154309.0,2025-08-11T00:56:03+00:00
249607,0.86,35.0,154493.0,2025-08-11T00:56:05+00:00
249963,0.975,0.77,154657.0,2025-08-11T00:56:06+00:00
219025,0.615,4.49,141565.0,2025-08-11T00:56:18+00:00
219892,0.675,0.76,141925.0,2025-08-11T00:56:37+00:00
220725,0.755,324.59,142280.0,2025-08-11T00:56:41+00:00
254344,0.65,187.11,156685.0,2025-08-11T00:57:02+00:00
255403,0.945,4.97,157207.0,2025-08-11T00:57:07+00:00
221018,0.965,320.01,142394.0,2025-08-11T00:57:35+00:00
221041,0.875,2.0,142409.0,2025-08-11T00:57:35+00:00
222419,0.635,0.0,142961.0,2025-08-11T00:57:42+00:00
223366,0.99,1.0,143354.0,2025-08-11T00:57:46+00:00
223572,0.99,1.0,143434.0,2025-08-11T00:57:47+00:00
223578,0.91,8.9,143438.0,2025-08-11T00:57:47+00:00
223618,0.995,1.0,143456.0,2025-08-11T00:57:48+00:00
230076,0.945,0.77,146179.0,2025-08-11T00:59:12+00:00
230476,0.97,94.82,146344.0,2025-08-11T00:59:13+00:00
229712,0.995,1.18,146022.0,2025-08-11T00:59:26+00:00
233258,0.745,996.27,147501.0,2025-08-11T01:00:01+00:00
234705,0.815,0.0,148074.0,2025-08-11T01:00:25+00:00
235644,0.955,122.68,148479.0,2025-08-11T01:00:48+00:00
237426,0.745,1.0,149236.0,2025-08-11T01:00:56+00:00
238366,0.965,2.0,149640.0,2025-08-11T01:01:01+00:00
235616,0.91,0.76,148468.0,2025-08-11T01:01:04+00:00
240222,0.675,1.0,150494.0,2025-08-11T01:01:44+00:00
241254,0.825,9.29,150949.0,2025-08-11T01:01:49+00:00
241445,0.985,10.7,151029.0,2025-08-11T01:01:50+00:00
239499,0.95,50.0,150138.0,2025-08-11T01:01:57+00:00
239501,0.735,237.26,150139.0,2025-08-11T01:01:57+00:00
275992,0.615,634.3,166831.0,2025-08-11T01:02:14+00:00
276071,0.645,19.95,166883.0,2025-08-11T01:02:14+00:00
279863,0.955,390.0,169142.0,2025-08-11T01:02:33+00:00
280143,0.84,0.76,169347.0,2025-08-11T01:02:34+00:00
280149,0.855,77.89,169351.0,2025-08-11T01:02:34+00:00
281144,0.95,245.0,169966.0,2025-08-11T01:02:39+00:00
281674,0.645,42.53,170348.0,2025-08-11T01:02:41+00:00
243699,0.985,1.0,152036.0,2025-08-11T01:02:52+00:00
243749,0.99,1.0,152058.0,2025-08-11T01:02:53+00:00
243848,1.0,1.0,152098.0,2025-08-11T01:02:53+00:00
245556,0.65,357.95,152802.0,2025-08-11T01:03:01+00:00
243547,0.975,57.73,151972.0,2025-08-11T01:03:08+00:00
623,0.6,529.0,472.0,2025-08-11T01:03:33+00:00
247995,0.975,51.37,153761.0,2025-08-11T01:03:48+00:00
248971,0.8,0.76,154181.0,2025-08-11T01:03:52+00:00
249167,0.865,1504.93,154278.0,2025-08-11T01:03:53+00:00
247673,0.825,247.86,153653.0,2025-08-11T01:04:02+00:00
249828,0.995,6.74,154599.0,2025-08-11T01:04:31+00:00
251477,0.98,0.77,155359.0,2025-08-11T01:04:41+00:00
251881,0.685,3.14,155542.0,2025-08-11T01:04:43+00:00
251904,0.975,94.82,155554.0,2025-08-11T01:04:43+00:00
252124,0.99,0.77,155662.0,2025-08-11T01:04:44+00:00
250761,0.995,0.77,155054.0,2025-08-11T01:04:54+00:00
251866,1.0,3.9,155535.0,2025-08-11T01:04:59+00:00
251891,0.695,7.06,155548.0,2025-08-11T01:04:59+00:00
252774,0.975,0.77,155965.0,2025-08-11T01:05:03+00:00
6108,0.905,59.0,6986.0,2025-08-11T01:05:11+00:00
6427,0.99,1.0,7610.0,2025-08-11T01:05:12+00:00
6641,0.945,1.0,8169.0,2025-08-11T01:05:13+00:00
6882,0.93,1.1,8808.0,2025-08-11T01:05:14+00:00
6899,1.0,1.0,8878.0,2025-08-11T01:05:14+00:00
6903,1.0,1.0,8886.0,2025-08-11T01:05:14+00:00
254395,0.69,7.59,156710.0,2025-08-11T01:05:46+00:00
255556,0.9,0.77,157284.0,2025-08-11T01:05:52+00:00
258403,0.8,296.0,158638.0,2025-08-11T01:06:40+00:00
6336,0.98,1.0,7543.0,2025-08-11T01:06:55+00:00
6529,0.99,1.0,7891.0,2025-08-11T01:06:56+00:00
6717,0.975,1.0,8408.0,2025-08-11T01:06:57+00:00
6734,0.985,1.0,8451.0,2025-08-11T01:06:57+00:00
6774,0.985,1.0,8528.0,2025-08-11T01:06:57+00:00
6820,1.0,1.0,8614.0,2025-08-11T01:06:57+00:00
8296,0.925,1.0,11080.0,2025-08-11T01:07:04+00:00
8842,0.995,0.0,12093.0,2025-08-11T01:07:07+00:00
9035,1.0,1.0,12597.0,2025-08-11T01:07:08+00:00
9487,0.99,1.0,14073.0,2025-08-11T01:07:10+00:00
261056,0.865,45.51,159844.0,2025-08-11T01:07:11+00:00
261925,0.965,156.0,160243.0,2025-08-11T01:07:16+00:00
262560,0.995,4.69,160537.0,2025-08-11T01:07:19+00:00
263080,0.665,1.0,160791.0,2025-08-11T01:07:22+00:00
261473,0.82,4.9,160034.0,2025-08-11T01:07:30+00:00
262826,0.99,0.77,160665.0,2025-08-11T01:07:36+00:00
263274,0.99,0.77,160870.0,2025-08-11T01:07:38+00:00
263324,0.975,127.14,160895.0,2025-08-11T01:07:38+00:00
263877,0.96,0.38,161154.0,2025-08-11T01:07:41+00:00
10484,0.605,3.79,17187.0,2025-08-11T01:07:48+00:00
10690,0.88,1218.89,18088.0,2025-08-11T01:07:49+00:00
10891,0.945,188.78,18675.0,2025-08-11T01:07:50+00:00
11841,0.995,1.0,20332.0,2025-08-11T01:07:55+00:00
12070,0.995,1.0,20931.0,2025-08-11T01:07:56+00:00
12108,0.995,1.0,21046.0,2025-08-11T01:07:56+00:00
14104,0.77,3.12,25095.0,2025-08-11T01:08:06+00:00
14211,0.93,99.99,25254.0,2025-08-11T01:08:07+00:00
541,0.8,0.0,406.0,2025-08-11T01:08:11+00:00
623,0.6,529.0,472.0,2025-08-11T01:08:11+00:00
268375,0.865,39.98,163181.0,2025-08-11T01:09:12+00:00
4920,0.72,239.93,4462.0,2025-08-11T01:09:52+00:00
6331,0.965,1.0,7526.0,2025-08-11T01:09:58+00:00
6446,0.98,1.0,7672.0,2025-08-11T01:09:59+00:00
6734,0.985,1.0,8451.0,2025-08-11T01:10:00+00:00
6774,0.985,1.0,8528.0,2025-08-11T01:10:00+00:00
6820,1.0,1.0,8614.0,2025-08-11T01:10:01+00:00
6870,1.0,1.0,8757.0,2025-08-11T01:10:01+00:00
6903,1.0,1.0,8886.0,2025-08-11T01:10:01+00:00
274468,0.36,2.0,166023.0,2025-08-11T01:10:16+00:00
274475,0.8,39.9,166028.0,2025-08-11T01:10:16+00:00
272521,0.56,12.31,165132.0,2025-08-11T01:10:20+00:00
274382,0.67,0.0,165981.0,2025-08-11T01:10:29+00:00
6971,0.82,1809.68,9064.0,2025-08-11T01:10:35+00:00
8312,0.95,1.0,11092.0,2025-08-11T01:10:42+00:00
8335,0.94,1.0,11131.0,2025-08-11T01:10:42+00:00
8615,0.975,1.0,11629.0,2025-08-11T01:10:44+00:00
8842,0.995,0.0,12093.0,2025-08-11T01:10:45+00:00
9487,0.99,1.0,14073.0,2025-08-11T01:10:48+00:00
9509,0.995,1.0,14152.0,2025-08-11T01:10:48+00:00
276864,0.965,349.08,167338.0,2025-08-11T01:11:14+00:00
10568,0.965,1.0,17520.0,2025-08-11T01:11:27+00:00
10630,0.99,766.36,17838.0,2025-08-11T01:11:28+00:00
10690,0.88,1218.89,18088.0,2025-08-11T01:11:28+00:00
10891,0.945,188.78,18675.0,2025-08-11T01:11:29+00:00
11841,0.995,1.0,20332.0,2025-08-11T01:11:33+00:00
12261,0.99,1.0,21419.0,2025-08-11T01:11:35+00:00
14170,0.795,99.99,25198.0,2025-08-11T01:11:44+00:00
14211,0.93,99.99,25254.0,2025-08-11T01:12:19+00:00
15451,0.995,99.99,26833.0,2025-08-11T01:12:25+00:00
15476,1.0,99.99,26863.0,2025-08-11T01:12:25+00:00
15736,1.0,99.99,27163.0,2025-08-11T01:12:26+00:00
15751,1.0,99.99,27187.0,2025-08-11T01:12:26+00:00
15781,0.99,99.99,27219.0,2025-08-11T01:12:26+00:00
15810,0.955,99.99,27252.0,2025-08-11T01:12:26+00:00
16110,0.31,1.0,27524.0,2025-08-11T01:12:28+00:00
16851,0.24,1.0,28233.0,2025-08-11T01:12:32+00:00
17407,0.97,99.99,28692.0,2025-08-11T01:12:34+00:00
17480,0.84,99.99,28755.0,2025-08-11T01:12:35+00:00
541,0.8,0.0,406.0,2025-08-11T01:12:50+00:00
18472,0.825,0.68,29531.0,2025-08-11T01:13:13+00:00
18773,0.97,0.68,29753.0,2025-08-11T01:13:15+00:00
18809,0.87,30.3,29785.0,2025-08-11T01:13:15+00:00
4920,0.72,239.93,4462.0,2025-08-11T01:14:16+00:00
27738,0.955,125.3,34684.0,2025-08-11T01:14:32+00:00
27749,0.97,19.02,34687.0,2025-08-11T01:14:32+00:00
6329,0.77,1.0,7519.0,2025-08-11T01:14:45+00:00
6331,0.965,1.0,7526.0,2025-08-11T01:14:45+00:00
6338,0.98,1.0,7551.0,2025-08-11T01:14:45+00:00
6446,0.98,1.0,7672.0,2025-08-11T01:14:45+00:00
6529,0.99,1.0,7891.0,2025-08-11T01:14:46+00:00
6609,0.965,1.0,8090.0,2025-08-11T01:14:46+00:00
6719,0.97,1.0,8415.0,2025-08-11T01:14:47+00:00
6870,1.0,1.0,8757.0,2025-08-11T01:14:47+00:00
623,0.6,529.0,472.0,2025-08-11T01:14:51+00:00
6334,0.97,1.0,7535.0,2025-08-11T01:14:58+00:00
6336,0.98,1.0,7543.0,2025-08-11T01:14:58+00:00
6472,0.945,1.0,7740.0,2025-08-11T01:14:59+00:00
6717,0.975,1.0,8408.0,2025-08-11T01:15:00+00:00
6734,0.985,1.0,8451.0,2025-08-11T01:15:00+00:00
6774,0.985,1.0,8528.0,2025-08-11T01:15:01+00:00
6820,1.0,1.0,8614.0,2025-08-11T01:15:01+00:00
6971,0.82,1809.68,9064.0,2025-08-11T01:15:02+00:00
541,0.8,0.0,406.0,2025-08-11T01:15:05+00:00
30100,0.98,60.6,35771.0,2025-08-11T01:15:17+00:00
30398,0.95,9.13,35906.0,2025-08-11T01:15:19+00:00
30442,0.995,4.56,35926.0,2025-08-11T01:15:19+00:00
4920,0.72,239.93,4462.0,2025-08-11T01:16:01+00:00
6108,0.905,59.0,6986.0,2025-08-11T01:16:26+00:00
6329,0.77,1.0,7519.0,2025-08-11T01:16:28+00:00
6472,0.945,1.0,7740.0,2025-08-11T01:16:28+00:00
6719,0.97,1.0,8415.0,2025-08-11T01:16:29+00:00
6870,1.0,1.0,8757.0,2025-08-11T01:16:30+00:00
6882,0.93,1.1,8808.0,2025-08-11T01:16:30+00:00
6971,0.82,1809.68,9064.0,2025-08-11T01:16:31+00:00
8335,0.94,1.0,11131.0,2025-08-11T01:16:37+00:00
6331,0.965,1.0,7526.0,2025-08-11T01:16:42+00:00
6334,0.97,1.0,7535.0,2025-08-11T01:16:42+00:00
6338,0.98,1.0,7551.0,2025-08-11T01:16:42+00:00
6427,0.99,1.0,7610.0,2025-08-11T01:16:42+00:00
6446,0.98,1.0,7672.0,2025-08-11T01:16:42+00:00
6609,0.965,1.0,8090.0,2025-08-11T01:16:43+00:00
6641,0.945,1.0,8169.0,2025-08-11T01:16:43+00:00
6899,1.0,1.0,8878.0,2025-08-11T01:16:44+00:00
6903,1.0,1.0,8886.0,2025-08-11T01:16:44+00:00
8312,0.95,1.0,11092.0,2025-08-11T01:16:51+00:00
8845,0.985,30.39,12095.0,2025-08-11T01:16:54+00:00
8972,0.78,179.66,12393.0,2025-08-11T01:16:55+00:00
9179,0.985,1.0,13126.0,2025-08-11T01:16:55+00:00
8615,0.975,1.0,11629.0,2025-08-11T01:17:14+00:00
8617,0.865,1.0,11635.0,2025-08-11T01:17:14+00:00
9252,0.955,1.0,13323.0,2025-08-11T01:17:16+00:00
10204,0.8,11.39,15817.0,2025-08-11T01:17:21+00:00
10497,0.645,3.79,17220.0,2025-08-11T01:17:23+00:00
10498,0.645,3.93,17230.0,2025-08-11T01:17:23+00:00
10630,0.99,766.36,17838.0,2025-08-11T01:17:23+00:00
10801,0.985,1.0,18399.0,2025-08-11T01:17:24+00:00
11710,1.0,1.0,20011.0,2025-08-11T01:17:28+00:00
11880,0.995,1.0,20451.0,2025-08-11T01:17:29+00:00
9509,0.995,1.0,14152.0,2025-08-11T01:17:32+00:00
10568,0.965,1.0,17520.0,2025-08-11T01:17:37+00:00
10897,1.0,1.0,18690.0,2025-08-11T01:17:38+00:00
11343,0.995,1.0,19762.0,2025-08-11T01:17:41+00:00
12261,0.99,1.0,21419.0,2025-08-11T01:17:45+00:00
40085,0.755,1.0,40086.0,2025-08-11T01:17:50+00:00
41569,0.875,1.0,40742.0,2025-08-11T01:17:57+00:00
42007,0.985,0.76,40918.0,2025-08-11T01:17:59+00:00
42009,0.99,112.33,40919.0,2025-08-11T01:17:59+00:00
42528,0.965,340.11,41138.0,2025-08-11T01:18:02+00:00
42700,0.99,30.26,41204.0,2025-08-11T01:18:02+00:00
42756,0.99,0.0,41233.0,2025-08-11T01:18:03+00:00
42936,0.995,59.68,41305.0,2025-08-11T01:18:03+00:00
43160,0.995,273.01,41397.0,2025-08-11T01:18:04+00:00
12369,0.96,1.0,21662.0,2025-08-11T01:18:08+00:00
14170,0.795,99.99,25198.0,2025-08-11T01:18:16+00:00
14197,0.885,99.99,25231.0,2025-08-11T01:18:16+00:00
14338,0.665,3.76,25426.0,2025-08-11T01:18:17+00:00
43624,0.85,39.45,41582.0,2025-08-11T01:18:43+00:00
44001,0.915,802.52,41743.0,2025-08-11T01:18:45+00:00
623,0.6,529.0,472.0,2025-08-11T01:18:48+00:00
6108,0.905,59.0,6986.0,2025-08-11T01:19:14+00:00
6331,0.965,1.0,7526.0,2025-08-11T01:19:15+00:00
6336,0.98,1.0,7543.0,2025-08-11T01:19:15+00:00
6529,0.99,1.0,7891.0,2025-08-11T01:19:16+00:00
6609,0.965,1.0,8090.0,2025-08-11T01:19:16+00:00
6882,0.93,1.1,8808.0,2025-08-11T01:19:18+00:00
6899,1.0,1.0,8878.0,2025-08-11T01:19:18+00:00
6903,1.0,1.0,8886.0,2025-08-11T01:19:18+00:00
623,0.6,529.0,472.0,2025-08-11T01:19:29+00:00
541,0.8,0.0,406.0,2025-08-11T01:19:41+00:00
6971,0.82,1809.68,9064.0,2025-08-11T01:19:54+00:00
8296,0.925,1.0,11080.0,2025-08-11T01:20:00+00:00
8617,0.865,1.0,11635.0,2025-08-11T01:20:01+00:00
8845,0.985,30.39,12095.0,2025-08-11T01:20:02+00:00
8972,0.78,179.66,12393.0,2025-08-11T01:20:03+00:00
9252,0.955,1.0,13323.0,2025-08-11T01:20:04+00:00
9509,0.995,1.0,14152.0,2025-08-11T01:20:06+00:00
10498,0.645,3.93,17230.0,2025-08-11T01:20:11+00:00
6336,0.98,1.0,7543.0,2025-08-11T01:20:46+00:00
6427,0.99,1.0,7610.0,2025-08-11T01:20:46+00:00
6472,0.945,1.0,7740.0,2025-08-11T01:20:46+00:00
6641,0.945,1.0,8169.0,2025-08-11T01:20:47+00:00
6719,0.97,1.0,8415.0,2025-08-11T01:20:47+00:00
6882,0.93,1.1,8808.0,2025-08-11T01:20:48+00:00
541,0.8,0.0,406.0,2025-08-11T01:20:50+00:00
6108,0.905,59.0,6986.0,2025-08-11T01:21:10+00:00
6329,0.77,1.0,7519.0,2025-08-11T01:21:11+00:00
6334,0.97,1.0,7535.0,2025-08-11T01:21:11+00:00
6338,0.98,1.0,7551.0,2025-08-11T01:21:11+00:00
6529,0.99,1.0,7891.0,2025-08-11T01:21:12+00:00
6609,0.965,1.0,8090.0,2025-08-11T01:21:12+00:00
6717,0.975,1.0,8408.0,2025-08-11T01:21:13+00:00
6899,1.0,1.0,8878.0,2025-08-11T01:21:14+00:00
8296,0.925,1.0,11080.0,2025-08-11T01:21:20+00:00
8617,0.865,1.0,11635.0,2025-08-11T01:21:22+00:00
8972,0.78,179.66,12393.0,2025-08-11T01:21:23+00:00
9035,1.0,1.0,12597.0,2025-08-11T01:21:24+00:00
8845,0.985,30.39,12095.0,2025-08-11T01:21:33+00:00
9179,0.985,1.0,13126.0,2025-08-11T01:21:35+00:00
10204,0.8,11.39,15817.0,2025-08-11T01:21:40+00:00
10498,0.645,3.93,17230.0,2025-08-11T01:21:41+00:00
6331,0.965,1.0,7526.0,2025-08-11T01:21:55+00:00
6529,0.99,1.0,7891.0,2025-08-11T01:21:56+00:00
6609,0.965,1.0,8090.0,2025-08-11T01:21:56+00:00
6719,0.97,1.0,8415.0,2025-08-11T01:21:57+00:00
6734,0.985,1.0,8451.0,2025-08-11T01:21:57+00:00
6882,0.93,1.1,8808.0,2025-08-11T01:21:58+00:00
6899,1.0,1.0,8878.0,2025-08-11T01:21:58+00:00
9252,0.955,1.0,13323.0,2025-08-11T01:22:01+00:00
10484,0.605,3.79,17187.0,2025-08-11T01:22:07+00:00
10497,0.645,3.79,17220.0,2025-08-11T01:22:07+00:00
11710,1.0,1.0,20011.0,2025-08-11T01:22:13+00:00
10801,0.985,1.0,18399.0,2025-08-11T01:22:18+00:00
10897,1.0,1.0,18690.0,2025-08-11T01:22:19+00:00
11343,0.995,1.0,19762.0,2025-08-11T01:22:21+00:00
11880,0.995,1.0,20451.0,2025-08-11T01:22:23+00:00
12070,0.995,1.0,20931.0,2025-08-11T01:22:24+00:00
12108,0.995,1.0,21046.0,2025-08-11T01:22:24+00:00
12369,0.96,1.0,21662.0,2025-08-11T01:22:25+00:00
14104,0.77,3.12,25095.0,2025-08-11T01:22:34+00:00
8296,0.925,1.0,11080.0,2025-08-11T01:22:40+00:00
8842,0.995,0.0,12093.0,2025-08-11T01:22:43+00:00
9035,1.0,1.0,12597.0,2025-08-11T01:22:44+00:00
10484,0.605,3.79,17187.0,2025-08-11T01:22:51+00:00
10498,0.645,3.93,17230.0,2025-08-11T01:22:51+00:00
14197,0.885,99.99,25231.0,2025-08-11T01:23:00+00:00
14338,0.665,3.76,25426.0,2025-08-11T01:23:01+00:00
15166,0.96,99.99,26523.0,2025-08-11T01:23:05+00:00
14920,0.275,1.0,26217.0,2025-08-11T01:23:13+00:00
15204,0.965,99.99,26556.0,2025-08-11T01:23:14+00:00
15225,0.995,99.99,26585.0,2025-08-11T01:23:14+00:00
15506,1.0,99.99,26899.0,2025-08-11T01:23:16+00:00
15539,1.0,99.99,26931.0,2025-08-11T01:23:16+00:00
15566,1.0,99.99,26961.0,2025-08-11T01:23:16+00:00
16863,0.86,730.86,28242.0,2025-08-11T01:23:22+00:00
17366,0.99,99.99,28658.0,2025-08-11T01:23:25+00:00
11343,0.995,1.0,19762.0,2025-08-11T01:23:31+00:00
11710,1.0,1.0,20011.0,2025-08-11T01:23:32+00:00
11841,0.995,1.0,20332.0,2025-08-11T01:23:33+00:00
12108,0.995,1.0,21046.0,2025-08-11T01:23:34+00:00
12369,0.96,1.0,21662.0,2025-08-11T01:23:35+00:00
16415,0.975,23.36,27784.0,2025-08-11T01:23:47+00:00
16780,0.945,99.99,28143.0,2025-08-11T01:23:49+00:00
17317,0.985,99.99,28625.0,2025-08-11T01:23:51+00:00
17453,0.945,99.99,28726.0,2025-08-11T01:23:52+00:00
18466,0.78,0.68,29526.0,2025-08-11T01:24:06+00:00
14920,0.275,1.0,26217.0,2025-08-11T01:24:24+00:00
15204,0.965,99.99,26556.0,2025-08-11T01:24:25+00:00
15476,1.0,99.99,26863.0,2025-08-11T01:24:26+00:00
15506,1.0,99.99,26899.0,2025-08-11T01:24:27+00:00
15566,1.0,99.99,26961.0,2025-08-11T01:24:27+00:00
15781,0.99,99.99,27219.0,2025-08-11T01:24:28+00:00
15810,0.955,99.99,27252.0,2025-08-11T01:24:28+00:00
17480,0.84,99.99,28755.0,2025-08-11T01:24:35+00:00
20198,0.75,104.81,30852.0,2025-08-11T01:24:40+00:00
23308,0.97,0.0,32686.0,2025-08-11T01:24:55+00:00
23422,0.865,717.15,32745.0,2025-08-11T01:24:55+00:00
18472,0.825,0.68,29531.0,2025-08-11T01:25:15+00:00
18773,0.97,0.68,29753.0,2025-08-11T01:25:17+00:00
20198,0.75,104.81,30852.0,2025-08-11T01:25:24+00:00
26802,0.9,19.02,34256.0,2025-08-11T01:25:47+00:00
27362,0.675,1.52,34521.0,2025-08-11T01:26:00+00:00
27627,0.985,18.96,34634.0,2025-08-11T01:26:01+00:00
28976,0.275,2.69,35261.0,2025-08-11T01:26:33+00:00
29687,0.645,0.76,35585.0,2025-08-11T01:26:36+00:00
30314,0.98,7.61,35866.0,2025-08-11T01:26:51+00:00
30384,0.97,1.0,35899.0,2025-08-11T01:26:51+00:00
30473,0.975,14.46,35942.0,2025-08-11T01:26:52+00:00
30496,0.975,111.7,35953.0,2025-08-11T01:26:52+00:00
31002,0.99,111.7,36170.0,2025-08-11T01:26:55+00:00
26802,0.9,19.02,34256.0,2025-08-11T01:27:08+00:00
27362,0.675,1.52,34521.0,2025-08-11T01:27:10+00:00
27627,0.985,18.96,34634.0,2025-08-11T01:27:12+00:00
27738,0.955,125.3,34684.0,2025-08-11T01:27:12+00:00
27749,0.97,19.02,34687.0,2025-08-11T01:27:12+00:00
28976,0.275,2.69,35261.0,2025-08-11T01:27:18+00:00
33276,0.795,12.31,37167.0,2025-08-11T01:27:29+00:00
30496,0.975,111.7,35953.0,2025-08-11T01:27:59+00:00
39183,0.675,776.83,39729.0,2025-08-11T01:29:06+00:00
40525,0.855,1.0,40276.0,2025-08-11T01:29:13+00:00
41395,0.905,1.0,40662.0,2025-08-11T01:29:29+00:00
41943,0.84,0.76,40892.0,2025-08-11T01:29:31+00:00
42549,0.98,88.23,41147.0,2025-08-11T01:29:34+00:00
42635,1.0,11.38,41181.0,2025-08-11T01:29:34+00:00
42696,1.0,88.23,41203.0,2025-08-11T01:29:35+00:00
42741,0.955,459.07,41227.0,2025-08-11T01:29:35+00:00
42769,1.0,118.3,41237.0,2025-08-11T01:29:35+00:00
42784,0.99,45.49,41243.0,2025-08-11T01:29:35+00:00
42856,0.965,173.07,41273.0,2025-08-11T01:29:36+00:00
42887,0.995,37.32,41285.0,2025-08-11T01:29:36+00:00
42958,0.955,9.99,41313.0,2025-08-11T01:29:36+00:00
43061,0.975,34.12,41353.0,2025-08-11T01:29:37+00:00
43204,0.99,106.55,41413.0,2025-08-11T01:29:37+00:00
40085,0.755,1.0,40086.0,2025-08-11T01:29:55+00:00
41569,0.875,1.0,40742.0,2025-08-11T01:30:02+00:00
42473,0.995,3.79,41116.0,2025-08-11T01:30:14+00:00
42590,0.945,5.3,41164.0,2025-08-11T01:30:15+00:00
42609,0.995,83.38,41170.0,2025-08-11T01:30:15+00:00
42674,0.99,1.52,41194.0,2025-08-11T01:30:15+00:00
42945,1.0,0.76,41308.0,2025-08-11T01:30:16+00:00
43773,0.98,172.32,41646.0,2025-08-11T01:30:20+00:00
44091,0.775,99.99,41791.0,2025-08-11T01:30:22+00:00
43428,0.96,364.19,41505.0,2025-08-11T01:30:30+00:00
43681,1.0,53.95,41607.0,2025-08-11T01:30:31+00:00
541,0.8,0.0,406.0,2025-08-11T01:30:36+00:00
4920,0.72,239.93,4462.0,2025-08-11T01:31:03+00:00
4920,0.72,239.93,4462.0,2025-08-11T01:31:19+00:00
6108,0.905,59.0,6986.0,2025-08-11T01:31:43+00:00
6336,0.98,1.0,7543.0,2025-08-11T01:31:44+00:00
6734,0.985,1.0,8451.0,2025-08-11T01:31:46+00:00
6774,0.985,1.0,8528.0,2025-08-11T01:31:46+00:00
6820,1.0,1.0,8614.0,2025-08-11T01:31:46+00:00
6870,1.0,1.0,8757.0,2025-08-11T01:31:46+00:00
6882,0.93,1.1,8808.0,2025-08-11T01:31:46+00:00
6899,1.0,1.0,8878.0,2025-08-11T01:31:47+00:00
8312,0.95,1.0,11092.0,2025-08-11T01:31:54+00:00
6329,0.77,1.0,7519.0,2025-08-11T01:32:00+00:00
6334,0.97,1.0,7535.0,2025-08-11T01:32:00+00:00
6338,0.98,1.0,7551.0,2025-08-11T01:32:00+00:00
6427,0.99,1.0,7610.0,2025-08-11T01:32:00+00:00
6446,0.98,1.0,7672.0,2025-08-11T01:32:00+00:00
6870,1.0,1.0,8757.0,2025-08-11T01:32:03+00:00
8335,0.94,1.0,11131.0,2025-08-11T01:40:42+00:00
8842,0.995,0.0,12093.0,2025-08-11T01:40:45+00:00
6472,0.945,1.0,7740.0,2025-08-11T01:40:45+00:00
6641,0.945,1.0,8169.0,2025-08-11T01:40:46+00:00
6717,0.975,1.0,8408.0,2025-08-11T01:40:47+00:00
6719,0.97,1.0,8415.0,2025-08-11T01:40:47+00:00
6734,0.985,1.0,8451.0,2025-08-11T01:40:47+00:00
6774,0.985,1.0,8528.0,2025-08-11T01:40:47+00:00
6820,1.0,1.0,8614.0,2025-08-11T01:40:47+00:00
8312,0.95,1.0,11092.0,2025-08-11T01:40:56+00:00
8615,0.975,1.0,11629.0,2025-08-11T01:40:57+00:00
9179,0.985,1.0,13126.0,2025-08-11T01:41:00+00:00
9487,0.99,1.0,14073.0,2025-08-11T01:41:02+00:00
8617,0.865,1.0,11635.0,2025-08-11T01:41:06+00:00
9035,1.0,1.0,12597.0,2025-08-11T01:41:08+00:00
10484,0.605,3.79,17187.0,2025-08-11T01:41:15+00:00
10801,0.985,1.0,18399.0,2025-08-11T01:41:17+00:00
10891,0.945,188.78,18675.0,2025-08-11T01:41:17+00:00
12070,0.995,1.0,20931.0,2025-08-11T01:41:23+00:00
9035,1.0,1.0,12597.0,2025-08-11T01:41:23+00:00
10497,0.645,3.79,17220.0,2025-08-11T01:47:23+00:00
10568,0.965,1.0,17520.0,2025-08-11T01:47:23+00:00
10204,0.8,11.39,15817.0,2025-08-11T01:47:35+00:00
10484,0.605,3.79,17187.0,2025-08-11T01:47:36+00:00
623,0.6,529.0,472.0,2025-08-11T01:47:39+00:00
12261,0.99,1.0,21419.0,2025-08-11T01:47:53+00:00
14170,0.795,99.99,25198.0,2025-08-11T01:56:34+00:00
14338,0.665,3.76,25426.0,2025-08-11T01:56:35+00:00
14920,0.275,1.0,26217.0,2025-08-11T01:56:38+00:00
15166,0.96,99.99,26523.0,2025-08-11T01:56:39+00:00
15451,0.995,99.99,26833.0,2025-08-11T01:56:41+00:00
15476,1.0,99.99,26863.0,2025-08-11T01:56:41+00:00
15539,1.0,99.99,26931.0,2025-08-11T01:56:42+00:00
4920,0.72,239.93,4462.0,2025-08-11T01:57:10+00:00
6108,0.905,59.0,6986.0,2025-08-11T01:57:17+00:00
6329,0.77,1.0,7519.0,2025-08-11T01:57:17+00:00
6334,0.97,1.0,7535.0,2025-08-11T01:57:17+00:00
6336,0.98,1.0,7543.0,2025-08-11T01:57:17+00:00
6427,0.99,1.0,7610.0,2025-08-11T01:57:18+00:00
6472,0.945,1.0,7740.0,2025-08-11T02:14:36+00:00
6717,0.975,1.0,8408.0,2025-08-11T02:14:38+00:00
6774,0.985,1.0,8528.0,2025-08-11T02:14:38+00:00
15751,1.0,99.99,27187.0,2025-08-11T02:14:39+00:00
16110,0.31,1.0,27524.0,2025-08-11T02:14:41+00:00
16415,0.975,23.36,27784.0,2025-08-11T02:18:50+00:00
18466,0.78,0.68,29526.0,2025-08-11T02:19:01+00:00
18472,0.825,0.68,29531.0,2025-08-11T02:19:01+00:00
18773,0.97,0.68,29753.0,2025-08-11T02:19:02+00:00
6338,0.98,1.0,7551.0,2025-08-11T02:19:07+00:00
6446,0.98,1.0,7672.0,2025-08-11T02:19:07+00:00
6641,0.945,1.0,8169.0,2025-08-11T02:19:08+00:00
6820,1.0,1.0,8614.0,2025-08-11T02:19:10+00:00
6870,1.0,1.0,8757.0,2025-08-11T02:19:10+00:00
6903,1.0,1.0,8886.0,2025-08-11T02:19:10+00:00
6971,0.82,1809.68,9064.0,2025-08-11T02:19:10+00:00
8312,0.95,1.0,11092.0,2025-08-11T02:19:17+00:00
8615,0.975,1.0,11629.0,2025-08-11T02:19:19+00:00
8972,0.78,179.66,12393.0,2025-08-11T02:19:20+00:00
9179,0.985,1.0,13126.0,2025-08-11T02:19:21+00:00
8335,0.94,1.0,11131.0,2025-08-11T02:19:30+00:00
8617,0.865,1.0,11635.0,2025-08-11T02:19:31+00:00
8845,0.985,30.39,12095.0,2025-08-11T02:19:33+00:00
9252,0.955,1.0,13323.0,2025-08-11T02:35:04+00:00
9487,0.99,1.0,14073.0,2025-08-11T02:35:05+00:00
10568,0.965,1.0,17520.0,2025-08-11T02:51:58+00:00
9509,0.995,1.0,14152.0,2025-08-11T02:52:17+00:00
10204,0.8,11.39,15817.0,2025-08-11T02:52:20+00:00
10497,0.645,3.79,17220.0,2025-08-11T02:52:22+00:00
10630,0.99,766.36,17838.0,2025-08-11T02:52:23+00:00
11880,0.995,1.0,20451.0,2025-08-11T03:08:20+00:00
10690,0.88,1218.89,18088.0,2025-08-11T03:08:26+00:00
10801,0.985,1.0,18399.0,2025-08-11T03:08:27+00:00
10891,0.945,188.78,18675.0,2025-08-11T03:08:28+00:00
10897,1.0,1.0,18690.0,2025-08-11T03:08:28+00:00
12070,0.995,1.0,20931.0,2025-08-11T03:08:36+00:00
12261,0.99,1.0,21419.0,2025-08-11T03:08:37+00:00
14197,0.885,99.99,25231.0,2025-08-11T03:08:47+00:00
14104,0.77,3.12,25095.0,2025-08-11T03:33:05+00:00
14170,0.795,99.99,25198.0,2025-08-11T03:33:05+00:00
14211,0.93,99.99,25254.0,2025-08-11T03:33:05+00:00
15166,0.96,99.99,26523.0,2025-08-11T03:33:10+00:00
15539,1.0,99.99,26931.0,2025-08-11T03:33:12+00:00
15751,1.0,99.99,27187.0,2025-08-11T03:33:13+00:00
14338,0.665,3.76,25426.0,2025-08-11T03:33:18+00:00
15225,0.995,99.99,26585.0,2025-08-11T03:33:23+00:00
15451,0.995,99.99,26833.0,2025-08-11T03:33:24+00:00
15736,1.0,99.99,27163.0,2025-08-11T03:33:25+00:00
16110,0.31,1.0,27524.0,2025-08-11T03:33:27+00:00
16415,0.975,23.36,27784.0,2025-08-11T03:33:29+00:00
16780,0.945,99.99,28143.0,2025-08-11T03:33:31+00:00
16851,0.24,1.0,28233.0,2025-08-11T03:33:31+00:00
16863,0.86,730.86,28242.0,2025-08-11T03:33:31+00:00
17366,0.99,99.99,28658.0,2025-08-11T03:33:34+00:00
17407,0.97,99.99,28692.0,2025-08-11T03:33:34+00:00
26802,0.9,19.02,34256.0,2025-08-11T03:33:40+00:00
29687,0.645,0.76,35585.0,2025-08-11T04:07:57+00:00
17317,0.985,99.99,28625.0,2025-08-11T04:08:00+00:00
17453,0.945,99.99,28726.0,2025-08-11T04:08:01+00:00
18466,0.78,0.68,29526.0,2025-08-11T04:08:06+00:00
18809,0.87,30.3,29785.0,2025-08-11T04:08:21+00:00
30100,0.98,60.6,35771.0,2025-08-11T04:08:37+00:00
30384,0.97,1.0,35899.0,2025-08-11T04:08:39+00:00
30398,0.95,9.13,35906.0,2025-08-11T04:08:39+00:00
30473,0.975,14.46,35942.0,2025-08-11T04:08:39+00:00
30496,0.975,111.7,35953.0,2025-08-11T04:08:39+00:00
31002,0.99,111.7,36170.0,2025-08-11T04:08:42+00:00
23308,0.97,0.0,32686.0,2025-08-11T04:34:09+00:00
23422,0.865,717.15,32745.0,2025-08-11T04:34:10+00:00
33276,0.795,12.31,37167.0,2025-08-11T04:34:33+00:00
29687,0.645,0.76,35585.0,2025-08-11T05:21:01+00:00
30384,0.97,1.0,35899.0,2025-08-11T05:21:05+00:00
30442,0.995,4.56,35926.0,2025-08-11T05:21:05+00:00
30473,0.975,14.46,35942.0,2025-08-11T05:21:06+00:00
30100,0.98,60.6,35771.0,2025-08-11T05:21:16+00:00
30314,0.98,7.61,35866.0,2025-08-11T05:21:17+00:00
30398,0.95,9.13,35906.0,2025-08-11T05:21:17+00:00
31002,0.99,111.7,36170.0,2025-08-11T05:21:20+00:00
33276,0.795,12.31,37167.0,2025-08-11T05:22:05+00:00
6870,1.0,1.0,8757.0,2025-08-11T05:22:22+00:00
6899,1.0,1.0,8878.0,2025-08-11T05:22:22+00:00
6903,1.0,1.0,8886.0,2025-08-11T05:22:22+00:00
6971,0.82,1809.68,9064.0,2025-08-11T05:22:23+00:00
8312,0.95,1.0,11092.0,2025-08-11T05:22:28+00:00
8615,0.975,1.0,11629.0,2025-08-11T05:22:30+00:00
8845,0.985,30.39,12095.0,2025-08-11T05:22:31+00:00
9035,1.0,1.0,12597.0,2025-08-11T05:22:32+00:00
9252,0.955,1.0,13323.0,2025-08-11T05:22:33+00:00
9487,0.99,1.0,14073.0,2025-08-11T05:22:34+00:00
9509,0.995,1.0,14152.0,2025-08-11T05:22:34+00:00
39183,0.675,776.83,39729.0,2025-08-11T05:23:06+00:00
10484,0.605,3.79,17187.0,2025-08-11T05:23:13+00:00
10630,0.99,766.36,17838.0,2025-08-11T05:23:14+00:00
10891,0.945,188.78,18675.0,2025-08-11T05:23:15+00:00
11841,0.995,1.0,20332.0,2025-08-11T05:23:20+00:00
11880,0.995,1.0,20451.0,2025-08-11T05:23:20+00:00
12070,0.995,1.0,20931.0,2025-08-11T05:23:21+00:00
12369,0.96,1.0,21662.0,2025-08-11T05:23:22+00:00
41943,0.84,0.76,40892.0,2025-08-11T05:23:43+00:00
42007,0.985,0.76,40918.0,2025-08-11T05:23:43+00:00
40525,0.855,1.0,40276.0,2025-08-11T05:23:46+00:00
41395,0.905,1.0,40662.0,2025-08-11T05:23:51+00:00
42009,0.99,112.33,40919.0,2025-08-11T05:23:54+00:00
623,0.6,529.0,472.0,2025-08-11T05:23:58+00:00
14338,0.665,3.76,25426.0,2025-08-11T05:24:06+00:00
14920,0.275,1.0,26217.0,2025-08-11T05:24:08+00:00
15476,1.0,99.99,26863.0,2025-08-11T05:24:11+00:00
15506,1.0,99.99,26899.0,2025-08-11T05:24:11+00:00
15566,1.0,99.99,26961.0,2025-08-11T05:24:11+00:00
15751,1.0,99.99,27187.0,2025-08-11T05:24:12+00:00
15781,0.99,99.99,27219.0,2025-08-11T05:24:13+00:00
16851,0.24,1.0,28233.0,2025-08-11T05:24:18+00:00
541,0.8,0.0,406.0,2025-08-11T05:24:21+00:00
16863,0.86,730.86,28242.0,2025-08-11T05:24:51+00:00
17407,0.97,99.99,28692.0,2025-08-11T05:24:54+00:00
17453,0.945,99.99,28726.0,2025-08-11T05:24:54+00:00
18466,0.78,0.68,29526.0,2025-08-11T05:24:58+00:00
18773,0.97,0.68,29753.0,2025-08-11T05:25:00+00:00
6331,0.965,1.0,7526.0,2025-08-11T05:25:21+00:00
6338,0.98,1.0,7551.0,2025-08-11T05:25:21+00:00
6427,0.99,1.0,7610.0,2025-08-11T05:25:21+00:00
6529,0.99,1.0,7891.0,2025-08-11T05:25:22+00:00
6609,0.965,1.0,8090.0,2025-08-11T05:25:22+00:00
6641,0.945,1.0,8169.0,2025-08-11T05:25:22+00:00
6719,0.97,1.0,8415.0,2025-08-11T05:25:23+00:00
6903,1.0,1.0,8886.0,2025-08-11T05:25:24+00:00
6329,0.77,1.0,7519.0,2025-08-11T05:25:31+00:00
6334,0.97,1.0,7535.0,2025-08-11T05:25:31+00:00
6446,0.98,1.0,7672.0,2025-08-11T05:25:32+00:00
6472,0.945,1.0,7740.0,2025-08-11T05:25:32+00:00
6717,0.975,1.0,8408.0,2025-08-11T05:25:33+00:00
6971,0.82,1809.68,9064.0,2025-08-11T05:25:34+00:00
8296,0.925,1.0,11080.0,2025-08-11T05:26:04+00:00
8335,0.94,1.0,11131.0,2025-08-11T05:26:04+00:00
8615,0.975,1.0,11629.0,2025-08-11T05:26:05+00:00
8842,0.995,0.0,12093.0,2025-08-11T05:26:06+00:00
8845,0.985,30.39,12095.0,2025-08-11T05:26:06+00:00
8972,0.78,179.66,12393.0,2025-08-11T05:26:07+00:00
9179,0.985,1.0,13126.0,2025-08-11T05:26:08+00:00
9509,0.995,1.0,14152.0,2025-08-11T05:26:09+00:00
10204,0.8,11.39,15817.0,2025-08-11T05:26:13+00:00
10497,0.645,3.79,17220.0,2025-08-11T05:26:14+00:00
10498,0.645,3.93,17230.0,2025-08-11T05:26:14+00:00
9252,0.955,1.0,13323.0,2025-08-11T05:26:18+00:00
9487,0.99,1.0,14073.0,2025-08-11T05:26:19+00:00
10568,0.965,1.0,17520.0,2025-08-11T05:26:24+00:00
10897,1.0,1.0,18690.0,2025-08-11T05:26:25+00:00
26802,0.9,19.02,34256.0,2025-08-11T05:26:46+00:00
28976,0.275,2.69,35261.0,2025-08-11T05:26:56+00:00
29687,0.645,0.76,35585.0,2025-08-11T05:26:59+00:00
30100,0.98,60.6,35771.0,2025-08-11T05:27:01+00:00
30442,0.995,4.56,35926.0,2025-08-11T05:27:03+00:00
31002,0.99,111.7,36170.0,2025-08-11T05:27:05+00:00
10630,0.99,766.36,17838.0,2025-08-11T05:27:06+00:00
10690,0.88,1218.89,18088.0,2025-08-11T05:27:06+00:00
11343,0.995,1.0,19762.0,2025-08-11T05:27:09+00:00
11710,1.0,1.0,20011.0,2025-08-11T05:27:11+00:00
11841,0.995,1.0,20332.0,2025-08-11T05:27:12+00:00
11880,0.995,1.0,20451.0,2025-08-11T05:27:12+00:00
12108,0.995,1.0,21046.0,2025-08-11T05:27:13+00:00
12369,0.96,1.0,21662.0,2025-08-11T05:27:24+00:00
14104,0.77,3.12,25095.0,2025-08-11T05:27:32+00:00
14197,0.885,99.99,25231.0,2025-08-11T05:27:32+00:00
15204,0.965,99.99,26556.0,2025-08-11T05:27:37+00:00
15225,0.995,99.99,26585.0,2025-08-11T05:27:37+00:00
15566,1.0,99.99,26961.0,2025-08-11T05:27:38+00:00
33276,0.795,12.31,37167.0,2025-08-11T05:27:48+00:00
14211,0.93,99.99,25254.0,2025-08-11T05:27:56+00:00
15506,1.0,99.99,26899.0,2025-08-11T05:28:02+00:00
15736,1.0,99.99,27163.0,2025-08-11T05:28:03+00:00
15810,0.955,99.99,27252.0,2025-08-11T05:28:04+00:00
17366,0.99,99.99,28658.0,2025-08-11T05:28:11+00:00
17407,0.97,99.99,28692.0,2025-08-11T05:28:11+00:00
15781,0.99,99.99,27219.0,2025-08-11T05:28:13+00:00
16780,0.945,99.99,28143.0,2025-08-11T05:28:17+00:00
16851,0.24,1.0,28233.0,2025-08-11T05:28:18+00:00
16863,0.86,730.86,28242.0,2025-08-11T05:28:18+00:00
17317,0.985,99.99,28625.0,2025-08-11T05:28:20+00:00
17453,0.945,99.99,28726.0,2025-08-11T05:28:20+00:00
17480,0.84,99.99,28755.0,2025-08-11T05:28:21+00:00
18809,0.87,30.3,29785.0,2025-08-11T05:28:52+00:00
20198,0.75,104.81,30852.0,2025-08-11T05:29:09+00:00
41569,0.875,1.0,40742.0,2025-08-11T05:29:36+00:00
23308,0.97,0.0,32686.0,2025-08-11T05:29:47+00:00
23422,0.865,717.15,32745.0,2025-08-11T05:29:58+00:00
42009,0.99,112.33,40919.0,2025-08-11T05:30:12+00:00
42609,0.995,83.38,41170.0,2025-08-11T05:30:14+00:00
42635,1.0,11.38,41181.0,2025-08-11T05:30:15+00:00
42674,0.99,1.52,41194.0,2025-08-11T05:30:15+00:00
42741,0.955,459.07,41227.0,2025-08-11T05:30:15+00:00
42756,0.99,0.0,41233.0,2025-08-11T05:30:15+00:00
42784,0.99,45.49,41243.0,2025-08-11T05:30:15+00:00
42856,0.965,173.07,41273.0,2025-08-11T05:30:16+00:00
42887,0.995,37.32,41285.0,2025-08-11T05:30:16+00:00
42936,0.995,59.68,41305.0,2025-08-11T05:30:16+00:00
42945,1.0,0.76,41308.0,2025-08-11T05:30:16+00:00
42958,0.955,9.99,41313.0,2025-08-11T05:30:16+00:00
43160,0.995,273.01,41397.0,2025-08-11T05:30:17+00:00
43204,0.99,106.55,41413.0,2025-08-11T05:30:17+00:00
43624,0.85,39.45,41582.0,2025-08-11T05:30:19+00:00
43773,0.98,172.32,41646.0,2025-08-11T05:30:20+00:00
44091,0.775,99.99,41791.0,2025-08-11T05:30:21+00:00
27627,0.985,18.96,34634.0,2025-08-11T05:30:40+00:00
27749,0.97,19.02,34687.0,2025-08-11T05:30:41+00:00
27362,0.675,1.52,34521.0,2025-08-11T05:30:49+00:00
27738,0.955,125.3,34684.0,2025-08-11T05:30:51+00:00
28976,0.275,2.69,35261.0,2025-08-11T05:31:20+00:00
30442,0.995,4.56,35926.0,2025-08-11T05:31:27+00:00
30314,0.98,7.61,35866.0,2025-08-11T05:31:37+00:00
52466,0.965,1.0,45463.0,2025-08-11T05:32:08+00:00
53591,0.96,1.0,46057.0,2025-08-11T05:32:14+00:00
58422,0.64,208.58,48380.0,2025-08-11T05:33:10+00:00
623,0.6,529.0,472.0,2025-08-11T05:33:28+00:00
541,0.8,0.0,406.0,2025-08-11T05:33:39+00:00
59539,0.915,19.73,48884.0,2025-08-11T05:33:49+00:00
61787,0.925,360.0,49985.0,2025-08-11T05:34:00+00:00
61966,0.265,1.0,50067.0,2025-08-11T05:34:01+00:00
63421,0.94,99.99,50706.0,2025-08-11T05:34:43+00:00
64460,0.975,99.99,51155.0,2025-08-11T05:34:48+00:00
541,0.8,0.0,406.0,2025-08-11T05:34:51+00:00
4920,0.72,239.93,4462.0,2025-08-11T05:34:59+00:00
